fips,county_name,state_alpha,year,ndvi_mean,ndvi_max,evi_mean,evi_max,ndvi_anomaly_pct,peak_ndvi_doy
06001,Alameda County,CA,2000,0.4334,0.5975,0.2318,0.3674,0.45,140
06001,Alameda County,CA,2001,0.4244,0.6108,0.2305,0.3775,-1.63,115
06001,Alameda County,CA,2002,0.4389,0.6315,0.2461,0.4194,1.73,126
06001,Alameda County,CA,2003,0.4539,0.6409,0.2534,0.4172,5.2,99
06001,Alameda County,CA,2004,0.4451,0.6213,0.2482,0.4017,3.16,136
06001,Alameda County,CA,2005,0.4469,0.6646,0.255,0.4372,3.58,98
06001,Alameda County,CA,2006,0.4304,0.6267,0.2355,0.3983,-0.24,127
06001,Alameda County,CA,2007,0.4224,0.5894,0.2243,0.357,-2.1,114
06001,Alameda County,CA,2008,0.4208,0.5997,0.2334,0.3736,-2.47,114
06001,Alameda County,CA,2009,0.4373,0.6072,0.24,0.3742,1.36,138
06001,Alameda County,CA,2010,0.4537,0.6521,0.2632,0.4289,5.16,111
06001,Alameda County,CA,2011,0.4417,0.6231,0.2411,0.3922,2.38,126
06001,Alameda County,CA,2012,0.4083,0.5807,0.2142,0.3422,-5.37,166
06001,Alameda County,CA,2013,0.4175,0.6034,0.2285,0.3862,-3.23,95
06001,Alameda County,CA,2014,0.3917,0.5751,0.2064,0.3536,-9.21,183
06001,Alameda County,CA,2015,0.4373,0.638,0.2377,0.4064,1.36,108
06001,Alameda County,CA,2016,0.4617,0.6638,0.2594,0.4234,7.01,127
06001,Alameda County,CA,2017,0.438,0.6433,0.2484,0.4261,1.52,103
06001,Alameda County,CA,2018,0.4223,0.6164,0.227,0.384,-2.12,113
06001,Alameda County,CA,2019,0.4432,0.6491,0.2446,0.4132,2.72,120
06001,Alameda County,CA,2020,0.4135,0.6165,0.226,0.3843,-4.16,93
06001,Alameda County,CA,2021,0.4132,0.6136,0.2216,0.3743,-4.23,182
06001,Alameda County,CA,2022,0.4217,0.6279,0.2325,0.4076,-2.26,68
06001,Alameda County,CA,2023,0.4296,0.61,0.2324,0.3799,-0.43,125
06001,Alameda County,CA,2024,0.4259,0.6453,0.2317,0.4025,-1.29,116
06001,Alameda County,CA,2025,0.4449,0.6398,0.2333,0.3894,3.12,182
06005,Amador County,CA,2000,0.5525,0.7129,0.2878,0.4186,2.32,171
06005,Amador County,CA,2001,0.5356,0.713,0.294,0.4405,-0.81,154
06005,Amador County,CA,2002,0.5385,0.7247,0.2924,0.4513,-0.27,146
06005,Amador County,CA,2003,0.5447,0.7298,0.295,0.4615,0.87,136
06005,Amador County,CA,2004,0.536,0.7105,0.2871,0.4316,-0.74,152
06005,Amador County,CA,2005,0.545,0.7465,0.2905,0.4539,0.93,148
06005,Amador County,CA,2006,0.5211,0.7123,0.2761,0.4245,-3.5,174
06005,Amador County,CA,2007,0.5347,0.7126,0.2832,0.4216,-0.98,157
06005,Amador County,CA,2008,0.5116,0.668,0.2697,0.3846,-5.26,186
06005,Amador County,CA,2009,0.5338,0.7096,0.2834,0.4223,-1.15,150
06005,Amador County,CA,2010,0.5406,0.7151,0.2921,0.4412,0.11,182
06005,Amador County,CA,2011,0.5523,0.7217,0.2925,0.4323,2.28,168
06005,Amador County,CA,2012,0.5405,0.7033,0.2903,0.4218,0.1,175
06005,Amador County,CA,2013,0.5346,0.7147,0.2773,0.4189,-1.0,138
06005,Amador County,CA,2014,0.5331,0.7133,0.2792,0.4294,-1.27,170
06005,Amador County,CA,2015,0.5614,0.7168,0.2926,0.4349,3.97,161
06005,Amador County,CA,2016,0.555,0.73,0.2959,0.4551,2.78,166
06005,Amador County,CA,2017,0.5427,0.7385,0.2911,0.4489,0.5,141
06005,Amador County,CA,2018,0.5425,0.7207,0.2935,0.4451,0.47,151
06005,Amador County,CA,2019,0.5362,0.7309,0.286,0.4375,-0.7,168
06005,Amador County,CA,2020,0.5364,0.7168,0.2879,0.4386,-0.66,147
06005,Amador County,CA,2021,0.5399,0.7059,0.2988,0.425,-0.02,194
06005,Amador County,CA,2022,0.5363,0.7086,0.2795,0.419,-0.68,120
06005,Amador County,CA,2023,0.5333,0.7037,0.2783,0.4148,-1.24,176
06005,Amador County,CA,2024,0.5404,0.7362,0.2858,0.4509,0.08,121
06005,Amador County,CA,2025,0.5609,0.7428,0.2882,0.44,3.87,217
06007,Butte County,CA,2000,0.5888,0.7594,0.3112,0.4711,4.46,174
06007,Butte County,CA,2001,0.5674,0.7503,0.3073,0.4801,0.67,156
06007,Butte County,CA,2002,0.5739,0.76,0.3072,0.4858,1.82,147
06007,Butte County,CA,2003,0.5826,0.7681,0.3083,0.4849,3.36,151
06007,Butte County,CA,2004,0.5815,0.7617,0.3085,0.4802,3.17,159
06007,Butte County,CA,2005,0.591,0.7855,0.3108,0.4958,4.85,172
06007,Butte County,CA,2006,0.5756,0.761,0.3003,0.4742,2.12,160
06007,Butte County,CA,2007,0.5871,0.763,0.3059,0.4766,4.16,163
06007,Butte County,CA,2008,0.5569,0.7376,0.2961,0.4649,-1.2,178
06007,Butte County,CA,2009,0.5688,0.7435,0.2994,0.4626,0.91,163
06007,Butte County,CA,2010,0.5726,0.7588,0.3062,0.4774,1.59,185
06007,Butte County,CA,2011,0.584,0.7694,0.3057,0.4782,3.61,184
06007,Butte County,CA,2012,0.5769,0.7506,0.3047,0.4678,2.35,176
06007,Butte County,CA,2013,0.572,0.7619,0.3036,0.4801,1.48,157
06007,Butte County,CA,2014,0.5657,0.7524,0.2952,0.4757,0.36,199
06007,Butte County,CA,2015,0.5838,0.7629,0.3027,0.4825,3.58,163
06007,Butte County,CA,2016,0.5897,0.7781,0.3104,0.4859,4.62,173
06007,Butte County,CA,2017,0.5788,0.766,0.3071,0.4846,2.69,165
06007,Butte County,CA,2018,0.5729,0.7607,0.2978,0.4758,1.64,147
06007,Butte County,CA,2019,0.5468,0.7481,0.2853,0.4693,-2.99,176
06007,Butte County,CA,2020,0.5398,0.7515,0.28,0.4684,-4.23,153
06007,Butte County,CA,2021,0.5014,0.694,0.2605,0.4259,-11.04,203
06007,Butte County,CA,2022,0.5168,0.7036,0.2678,0.4371,-8.31,138
06007,Butte County,CA,2023,0.5205,0.7192,0.2691,0.4454,-7.65,176
06007,Butte County,CA,2024,0.5241,0.728,0.2694,0.4582,-7.02,140
06007,Butte County,CA,2025,0.5354,0.7397,0.2722,0.4592,-5.01,200
06011,Colusa County,CA,2000,0.4676,0.7214,0.2616,0.4963,3.33,166
06011,Colusa County,CA,2001,0.4434,0.7133,0.2459,0.4789,-2.01,149
06011,Colusa County,CA,2002,0.4549,0.7265,0.2535,0.4946,0.53,137
06011,Colusa County,CA,2003,0.4721,0.7446,0.2609,0.5073,4.33,135
06011,Colusa County,CA,2004,0.4735,0.735,0.26,0.4907,4.64,149
06011,Colusa County,CA,2005,0.4731,0.7533,0.2586,0.507,4.55,149
06011,Colusa County,CA,2006,0.4567,0.7206,0.2481,0.4735,0.93,156
06011,Colusa County,CA,2007,0.447,0.7063,0.2432,0.4605,-1.22,140
06011,Colusa County,CA,2008,0.4501,0.6988,0.2553,0.4819,-0.53,152
06011,Colusa County,CA,2009,0.4596,0.7042,0.2552,0.4692,1.57,139
06011,Colusa County,CA,2010,0.4872,0.7423,0.2722,0.5004,7.67,150
06011,Colusa County,CA,2011,0.4765,0.7363,0.2613,0.4933,5.3,150
06011,Colusa County,CA,2012,0.4488,0.7207,0.2497,0.4792,-0.82,144
06011,Colusa County,CA,2013,0.4346,0.701,0.2437,0.4675,-3.96,137
06011,Colusa County,CA,2014,0.4142,0.6822,0.2332,0.4623,-8.47,170
06011,Colusa County,CA,2015,0.4449,0.7082,0.2475,0.4771,-1.68,139
06011,Colusa County,CA,2016,0.4763,0.7459,0.2626,0.4986,5.26,155
06011,Colusa County,CA,2017,0.4558,0.7319,0.2568,0.4952,0.73,141
06011,Colusa County,CA,2018,0.4285,0.706,0.2338,0.4672,-5.31,137
06011,Colusa County,CA,2019,0.4459,0.7209,0.2482,0.489,-1.46,152
06011,Colusa County,CA,2020,0.4285,0.6878,0.2371,0.4514,-5.31,127
06011,Colusa County,CA,2021,0.4161,0.6931,0.2285,0.4508,-8.05,250
06011,Colusa County,CA,2022,0.4236,0.6454,0.2349,0.4225,-6.39,94
06011,Colusa County,CA,2023,0.4535,0.7071,0.2497,0.4685,0.22,165
06011,Colusa County,CA,2024,0.4575,0.7377,0.2529,0.4862,1.1,148
06011,Colusa County,CA,2025,0.4754,0.7442,0.2596,0.4912,5.06,179
06013,Contra Costa County,CA,2000,0.4537,0.6401,0.2546,0.4147,0.64,132
06013,Contra Costa County,CA,2001,0.4409,0.6452,0.2488,0.4199,-2.2,101
06013,Contra Costa County,CA,2002,0.4612,0.6769,0.2675,0.4706,2.3,128
06013,Contra Costa County,CA,2003,0.4669,0.6829,0.2693,0.4685,3.57,101
06013,Contra Costa County,CA,2004,0.4679,0.6654,0.2679,0.4486,3.79,148
06013,Contra Costa County,CA,2005,0.4632,0.7031,0.2738,0.4815,2.75,93
06013,Contra Costa County,CA,2006,0.4511,0.6637,0.2545,0.4435,0.06,127
06013,Contra Costa County,CA,2007,0.4341,0.6159,0.2385,0.3892,-3.71,118
06013,Contra Costa County,CA,2008,0.4372,0.6363,0.2506,0.4194,-3.02,116
06013,Contra Costa County,CA,2009,0.4544,0.6383,0.2563,0.4066,0.8,154
06013,Contra Costa County,CA,2010,0.4737,0.6815,0.2854,0.4738,5.08,110
06013,Contra Costa County,CA,2011,0.4594,0.6654,0.26,0.4428,1.9,127
06013,Contra Costa County,CA,2012,0.4366,0.635,0.24,0.4036,-3.15,168
06013,Contra Costa County,CA,2013,0.4401,0.6477,0.2489,0.4308,-2.38,98
06013,Contra Costa County,CA,2014,0.4215,0.6278,0.2314,0.4119,-6.5,145
06013,Contra Costa County,CA,2015,0.4524,0.6716,0.2536,0.4441,0.35,109
06013,Contra Costa County,CA,2016,0.4819,0.6952,0.2761,0.4646,6.9,122
06013,Contra Costa County,CA,2017,0.4588,0.6764,0.2664,0.4661,1.77,104
06013,Contra Costa County,CA,2018,0.4414,0.6552,0.2497,0.4344,-2.09,114
06013,Contra Costa County,CA,2019,0.4631,0.6827,0.2632,0.4573,2.72,120
06013,Contra Costa County,CA,2020,0.4295,0.649,0.2378,0.4158,-4.73,91
06013,Contra Costa County,CA,2021,0.432,0.66,0.2387,0.423,-4.17,229
06013,Contra Costa County,CA,2022,0.4469,0.6773,0.2551,0.4634,-0.87,73
06013,Contra Costa County,CA,2023,0.4463,0.6403,0.2456,0.4184,-1.0,132
06013,Contra Costa County,CA,2024,0.4466,0.6826,0.2516,0.4453,-0.94,115
06013,Contra Costa County,CA,2025,0.4604,0.6777,0.253,0.4403,2.13,172
06019,Fresno County,CA,2000,0.389,0.618,0.2288,0.4211,3.85,184
06019,Fresno County,CA,2001,0.3775,0.6111,0.2222,0.417,0.78,167
06019,Fresno County,CA,2002,0.3775,0.6129,0.2211,0.4181,0.78,170
06019,Fresno County,CA,2003,0.3839,0.6333,0.2298,0.4419,2.49,151
06019,Fresno County,CA,2004,0.384,0.614,0.2271,0.424,2.52,183
06019,Fresno County,CA,2005,0.3964,0.6587,0.235,0.4579,5.83,164
06019,Fresno County,CA,2006,0.3834,0.6314,0.2248,0.433,2.36,172
06019,Fresno County,CA,2007,0.3636,0.559,0.2097,0.3744,-2.93,177
06019,Fresno County,CA,2008,0.3691,0.5949,0.2172,0.4044,-1.46,179
06019,Fresno County,CA,2009,0.3731,0.5862,0.2171,0.3908,-0.39,166
06019,Fresno County,CA,2010,0.3888,0.6373,0.2335,0.4415,3.8,172
06019,Fresno County,CA,2011,0.3922,0.6281,0.2294,0.4254,4.71,175
06019,Fresno County,CA,2012,0.3759,0.5743,0.218,0.3856,0.35,183
06019,Fresno County,CA,2013,0.3734,0.5796,0.2153,0.3854,-0.31,148
06019,Fresno County,CA,2014,0.3597,0.5555,0.2045,0.3618,-3.97,196
06019,Fresno County,CA,2015,0.3826,0.6011,0.2174,0.3965,2.14,140
06019,Fresno County,CA,2016,0.3677,0.5977,0.2128,0.3996,-1.83,158
06019,Fresno County,CA,2017,0.3684,0.6171,0.2132,0.4129,-1.65,159
06019,Fresno County,CA,2018,0.3644,0.5672,0.2078,0.3697,-2.72,172
06019,Fresno County,CA,2019,0.3714,0.6146,0.2168,0.4103,-0.85,159
06019,Fresno County,CA,2020,0.3667,0.5905,0.2116,0.3903,-2.1,145
06019,Fresno County,CA,2021,0.3509,0.5463,0.2031,0.3512,-6.32,177
06019,Fresno County,CA,2022,0.3468,0.546,0.2008,0.3518,-7.41,142
06019,Fresno County,CA,2023,0.3677,0.6145,0.2163,0.4164,-1.83,165
06019,Fresno County,CA,2024,0.383,0.6286,0.2223,0.4219,2.25,146
06019,Fresno County,CA,2025,0.3818,0.6218,0.2107,0.3862,1.93,237
06021,Glenn County,CA,2000,0.5067,0.7302,0.2833,0.4763,4.32,152
06021,Glenn County,CA,2001,0.4773,0.709,0.2647,0.4596,-1.73,143
06021,Glenn County,CA,2002,0.4959,0.7306,0.278,0.4885,2.1,124
06021,Glenn County,CA,2003,0.517,0.7477,0.2854,0.5006,6.44,134
06021,Glenn County,CA,2004,0.5127,0.7325,0.2814,0.4766,5.56,154
06021,Glenn County,CA,2005,0.5105,0.7588,0.2846,0.5042,5.11,147
06021,Glenn County,CA,2006,0.4914,0.7198,0.2684,0.4622,1.17,155
06021,Glenn County,CA,2007,0.4796,0.7077,0.2598,0.4492,-1.26,136
06021,Glenn County,CA,2008,0.4747,0.687,0.2664,0.4545,-2.27,161
06021,Glenn County,CA,2009,0.4961,0.7023,0.2723,0.4524,2.14,133
06021,Glenn County,CA,2010,0.5205,0.7438,0.2923,0.4902,7.16,151
06021,Glenn County,CA,2011,0.5154,0.7389,0.2835,0.4854,6.11,145
06021,Glenn County,CA,2012,0.4912,0.7231,0.2704,0.4571,1.13,155
06021,Glenn County,CA,2013,0.4788,0.7051,0.2618,0.4501,-1.42,128
06021,Glenn County,CA,2014,0.4642,0.7024,0.2538,0.4611,-4.43,172
06021,Glenn County,CA,2015,0.492,0.7271,0.2637,0.4689,1.3,133
06021,Glenn County,CA,2016,0.5217,0.7548,0.2865,0.4952,7.41,161
06021,Glenn County,CA,2017,0.5004,0.7487,0.281,0.4874,3.03,140
06021,Glenn County,CA,2018,0.4709,0.6992,0.2477,0.4292,-3.05,137
06021,Glenn County,CA,2019,0.4986,0.7416,0.2732,0.4837,2.66,140
06021,Glenn County,CA,2020,0.4513,0.6993,0.2409,0.4426,-7.08,103
06021,Glenn County,CA,2021,0.4123,0.681,0.2243,0.4301,-15.11,267
06021,Glenn County,CA,2022,0.44,0.6671,0.2457,0.4336,-9.41,99
06021,Glenn County,CA,2023,0.4597,0.6899,0.2501,0.4377,-5.35,145
06021,Glenn County,CA,2024,0.4671,0.7253,0.2573,0.458,-3.83,153
06021,Glenn County,CA,2025,0.4823,0.7214,0.2604,0.4566,-0.7,179
06023,Humboldt County,CA,2000,0.7602,0.8516,0.4066,0.5505,-0.31,232
06023,Humboldt County,CA,2001,0.7458,0.8532,0.3901,0.5382,-2.2,158
06023,Humboldt County,CA,2002,0.7489,0.854,0.3874,0.5373,-1.79,148
06023,Humboldt County,CA,2003,0.7312,0.8607,0.387,0.5521,-4.11,122
06023,Humboldt County,CA,2004,0.7639,0.8555,0.3914,0.5403,0.17,204
06023,Humboldt County,CA,2005,0.7534,0.8592,0.4013,0.5573,-1.2,192
06023,Humboldt County,CA,2006,0.7439,0.8537,0.4,0.5548,-2.45,206
06023,Humboldt County,CA,2007,0.7723,0.859,0.4004,0.5474,1.28,227
06023,Humboldt County,CA,2008,0.7463,0.853,0.3993,0.5495,-2.13,185
06023,Humboldt County,CA,2009,0.7647,0.8518,0.3992,0.535,0.28,173
06023,Humboldt County,CA,2010,0.7501,0.8645,0.3991,0.5432,-1.64,191
06023,Humboldt County,CA,2011,0.7637,0.8723,0.4105,0.5681,0.15,193
06023,Humboldt County,CA,2012,0.7707,0.872,0.4115,0.5564,1.07,216
06023,Humboldt County,CA,2013,0.789,0.8759,0.4038,0.5457,3.47,217
06023,Humboldt County,CA,2014,0.7668,0.8704,0.3946,0.5536,0.55,219
06023,Humboldt County,CA,2015,0.78,0.8779,0.3931,0.5503,2.29,223
06023,Humboldt County,CA,2016,0.7704,0.8735,0.4061,0.5566,1.03,228
06023,Humboldt County,CA,2017,0.7663,0.8771,0.4114,0.5657,0.49,189
06023,Humboldt County,CA,2018,0.7635,0.8735,0.393,0.5356,0.12,211
06023,Humboldt County,CA,2019,0.7668,0.8717,0.3927,0.5487,0.55,187
06023,Humboldt County,CA,2020,0.7762,0.8788,0.4042,0.5594,1.79,184
06023,Humboldt County,CA,2021,0.7562,0.8686,0.3893,0.5435,-0.84,197
06023,Humboldt County,CA,2022,0.7765,0.8758,0.3838,0.5204,1.83,150
06023,Humboldt County,CA,2023,0.7578,0.8869,0.3971,0.5502,-0.63,254
06023,Humboldt County,CA,2024,0.7647,0.8815,0.3998,0.5706,0.28,205
06023,Humboldt County,CA,2025,0.7775,0.8865,0.3998,0.576,1.96,262
06025,Imperial County,CA,2000,0.1521,0.2262,0.1189,0.1931,-3.51,233
06025,Imperial County,CA,2001,0.1612,0.2434,0.1228,0.2025,2.27,121
06025,Imperial County,CA,2002,0.1639,0.2545,0.1238,0.2048,3.98,189
06025,Imperial County,CA,2003,0.1658,0.2656,0.1235,0.2109,5.19,142
06025,Imperial County,CA,2004,0.1599,0.2691,0.1196,0.2078,1.44,285
06025,Imperial County,CA,2005,0.1866,0.3147,0.1355,0.2349,18.38,74
06025,Imperial County,CA,2006,0.1545,0.2274,0.1218,0.1979,-1.98,98
06025,Imperial County,CA,2007,0.1518,0.2309,0.1177,0.1946,-3.7,163
06025,Imperial County,CA,2008,0.1577,0.241,0.1217,0.2045,0.05,123
06025,Imperial County,CA,2009,0.152,0.2341,0.1193,0.2007,-3.57,107
06025,Imperial County,CA,2010,0.1658,0.2533,0.1276,0.2148,5.19,123
06025,Imperial County,CA,2011,0.1579,0.2351,0.1227,0.2013,0.17,123
06025,Imperial County,CA,2012,0.1602,0.2387,0.1238,0.2038,1.63,215
06025,Imperial County,CA,2013,0.1563,0.2321,0.1195,0.1966,-0.84,167
06025,Imperial County,CA,2014,0.1501,0.2237,0.117,0.1914,-4.78,161
06025,Imperial County,CA,2015,0.1455,0.2224,0.1141,0.1904,-7.69,142
06025,Imperial County,CA,2016,0.1454,0.2261,0.1111,0.1857,-7.76,114
06025,Imperial County,CA,2017,0.1582,0.2574,0.1191,0.2065,0.36,90
06025,Imperial County,CA,2018,0.1466,0.2259,0.1149,0.1906,-7.0,204
06025,Imperial County,CA,2019,0.1581,0.2501,0.1209,0.2046,0.3,96
06025,Imperial County,CA,2020,0.1609,0.2482,0.1244,0.2069,2.08,112
06025,Imperial County,CA,2021,0.1564,0.2329,0.1204,0.1951,-0.78,107
06025,Imperial County,CA,2022,0.1474,0.2313,0.1149,0.1942,-6.49,196
06025,Imperial County,CA,2023,0.1546,0.2346,0.1202,0.1981,-1.92,171
06025,Imperial County,CA,2024,0.1655,0.2648,0.1198,0.2047,4.99,89
06025,Imperial County,CA,2025,0.1639,0.2721,0.1195,0.205,3.98,180
06029,Kern County,CA,2000,0.3029,0.4697,0.1901,0.3266,-3.63,124
06029,Kern County,CA,2001,0.308,0.4964,0.1924,0.3498,-2.0,142
06029,Kern County,CA,2002,0.302,0.4671,0.1869,0.323,-3.91,98
06029,Kern County,CA,2003,0.333,0.5339,0.2099,0.3827,5.95,101
06029,Kern County,CA,2004,0.3156,0.4997,0.1972,0.3481,0.41,154
06029,Kern County,CA,2005,0.3578,0.5772,0.2235,0.4096,13.84,107
06029,Kern County,CA,2006,0.3256,0.5099,0.2002,0.346,3.6,92
06029,Kern County,CA,2007,0.2828,0.407,0.1734,0.2762,-10.02,113
06029,Kern County,CA,2008,0.2992,0.4577,0.1881,0.3178,-4.8,128
06029,Kern County,CA,2009,0.3196,0.5082,0.2008,0.3525,1.69,93
06029,Kern County,CA,2010,0.3445,0.5376,0.2188,0.3894,9.61,173
06029,Kern County,CA,2011,0.3494,0.5365,0.2186,0.3737,11.17,98
06029,Kern County,CA,2012,0.2933,0.4198,0.1817,0.2831,-6.68,117
06029,Kern County,CA,2013,0.2859,0.4247,0.1773,0.2887,-9.03,105
06029,Kern County,CA,2014,0.2658,0.3953,0.1668,0.2705,-15.43,164
06029,Kern County,CA,2015,0.3104,0.5056,0.1954,0.3601,-1.24,96
06029,Kern County,CA,2016,0.3052,0.497,0.1921,0.3549,-2.89,90
06029,Kern County,CA,2017,0.3202,0.5191,0.2019,0.3739,1.88,95
06029,Kern County,CA,2018,0.2868,0.4324,0.1783,0.292,-8.75,120
06029,Kern County,CA,2019,0.3308,0.5273,0.2076,0.3716,5.25,108
06029,Kern County,CA,2020,0.327,0.5076,0.2047,0.3476,4.04,94
06029,Kern County,CA,2021,0.2794,0.4082,0.1742,0.2695,-11.1,81
06029,Kern County,CA,2022,0.2983,0.4591,0.1884,0.3148,-5.09,91
06029,Kern County,CA,2023,0.3498,0.5514,0.2201,0.3947,11.3,109
06029,Kern County,CA,2024,0.3482,0.5649,0.2136,0.3848,10.79,91
06029,Kern County,CA,2025,0.3302,0.5572,0.1956,0.3659,5.06,249
06031,Kings County,CA,2000,0.3554,0.6921,0.2429,0.5523,0.73,137
06031,Kings County,CA,2001,0.3601,0.6916,0.2403,0.5598,2.06,140
06031,Kings County,CA,2002,0.3577,0.6674,0.2395,0.5307,1.38,120
06031,Kings County,CA,2003,0.3471,0.6567,0.237,0.5339,-1.62,120
06031,Kings County,CA,2004,0.3736,0.6899,0.2515,0.5567,5.89,137
06031,Kings County,CA,2005,0.3954,0.7609,0.2691,0.6286,12.07,121
06031,Kings County,CA,2006,0.382,0.7137,0.259,0.5808,8.27,137
06031,Kings County,CA,2007,0.3232,0.5697,0.2152,0.4533,-8.4,152
06031,Kings County,CA,2008,0.363,0.682,0.2482,0.5522,2.88,122
06031,Kings County,CA,2009,0.3306,0.6065,0.2244,0.4749,-6.3,112
06031,Kings County,CA,2010,0.3892,0.7279,0.2684,0.6166,10.31,122
06031,Kings County,CA,2011,0.3984,0.7394,0.2684,0.5947,12.92,128
06031,Kings County,CA,2012,0.3394,0.5944,0.2285,0.4756,-3.81,156
06031,Kings County,CA,2013,0.3261,0.599,0.2198,0.4677,-7.58,107
06031,Kings County,CA,2014,0.2936,0.552,0.1995,0.4313,-16.79,188
06031,Kings County,CA,2015,0.3309,0.6386,0.2261,0.5165,-6.22,103
06031,Kings County,CA,2016,0.3394,0.6509,0.2269,0.5163,-3.81,106
06031,Kings County,CA,2017,0.3733,0.7296,0.2521,0.5935,5.8,112
06031,Kings County,CA,2018,0.3349,0.6063,0.2214,0.4656,-5.08,150
06031,Kings County,CA,2019,0.384,0.7234,0.2541,0.5755,8.83,110
06031,Kings County,CA,2020,0.3531,0.6708,0.2328,0.5196,0.08,97
06031,Kings County,CA,2021,0.3076,0.5333,0.2017,0.3994,-12.82,130
06031,Kings County,CA,2022,0.3249,0.5956,0.2113,0.4451,-7.92,99
06031,Kings County,CA,2023,0.3699,0.6762,0.2455,0.5451,4.84,111
06031,Kings County,CA,2024,0.3794,0.7167,0.2473,0.5513,7.53,114
06031,Kings County,CA,2025,0.3414,0.6979,0.2149,0.5294,-3.24,242
06035,Lassen County,CA,2000,0.3328,0.4788,0.1672,0.2509,4.15,188
06035,Lassen County,CA,2001,0.2953,0.4522,0.149,0.2346,-7.58,185
06035,Lassen County,CA,2002,0.3062,0.4697,0.1554,0.253,-4.17,197
06035,Lassen County,CA,2003,0.3275,0.4938,0.1663,0.269,2.5,178
06035,Lassen County,CA,2004,0.3139,0.4722,0.1593,0.2563,-1.76,206
06035,Lassen County,CA,2005,0.3205,0.5131,0.163,0.2793,0.3,201
06035,Lassen County,CA,2006,0.3061,0.4934,0.1591,0.2699,-4.2,202
06035,Lassen County,CA,2007,0.3275,0.4618,0.1622,0.2429,2.5,187
06035,Lassen County,CA,2008,0.2815,0.4553,0.1439,0.2412,-11.9,216
06035,Lassen County,CA,2009,0.3034,0.4697,0.1559,0.2493,-5.05,200
06035,Lassen County,CA,2010,0.3092,0.4904,0.1611,0.2635,-3.23,228
06035,Lassen County,CA,2011,0.3309,0.5185,0.17,0.2797,3.56,195
06035,Lassen County,CA,2012,0.3301,0.4534,0.165,0.2446,3.31,204
06035,Lassen County,CA,2013,0.3209,0.4761,0.1607,0.2549,0.43,191
06035,Lassen County,CA,2014,0.3485,0.4739,0.1681,0.2479,9.07,202
06035,Lassen County,CA,2015,0.3514,0.4931,0.1704,0.2687,9.98,162
06035,Lassen County,CA,2016,0.3394,0.5266,0.1746,0.2856,6.22,167
06035,Lassen County,CA,2017,0.3222,0.5031,0.1669,0.2784,0.84,179
06035,Lassen County,CA,2018,0.3427,0.5274,0.1722,0.2872,7.25,131
06035,Lassen County,CA,2019,0.31,0.493,0.16,0.2706,-2.98,207
06035,Lassen County,CA,2020,0.3322,0.4717,0.168,0.2636,3.97,153
06035,Lassen County,CA,2021,0.3005,0.4436,0.1505,0.2407,-5.95,229
06035,Lassen County,CA,2022,0.2826,0.4608,0.1481,0.2599,-11.56,171
06035,Lassen County,CA,2023,0.3,0.5215,0.1516,0.2731,-6.11,222
06035,Lassen County,CA,2024,0.3247,0.5052,0.1657,0.2816,1.62,161
06035,Lassen County,CA,2025,0.3477,0.5149,0.1695,0.2828,8.82,227
06039,Madera County,CA,2000,0.4606,0.649,0.268,0.4258,3.02,181
06039,Madera County,CA,2001,0.4551,0.6568,0.2662,0.4294,1.79,152
06039,Madera County,CA,2002,0.4618,0.6743,0.2719,0.451,3.29,148
06039,Madera County,CA,2003,0.4536,0.6753,0.2704,0.4574,1.46,143
06039,Madera County,CA,2004,0.459,0.6651,0.2704,0.4424,2.66,166
06039,Madera County,CA,2005,0.4665,0.7018,0.2758,0.4796,4.34,155
06039,Madera County,CA,2006,0.4525,0.6715,0.263,0.4454,1.21,164
06039,Madera County,CA,2007,0.4404,0.6381,0.2495,0.4081,-1.5,162
06039,Madera County,CA,2008,0.4381,0.6375,0.2542,0.4142,-2.01,198
06039,Madera County,CA,2009,0.4607,0.6588,0.2688,0.4367,3.04,159
06039,Madera County,CA,2010,0.4634,0.6763,0.2749,0.4562,3.65,177
06039,Madera County,CA,2011,0.464,0.6651,0.2661,0.4263,3.78,166
06039,Madera County,CA,2012,0.4571,0.6352,0.2618,0.4099,2.24,181
06039,Madera County,CA,2013,0.4546,0.6434,0.2598,0.4147,1.68,147
06039,Madera County,CA,2014,0.4446,0.6436,0.2517,0.4117,-0.56,199
06039,Madera County,CA,2015,0.4672,0.6613,0.2634,0.4297,4.5,132
06039,Madera County,CA,2016,0.4558,0.6624,0.2616,0.4344,1.95,150
06039,Madera County,CA,2017,0.4337,0.6502,0.2471,0.4158,-2.99,151
06039,Madera County,CA,2018,0.4368,0.6262,0.242,0.3926,-2.3,146
06039,Madera County,CA,2019,0.4377,0.6591,0.2531,0.4293,-2.1,152
06039,Madera County,CA,2020,0.4286,0.635,0.244,0.4145,-4.14,136
06039,Madera County,CA,2021,0.4185,0.6087,0.2428,0.3873,-6.39,175
06039,Madera County,CA,2022,0.4115,0.604,0.2354,0.3846,-7.96,128
06039,Madera County,CA,2023,0.4145,0.6334,0.2401,0.4107,-7.29,155
06039,Madera County,CA,2024,0.4338,0.6546,0.248,0.4263,-2.97,141
06039,Madera County,CA,2025,0.4542,0.6678,0.2557,0.4174,1.59,199
06047,Merced County,CA,2000,0.4589,0.7021,0.2852,0.5075,3.72,127
06047,Merced County,CA,2001,0.4524,0.7022,0.2837,0.5164,2.25,109
06047,Merced County,CA,2002,0.4542,0.7182,0.2914,0.5407,2.66,106
06047,Merced County,CA,2003,0.4551,0.7383,0.2886,0.5529,2.86,95
06047,Merced County,CA,2004,0.4595,0.7185,0.2932,0.5398,3.86,133
06047,Merced County,CA,2005,0.4563,0.7598,0.2953,0.5766,3.13,101
06047,Merced County,CA,2006,0.447,0.7313,0.2789,0.5424,1.03,118
06047,Merced County,CA,2007,0.4073,0.6472,0.2508,0.4655,-7.94,123
06047,Merced County,CA,2008,0.4291,0.6944,0.2712,0.5145,-3.01,111
06047,Merced County,CA,2009,0.4452,0.7046,0.278,0.5119,0.63,106
06047,Merced County,CA,2010,0.4761,0.7431,0.306,0.563,7.61,105
06047,Merced County,CA,2011,0.4523,0.7146,0.2831,0.5275,2.23,116
06047,Merced County,CA,2012,0.4156,0.6661,0.2595,0.4825,-6.06,145
06047,Merced County,CA,2013,0.4301,0.6971,0.2751,0.5219,-2.79,96
06047,Merced County,CA,2014,0.4016,0.681,0.2528,0.495,-9.23,212
06047,Merced County,CA,2015,0.4459,0.7282,0.2879,0.5527,0.78,97
06047,Merced County,CA,2016,0.4666,0.7394,0.2973,0.5566,5.46,96
06047,Merced County,CA,2017,0.4386,0.7237,0.2773,0.5391,-0.87,100
06047,Merced County,CA,2018,0.4255,0.6813,0.2647,0.4947,-3.83,140
06047,Merced County,CA,2019,0.4548,0.7384,0.2859,0.5477,2.8,108
06047,Merced County,CA,2020,0.4302,0.7051,0.2685,0.5128,-2.76,97
06047,Merced County,CA,2021,0.423,0.6585,0.2682,0.4746,-4.39,109
06047,Merced County,CA,2022,0.4206,0.6681,0.2595,0.4786,-4.93,83
06047,Merced County,CA,2023,0.4506,0.7113,0.2816,0.5253,1.85,118
06047,Merced County,CA,2024,0.4566,0.7422,0.2843,0.5419,3.2,105
06047,Merced County,CA,2025,0.4501,0.7204,0.2747,0.5098,1.73,178
06049,Modoc County,CA,2000,0.3294,0.4816,0.1662,0.2559,2.85,187
06049,Modoc County,CA,2001,0.2894,0.4636,0.1453,0.245,-9.64,152
06049,Modoc County,CA,2002,0.3039,0.4707,0.1561,0.2638,-5.11,180
06049,Modoc County,CA,2003,0.3271,0.4992,0.1638,0.2727,2.13,151
06049,Modoc County,CA,2004,0.3114,0.4867,0.1578,0.2669,-2.77,223
06049,Modoc County,CA,2005,0.3207,0.5125,0.1649,0.2848,0.13,183
06049,Modoc County,CA,2006,0.295,0.4786,0.1521,0.2658,-7.89,191
06049,Modoc County,CA,2007,0.3131,0.4679,0.1564,0.2551,-2.24,186
06049,Modoc County,CA,2008,0.2758,0.4724,0.1413,0.2564,-13.88,220
06049,Modoc County,CA,2009,0.3115,0.4778,0.161,0.2622,-2.74,193
06049,Modoc County,CA,2010,0.3223,0.5039,0.1658,0.2795,0.63,206
06049,Modoc County,CA,2011,0.325,0.5111,0.1667,0.2791,1.48,177
06049,Modoc County,CA,2012,0.327,0.4732,0.1641,0.2601,2.1,210
06049,Modoc County,CA,2013,0.3189,0.4879,0.1603,0.2647,-0.43,207
06049,Modoc County,CA,2014,0.3424,0.4764,0.1679,0.2549,6.91,214
06049,Modoc County,CA,2015,0.3504,0.5103,0.169,0.2732,9.41,139
06049,Modoc County,CA,2016,0.3321,0.5162,0.1713,0.2905,3.69,161
06049,Modoc County,CA,2017,0.3168,0.4995,0.1631,0.2766,-1.08,170
06049,Modoc County,CA,2018,0.343,0.5284,0.17,0.2856,7.1,137
06049,Modoc County,CA,2019,0.3094,0.491,0.1586,0.2698,-3.39,209
06049,Modoc County,CA,2020,0.332,0.4927,0.166,0.2708,3.66,159
06049,Modoc County,CA,2021,0.3161,0.4651,0.1604,0.258,-1.3,227
06049,Modoc County,CA,2022,0.3064,0.5007,0.1594,0.2843,-4.33,147
06049,Modoc County,CA,2023,0.3085,0.5205,0.1575,0.2835,-3.67,178
06049,Modoc County,CA,2024,0.3458,0.5198,0.1736,0.2952,7.97,143
06049,Modoc County,CA,2025,0.3536,0.5404,0.1723,0.293,10.41,246
06053,Monterey County,CA,2000,0.4948,0.6764,0.2585,0.4138,0.84,141
06053,Monterey County,CA,2001,0.498,0.6737,0.26,0.41,1.49,137
06053,Monterey County,CA,2002,0.4914,0.6803,0.2534,0.4033,0.14,105
06053,Monterey County,CA,2003,0.5173,0.7131,0.2699,0.4435,5.42,98
06053,Monterey County,CA,2004,0.5089,0.6822,0.2691,0.4224,3.71,142
06053,Monterey County,CA,2005,0.5394,0.7545,0.2889,0.474,9.93,113
06053,Monterey County,CA,2006,0.5117,0.6967,0.2658,0.4219,4.28,127
06053,Monterey County,CA,2007,0.4643,0.6248,0.2338,0.3569,-5.38,97
06053,Monterey County,CA,2008,0.4731,0.6821,0.2499,0.4301,-3.59,106
06053,Monterey County,CA,2009,0.4668,0.6443,0.2364,0.3711,-4.87,138
06053,Monterey County,CA,2010,0.5172,0.7117,0.2763,0.4517,5.4,111
06053,Monterey County,CA,2011,0.5083,0.6756,0.2596,0.412,3.59,130
06053,Monterey County,CA,2012,0.4747,0.6393,0.2392,0.3696,-3.26,152
06053,Monterey County,CA,2013,0.4625,0.6491,0.2371,0.3826,-5.75,83
06053,Monterey County,CA,2014,0.444,0.627,0.2278,0.376,-9.52,202
06053,Monterey County,CA,2015,0.4947,0.7123,0.2578,0.4382,0.82,98
06053,Monterey County,CA,2016,0.4927,0.704,0.2539,0.4278,0.41,107
06053,Monterey County,CA,2017,0.4896,0.6973,0.2543,0.4275,-0.22,111
06053,Monterey County,CA,2018,0.471,0.6504,0.2406,0.3918,-4.01,143
06053,Monterey County,CA,2019,0.5145,0.7194,0.2698,0.4478,4.85,122
06053,Monterey County,CA,2020,0.4833,0.6863,0.2513,0.4172,-1.51,99
06053,Monterey County,CA,2021,0.4521,0.6217,0.2346,0.3635,-7.86,143
06053,Monterey County,CA,2022,0.4564,0.6404,0.2312,0.368,-6.99,84
06053,Monterey County,CA,2023,0.5081,0.7008,0.2677,0.4447,3.55,132
06053,Monterey County,CA,2024,0.5167,0.724,0.2654,0.4467,5.3,107
06053,Monterey County,CA,2025,0.5065,0.6956,0.2474,0.4016,3.22,231
06061,Placer County,CA,2000,0.5398,0.719,0.2803,0.4114,2.33,202
06061,Placer County,CA,2001,0.5254,0.7124,0.2773,0.4228,-0.4,173
06061,Placer County,CA,2002,0.5272,0.7147,0.2781,0.4244,-0.05,185
06061,Placer County,CA,2003,0.5203,0.7192,0.2802,0.434,-1.36,176
06061,Placer County,CA,2004,0.527,0.7095,0.2808,0.4262,-0.09,182
06061,Placer County,CA,2005,0.5255,0.7283,0.2746,0.4254,-0.38,205
06061,Placer County,CA,2006,0.5152,0.7181,0.2701,0.4194,-2.33,201
06061,Placer County,CA,2007,0.5489,0.7115,0.2787,0.4105,4.06,193
06061,Placer County,CA,2008,0.5181,0.6957,0.2735,0.4069,-1.78,204
06061,Placer County,CA,2009,0.5319,0.7129,0.2752,0.4118,0.84,197
06061,Placer County,CA,2010,0.5109,0.7193,0.2724,0.4177,-3.14,210
06061,Placer County,CA,2011,0.5262,0.725,0.272,0.4139,-0.24,206
06061,Placer County,CA,2012,0.548,0.7202,0.2843,0.4211,3.89,201
06061,Placer County,CA,2013,0.554,0.7264,0.2789,0.4179,5.03,181
06061,Placer County,CA,2014,0.5461,0.7226,0.2708,0.4121,3.53,179
06061,Placer County,CA,2015,0.5536,0.7162,0.2717,0.4104,4.95,183
06061,Placer County,CA,2016,0.5313,0.7207,0.2694,0.4105,0.72,192
06061,Placer County,CA,2017,0.5156,0.72,0.2657,0.4145,-2.25,185
06061,Placer County,CA,2018,0.533,0.7185,0.277,0.427,1.05,169
06061,Placer County,CA,2019,0.5094,0.7235,0.2646,0.4194,-3.43,199
06061,Placer County,CA,2020,0.5287,0.7161,0.2726,0.4163,0.23,181
06061,Placer County,CA,2021,0.5264,0.7053,0.2737,0.4122,-0.21,214
06061,Placer County,CA,2022,0.5049,0.7027,0.2561,0.4071,-4.28,171
06061,Placer County,CA,2023,0.4898,0.7038,0.2458,0.3944,-7.14,211
06061,Placer County,CA,2024,0.5133,0.7173,0.2563,0.4099,-2.69,162
06061,Placer County,CA,2025,0.5441,0.7392,0.2627,0.4149,3.15,244
06063,Plumas County,CA,2000,0.5431,0.72,0.2703,0.3927,7.29,251
06063,Plumas County,CA,2001,0.5014,0.7082,0.2562,0.3822,-0.95,215
06063,Plumas County,CA,2002,0.5186,0.7092,0.2656,0.395,2.45,240
06063,Plumas County,CA,2003,0.5152,0.7216,0.2658,0.4046,1.77,227
06063,Plumas County,CA,2004,0.5164,0.7098,0.2617,0.401,2.01,254
06063,Plumas County,CA,2005,0.5186,0.7275,0.2628,0.405,2.45,276
06063,Plumas County,CA,2006,0.506,0.7279,0.2555,0.3995,-0.04,256
06063,Plumas County,CA,2007,0.5588,0.7139,0.2693,0.3909,10.39,232
06063,Plumas County,CA,2008,0.4866,0.6944,0.2461,0.3707,-3.88,274
06063,Plumas County,CA,2009,0.5155,0.701,0.2564,0.3802,1.83,244
06063,Plumas County,CA,2010,0.4684,0.7071,0.2439,0.3851,-7.47,262
06063,Plumas County,CA,2011,0.5091,0.7351,0.2573,0.3988,0.57,254
06063,Plumas County,CA,2012,0.5542,0.7232,0.2715,0.4016,9.48,237
06063,Plumas County,CA,2013,0.5424,0.7184,0.2646,0.3871,7.15,248
06063,Plumas County,CA,2014,0.5708,0.7154,0.2677,0.3859,12.76,203
06063,Plumas County,CA,2015,0.5674,0.7212,0.2607,0.3894,12.09,192
06063,Plumas County,CA,2016,0.5454,0.7334,0.264,0.3921,7.74,215
06063,Plumas County,CA,2017,0.5226,0.7341,0.2598,0.4028,3.24,270
06063,Plumas County,CA,2018,0.561,0.7374,0.2695,0.4055,10.82,159
06063,Plumas County,CA,2019,0.5063,0.729,0.2552,0.4073,0.02,231
06063,Plumas County,CA,2020,0.5444,0.7134,0.2661,0.4005,7.54,203
06063,Plumas County,CA,2021,0.455,0.6652,0.2135,0.3725,-10.12,171
06063,Plumas County,CA,2022,0.3587,0.5561,0.1698,0.2903,-29.14,200
06063,Plumas County,CA,2023,0.3833,0.6442,0.1794,0.3199,-24.28,252
06063,Plumas County,CA,2024,0.4188,0.6382,0.1997,0.3464,-17.27,198
06063,Plumas County,CA,2025,0.4737,0.6656,0.2199,0.3695,-6.42,243
06065,Riverside County,CA,2000,0.2005,0.2713,0.1237,0.1824,-4.17,203
06065,Riverside County,CA,2001,0.2121,0.3064,0.1305,0.2072,1.38,116
06065,Riverside County,CA,2002,0.1864,0.2577,0.1126,0.1612,-10.91,118
06065,Riverside County,CA,2003,0.2145,0.3075,0.1314,0.2102,2.52,149
06065,Riverside County,CA,2004,0.2135,0.3186,0.129,0.2026,2.04,256
06065,Riverside County,CA,2005,0.2564,0.3842,0.1547,0.2453,22.55,87
06065,Riverside County,CA,2006,0.2124,0.2892,0.1301,0.1903,1.52,82
06065,Riverside County,CA,2007,0.1849,0.2461,0.1138,0.1561,-11.63,163
06065,Riverside County,CA,2008,0.2152,0.3129,0.1355,0.2138,2.86,96
06065,Riverside County,CA,2009,0.2139,0.3039,0.133,0.2002,2.24,86
06065,Riverside County,CA,2010,0.2254,0.308,0.1404,0.2058,7.73,119
06065,Riverside County,CA,2011,0.2262,0.3023,0.1396,0.199,8.11,126
06065,Riverside County,CA,2012,0.2044,0.2689,0.1251,0.1759,-2.31,158
06065,Riverside County,CA,2013,0.2006,0.2822,0.1225,0.1816,-4.12,145
06065,Riverside County,CA,2014,0.1894,0.2515,0.1171,0.1636,-9.47,177
06065,Riverside County,CA,2015,0.1971,0.2821,0.1219,0.1894,-5.79,144
06065,Riverside County,CA,2016,0.1874,0.2607,0.1139,0.168,-10.43,115
06065,Riverside County,CA,2017,0.2154,0.3244,0.1342,0.2172,2.95,92
06065,Riverside County,CA,2018,0.1913,0.2793,0.1176,0.1782,-8.57,201
06065,Riverside County,CA,2019,0.2288,0.341,0.142,0.2278,9.36,86
06065,Riverside County,CA,2020,0.2219,0.3057,0.1373,0.1997,6.06,95
06065,Riverside County,CA,2021,0.1953,0.2651,0.1214,0.1722,-6.65,108
06065,Riverside County,CA,2022,0.1934,0.2762,0.1191,0.1748,-7.56,180
06065,Riverside County,CA,2023,0.2234,0.3171,0.1357,0.2074,6.78,159
06065,Riverside County,CA,2024,0.2205,0.3198,0.1319,0.2016,5.39,88
06065,Riverside County,CA,2025,0.2095,0.3156,0.1199,0.1888,0.13,293
06067,Sacramento County,CA,2000,0.4498,0.6557,0.2678,0.4516,1.54,138
06067,Sacramento County,CA,2001,0.4375,0.6558,0.2665,0.4629,-1.23,117
06067,Sacramento County,CA,2002,0.4439,0.6689,0.2759,0.4919,0.21,116
06067,Sacramento County,CA,2003,0.4582,0.685,0.2826,0.5025,3.44,114
06067,Sacramento County,CA,2004,0.4549,0.6626,0.2776,0.4736,2.69,126
06067,Sacramento County,CA,2005,0.4487,0.6988,0.2813,0.5056,1.29,99
06067,Sacramento County,CA,2006,0.4345,0.6473,0.2587,0.4483,-1.91,128
06067,Sacramento County,CA,2007,0.4337,0.65,0.2606,0.4543,-2.09,119
06067,Sacramento County,CA,2008,0.4305,0.618,0.2645,0.4333,-2.81,143
06067,Sacramento County,CA,2009,0.4597,0.6659,0.283,0.4714,3.78,123
06067,Sacramento County,CA,2010,0.4685,0.6754,0.2953,0.4913,5.76,121
06067,Sacramento County,CA,2011,0.4644,0.6611,0.2818,0.4694,4.84,128
06067,Sacramento County,CA,2012,0.4453,0.6519,0.2684,0.449,0.53,151
06067,Sacramento County,CA,2013,0.4249,0.6473,0.2575,0.4517,-4.08,113
06067,Sacramento County,CA,2014,0.4221,0.6477,0.2562,0.4672,-4.71,139
06067,Sacramento County,CA,2015,0.4424,0.6657,0.2637,0.463,-0.13,102
06067,Sacramento County,CA,2016,0.4707,0.6823,0.2895,0.4821,6.26,154
06067,Sacramento County,CA,2017,0.4404,0.6605,0.271,0.4711,-0.58,108
06067,Sacramento County,CA,2018,0.4407,0.6586,0.2691,0.4623,-0.51,110
06067,Sacramento County,CA,2019,0.4443,0.6573,0.2683,0.4552,0.3,118
06067,Sacramento County,CA,2020,0.4215,0.66,0.2553,0.4571,-4.85,107
06067,Sacramento County,CA,2021,0.4353,0.6524,0.2629,0.4436,-1.73,221
06067,Sacramento County,CA,2022,0.4291,0.6421,0.2573,0.4448,-3.13,86
06067,Sacramento County,CA,2023,0.4169,0.6154,0.2413,0.4135,-5.89,140
06067,Sacramento County,CA,2024,0.4412,0.6669,0.2675,0.4727,-0.4,107
06067,Sacramento County,CA,2025,0.4581,0.6688,0.2754,0.4658,3.42,200
06069,San Benito County,CA,2000,0.4417,0.6419,0.2284,0.3821,2.12,139
06069,San Benito County,CA,2001,0.4435,0.6518,0.235,0.3896,2.54,96
06069,San Benito County,CA,2002,0.436,0.6507,0.227,0.3835,0.8,79
06069,San Benito County,CA,2003,0.4651,0.6967,0.2467,0.4307,7.53,79
06069,San Benito County,CA,2004,0.4478,0.6398,0.2395,0.3904,3.53,143
06069,San Benito County,CA,2005,0.4817,0.7429,0.2639,0.4663,11.37,89
06069,San Benito County,CA,2006,0.4411,0.6686,0.2287,0.3867,1.98,113
06069,San Benito County,CA,2007,0.3881,0.5673,0.1906,0.3063,-10.27,79
06069,San Benito County,CA,2008,0.4198,0.6491,0.2238,0.4033,-2.94,105
06069,San Benito County,CA,2009,0.4283,0.6381,0.2183,0.3637,-0.98,111
06069,San Benito County,CA,2010,0.4749,0.701,0.2547,0.4337,9.8,94
06069,San Benito County,CA,2011,0.45,0.652,0.2285,0.3958,4.04,104
06069,San Benito County,CA,2012,0.3997,0.5906,0.1997,0.3253,-7.59,139
06069,San Benito County,CA,2013,0.3996,0.6211,0.2074,0.3634,-7.61,61
06069,San Benito County,CA,2014,0.3649,0.5939,0.1858,0.3375,-15.63,240
06069,San Benito County,CA,2015,0.425,0.6744,0.2229,0.4037,-1.74,75
06069,San Benito County,CA,2016,0.4642,0.7115,0.2488,0.4475,7.32,80
06069,San Benito County,CA,2017,0.4387,0.6875,0.2315,0.4216,1.43,93
06069,San Benito County,CA,2018,0.3989,0.5976,0.204,0.3434,-7.77,146
06069,San Benito County,CA,2019,0.4586,0.7039,0.2432,0.4302,6.03,108
06069,San Benito County,CA,2020,0.4237,0.6594,0.2236,0.3915,-2.04,83
06069,San Benito County,CA,2021,0.3954,0.5854,0.2084,0.3303,-8.58,121
06069,San Benito County,CA,2022,0.4039,0.6081,0.2053,0.3445,-6.62,49
06069,San Benito County,CA,2023,0.4641,0.6813,0.2464,0.4258,7.3,108
06069,San Benito County,CA,2024,0.4498,0.7016,0.2327,0.4219,3.99,97
06069,San Benito County,CA,2025,0.4411,0.6527,0.2124,0.3554,1.98,228
06071,San Bernardino County,CA,2000,0.1308,0.1594,0.0873,0.1099,-9.7,180
06071,San Bernardino County,CA,2001,0.1464,0.2063,0.0971,0.144,1.06,111
06071,San Bernardino County,CA,2002,0.1271,0.1605,0.0843,0.1062,-12.26,118
06071,San Bernardino County,CA,2003,0.1488,0.2142,0.0987,0.1491,2.72,128
06071,San Bernardino County,CA,2004,0.1545,0.2284,0.1023,0.1512,6.66,230
06071,San Bernardino County,CA,2005,0.1948,0.2943,0.1277,0.195,34.48,81
06071,San Bernardino County,CA,2006,0.1503,0.1927,0.0997,0.1279,3.76,66
06071,San Bernardino County,CA,2007,0.1327,0.1683,0.0885,0.111,-8.39,184
06071,San Bernardino County,CA,2008,0.1435,0.1979,0.0972,0.1371,-0.94,85
06071,San Bernardino County,CA,2009,0.1494,0.2107,0.1006,0.1437,3.14,93
06071,San Bernardino County,CA,2010,0.1562,0.2058,0.1055,0.1416,7.83,150
06071,San Bernardino County,CA,2011,0.1608,0.2112,0.1086,0.145,11.01,100
06071,San Bernardino County,CA,2012,0.1359,0.1701,0.0911,0.1146,-6.18,170
06071,San Bernardino County,CA,2013,0.1334,0.1716,0.0893,0.1155,-7.91,170
06071,San Bernardino County,CA,2014,0.1356,0.1769,0.0919,0.1212,-6.39,140
06071,San Bernardino County,CA,2015,0.1375,0.1909,0.0918,0.1289,-5.08,146
06071,San Bernardino County,CA,2016,0.1316,0.1778,0.0876,0.1224,-9.15,98
06071,San Bernardino County,CA,2017,0.1465,0.2084,0.0988,0.1453,1.13,94
06071,San Bernardino County,CA,2018,0.1303,0.1697,0.0872,0.113,-10.05,161
06071,San Bernardino County,CA,2019,0.153,0.2319,0.1031,0.1641,5.62,99
06071,San Bernardino County,CA,2020,0.1583,0.2177,0.106,0.146,9.28,110
06071,San Bernardino County,CA,2021,0.1332,0.1661,0.0901,0.112,-8.05,89
06071,San Bernardino County,CA,2022,0.1284,0.1701,0.0868,0.115,-11.36,151
06071,San Bernardino County,CA,2023,0.1477,0.2075,0.0988,0.143,1.96,176
06071,San Bernardino County,CA,2024,0.1564,0.2261,0.103,0.154,7.97,99
06071,San Bernardino County,CA,2025,0.1432,0.2201,0.092,0.1385,-1.14,312
06073,San Diego County,CA,2000,0.3483,0.4348,0.1818,0.2558,-2.09,164
06073,San Diego County,CA,2001,0.3671,0.4783,0.1944,0.2883,3.2,118
06073,San Diego County,CA,2002,0.3208,0.4302,0.1606,0.2271,-9.82,93
06073,San Diego County,CA,2003,0.3641,0.4844,0.192,0.2919,2.35,122
06073,San Diego County,CA,2004,0.336,0.4581,0.1771,0.2606,-5.54,241
06073,San Diego County,CA,2005,0.3964,0.5401,0.2102,0.3231,11.43,84
06073,San Diego County,CA,2006,0.349,0.4519,0.1836,0.2693,-1.89,110
06073,San Diego County,CA,2007,0.3128,0.406,0.1647,0.2263,-12.07,109
06073,San Diego County,CA,2008,0.3373,0.4491,0.1842,0.2748,-5.18,117
06073,San Diego County,CA,2009,0.3466,0.4617,0.1884,0.2736,-2.56,90
06073,San Diego County,CA,2010,0.3799,0.486,0.2108,0.2931,6.8,142
06073,San Diego County,CA,2011,0.3895,0.4919,0.2125,0.2949,9.5,90
06073,San Diego County,CA,2012,0.3604,0.4598,0.193,0.2736,1.31,88
06073,San Diego County,CA,2013,0.3409,0.4488,0.1781,0.2553,-4.17,126
06073,San Diego County,CA,2014,0.3139,0.3991,0.1632,0.2228,-11.76,151
06073,San Diego County,CA,2015,0.3419,0.4586,0.1818,0.2774,-3.89,119
06073,San Diego County,CA,2016,0.3389,0.4517,0.1766,0.2604,-4.73,103
06073,San Diego County,CA,2017,0.3687,0.4914,0.1985,0.2986,3.65,85
06073,San Diego County,CA,2018,0.3263,0.4289,0.1705,0.2454,-8.27,107
06073,San Diego County,CA,2019,0.3797,0.498,0.2017,0.296,6.74,113
06073,San Diego County,CA,2020,0.3811,0.4867,0.203,0.2831,7.13,90
06073,San Diego County,CA,2021,0.3452,0.4443,0.181,0.2506,-2.96,105
06073,San Diego County,CA,2022,0.3475,0.4664,0.1828,0.259,-2.31,150
06073,San Diego County,CA,2023,0.399,0.5134,0.207,0.2988,12.17,122
06073,San Diego County,CA,2024,0.3836,0.4974,0.1962,0.2819,7.84,87
06073,San Diego County,CA,2025,0.3739,0.5098,0.1751,0.262,5.11,242
06077,San Joaquin County,CA,2000,0.4854,0.7134,0.2945,0.5215,2.72,149
06077,San Joaquin County,CA,2001,0.4742,0.7134,0.291,0.5287,0.35,116
06077,San Joaquin County,CA,2002,0.4754,0.7203,0.2986,0.5495,0.6,122
06077,San Joaquin County,CA,2003,0.4821,0.7299,0.2999,0.5522,2.02,109
06077,San Joaquin County,CA,2004,0.4847,0.7209,0.2993,0.5418,2.57,136
06077,San Joaquin County,CA,2005,0.4774,0.7494,0.3,0.5639,1.03,106
06077,San Joaquin County,CA,2006,0.473,0.7179,0.2872,0.534,0.09,131
06077,San Joaquin County,CA,2007,0.4536,0.685,0.2755,0.5026,-4.01,133
06077,San Joaquin County,CA,2008,0.4551,0.6901,0.2813,0.5101,-3.69,149
06077,San Joaquin County,CA,2009,0.4715,0.7078,0.289,0.5182,-0.22,129
06077,San Joaquin County,CA,2010,0.4939,0.7315,0.3099,0.5478,4.52,138
06077,San Joaquin County,CA,2011,0.4771,0.7182,0.2961,0.5361,0.96,132
06077,San Joaquin County,CA,2012,0.4529,0.685,0.2737,0.494,-4.16,160
06077,San Joaquin County,CA,2013,0.454,0.6926,0.2791,0.5098,-3.93,119
06077,San Joaquin County,CA,2014,0.452,0.6848,0.275,0.5057,-4.35,179
06077,San Joaquin County,CA,2015,0.4755,0.7148,0.2904,0.5291,0.62,118
06077,San Joaquin County,CA,2016,0.5032,0.7329,0.3072,0.5379,6.49,153
06077,San Joaquin County,CA,2017,0.4731,0.716,0.2902,0.5255,0.12,112
06077,San Joaquin County,CA,2018,0.4634,0.6918,0.2811,0.5057,-1.94,139
06077,San Joaquin County,CA,2019,0.4819,0.7214,0.2952,0.5336,1.98,121
06077,San Joaquin County,CA,2020,0.4533,0.692,0.2736,0.5012,-4.07,106
06077,San Joaquin County,CA,2021,0.4689,0.6933,0.2806,0.4873,-0.77,183
06077,San Joaquin County,CA,2022,0.4637,0.6913,0.2763,0.4954,-1.87,104
06077,San Joaquin County,CA,2023,0.4639,0.6834,0.2739,0.492,-1.83,144
06077,San Joaquin County,CA,2024,0.4811,0.7172,0.2883,0.5242,1.81,120
06077,San Joaquin County,CA,2025,0.4961,0.7217,0.2964,0.515,4.98,198
06079,San Luis Obispo County,CA,2000,0.4131,0.6181,0.2253,0.3754,-3.1,105
06079,San Luis Obispo County,CA,2001,0.4335,0.6263,0.2371,0.3865,1.69,119
06079,San Luis Obispo County,CA,2002,0.4201,0.6218,0.2275,0.3685,-1.46,76
06079,San Luis Obispo County,CA,2003,0.454,0.6781,0.2531,0.4342,6.5,76
06079,San Luis Obispo County,CA,2004,0.434,0.6201,0.239,0.3784,1.8,135
06079,San Luis Obispo County,CA,2005,0.4726,0.7393,0.2699,0.4835,10.86,78
06079,San Luis Obispo County,CA,2006,0.438,0.6584,0.2358,0.3947,2.74,112
06079,San Luis Obispo County,CA,2007,0.3717,0.5223,0.1955,0.2948,-12.81,83
06079,San Luis Obispo County,CA,2008,0.4177,0.6205,0.2353,0.3972,-2.02,97
06079,San Luis Obispo County,CA,2009,0.4143,0.6025,0.222,0.3525,-2.82,102
06079,San Luis Obispo County,CA,2010,0.476,0.6929,0.2684,0.4528,11.66,86
06079,San Luis Obispo County,CA,2011,0.4581,0.6385,0.2423,0.3842,7.46,98
06079,San Luis Obispo County,CA,2012,0.4073,0.5616,0.2137,0.3168,-4.46,124
06079,San Luis Obispo County,CA,2013,0.3875,0.5725,0.209,0.3349,-9.1,64
06079,San Luis Obispo County,CA,2014,0.3603,0.5509,0.1978,0.335,-15.48,191
06079,San Luis Obispo County,CA,2015,0.4105,0.6527,0.2256,0.4091,-3.71,62
06079,San Luis Obispo County,CA,2016,0.4339,0.6674,0.2396,0.4265,1.78,94
06079,San Luis Obispo County,CA,2017,0.439,0.6946,0.2447,0.4418,2.98,82
06079,San Luis Obispo County,CA,2018,0.3945,0.5714,0.2088,0.3366,-7.46,129
06079,San Luis Obispo County,CA,2019,0.457,0.692,0.2499,0.432,7.2,95
06079,San Luis Obispo County,CA,2020,0.4271,0.6359,0.2316,0.3813,0.19,91
06079,San Luis Obispo County,CA,2021,0.3882,0.5431,0.2092,0.3109,-8.94,126
06079,San Luis Obispo County,CA,2022,0.4052,0.5927,0.2174,0.3474,-4.95,78
06079,San Luis Obispo County,CA,2023,0.4665,0.6809,0.2561,0.4339,9.43,93
06079,San Luis Obispo County,CA,2024,0.4666,0.7165,0.2553,0.4444,9.45,91
06079,San Luis Obispo County,CA,2025,0.4373,0.6714,0.2203,0.3829,2.58,238
06083,Santa Barbara County,CA,2000,0.4873,0.6349,0.2552,0.3857,3.01,131
06083,Santa Barbara County,CA,2001,0.5032,0.6498,0.2609,0.3904,6.37,144
06083,Santa Barbara County,CA,2002,0.4752,0.6527,0.2373,0.3609,0.45,82
06083,Santa Barbara County,CA,2003,0.5147,0.6814,0.2718,0.428,8.8,103
06083,Santa Barbara County,CA,2004,0.4898,0.6463,0.2481,0.3671,3.54,153
06083,Santa Barbara County,CA,2005,0.5326,0.7029,0.283,0.441,12.59,100
06083,Santa Barbara County,CA,2006,0.5122,0.6663,0.2648,0.3999,8.28,116
06083,Santa Barbara County,CA,2007,0.433,0.6014,0.2129,0.3299,-8.47,85
06083,Santa Barbara County,CA,2008,0.4474,0.606,0.2333,0.3677,-5.42,136
06083,Santa Barbara County,CA,2009,0.4514,0.6184,0.2334,0.3626,-4.58,107
06083,Santa Barbara County,CA,2010,0.4904,0.6546,0.258,0.4005,3.67,124
06083,Santa Barbara County,CA,2011,0.4966,0.6395,0.2565,0.3834,4.98,117
06083,Santa Barbara County,CA,2012,0.4625,0.6067,0.235,0.3423,-2.23,151
06083,Santa Barbara County,CA,2013,0.436,0.615,0.2154,0.3376,-7.83,72
06083,Santa Barbara County,CA,2014,0.4104,0.5604,0.2064,0.3209,-13.24,174
06083,Santa Barbara County,CA,2015,0.4373,0.6389,0.2156,0.359,-7.56,66
06083,Santa Barbara County,CA,2016,0.449,0.6427,0.227,0.379,-5.08,106
06083,Santa Barbara County,CA,2017,0.4677,0.6612,0.2425,0.4012,-1.13,84
06083,Santa Barbara County,CA,2018,0.4311,0.586,0.2175,0.3418,-8.87,141
06083,Santa Barbara County,CA,2019,0.4953,0.6687,0.256,0.4029,4.7,108
06083,Santa Barbara County,CA,2020,0.4754,0.6439,0.2452,0.3816,0.5,91
06083,Santa Barbara County,CA,2021,0.4362,0.5857,0.2225,0.3343,-7.79,103
06083,Santa Barbara County,CA,2022,0.4523,0.612,0.227,0.3438,-4.39,114
06083,Santa Barbara County,CA,2023,0.508,0.6757,0.2614,0.4061,7.39,109
06083,Santa Barbara County,CA,2024,0.5161,0.6996,0.2638,0.4182,9.1,101
06083,Santa Barbara County,CA,2025,0.4883,0.6739,0.2309,0.3677,3.22,250
06085,Santa Clara County,CA,2000,0.5215,0.6463,0.2664,0.3789,1.13,158
06085,Santa Clara County,CA,2001,0.5213,0.6636,0.2701,0.3975,1.09,118
06085,Santa Clara County,CA,2002,0.5267,0.6725,0.2764,0.4169,2.14,125
06085,Santa Clara County,CA,2003,0.5417,0.6848,0.2833,0.4233,5.04,109
06085,Santa Clara County,CA,2004,0.5284,0.6633,0.2779,0.4084,2.47,138
06085,Santa Clara County,CA,2005,0.5418,0.7089,0.287,0.4399,5.06,111
06085,Santa Clara County,CA,2006,0.5197,0.6674,0.2686,0.4051,0.78,127
06085,Santa Clara County,CA,2007,0.5096,0.6468,0.2575,0.3828,-1.18,118
06085,Santa Clara County,CA,2008,0.4982,0.629,0.2602,0.3772,-3.39,127
06085,Santa Clara County,CA,2009,0.5205,0.6526,0.2736,0.3897,0.93,154
06085,Santa Clara County,CA,2010,0.5365,0.6757,0.2894,0.4249,4.04,122
06085,Santa Clara County,CA,2011,0.5286,0.665,0.2714,0.3969,2.5,140
06085,Santa Clara County,CA,2012,0.5027,0.6362,0.2502,0.3683,-2.52,148
06085,Santa Clara County,CA,2013,0.4995,0.6401,0.2583,0.3839,-3.14,101
06085,Santa Clara County,CA,2014,0.4832,0.6371,0.2478,0.3926,-6.3,172
06085,Santa Clara County,CA,2015,0.5182,0.6753,0.2608,0.3904,0.49,119
06085,Santa Clara County,CA,2016,0.5371,0.6994,0.2786,0.4126,4.15,129
06085,Santa Clara County,CA,2017,0.5196,0.678,0.2718,0.4162,0.76,117
06085,Santa Clara County,CA,2018,0.5093,0.659,0.2582,0.3954,-1.24,115
06085,Santa Clara County,CA,2019,0.5324,0.6874,0.2761,0.4151,3.24,127
06085,Santa Clara County,CA,2020,0.5039,0.6743,0.2618,0.4084,-2.29,104
06085,Santa Clara County,CA,2021,0.4829,0.6401,0.2434,0.3614,-6.36,177
06085,Santa Clara County,CA,2022,0.4879,0.6422,0.2522,0.3837,-5.39,76
06085,Santa Clara County,CA,2023,0.5051,0.6427,0.2589,0.3838,-2.05,138
06085,Santa Clara County,CA,2024,0.5097,0.6786,0.264,0.415,-1.16,115
06085,Santa Clara County,CA,2025,0.5218,0.6678,0.2582,0.3912,1.19,189
06089,Shasta County,CA,2000,0.6086,0.7372,0.3031,0.4105,3.69,210
06089,Shasta County,CA,2001,0.5811,0.7432,0.2882,0.4257,-0.99,179
06089,Shasta County,CA,2002,0.5952,0.7442,0.2923,0.4262,1.41,174
06089,Shasta County,CA,2003,0.6077,0.7601,0.2998,0.4433,3.54,182
06089,Shasta County,CA,2004,0.602,0.7448,0.2965,0.429,2.57,193
06089,Shasta County,CA,2005,0.5881,0.7582,0.293,0.438,0.2,201
06089,Shasta County,CA,2006,0.5848,0.744,0.2898,0.4268,-0.36,189
06089,Shasta County,CA,2007,0.6181,0.7399,0.2961,0.4185,5.31,201
06089,Shasta County,CA,2008,0.5692,0.7236,0.2871,0.4141,-3.02,198
06089,Shasta County,CA,2009,0.5845,0.7196,0.285,0.4058,-0.41,196
06089,Shasta County,CA,2010,0.5735,0.7458,0.2843,0.4212,-2.29,214
06089,Shasta County,CA,2011,0.5944,0.7476,0.293,0.4329,1.27,199
06089,Shasta County,CA,2012,0.5974,0.7393,0.2972,0.4301,1.78,201
06089,Shasta County,CA,2013,0.5933,0.7363,0.29,0.413,1.09,180
06089,Shasta County,CA,2014,0.6022,0.7342,0.2921,0.4168,2.6,225
06089,Shasta County,CA,2015,0.6044,0.7396,0.2795,0.402,2.98,181
06089,Shasta County,CA,2016,0.5976,0.7453,0.2935,0.4262,1.82,212
06089,Shasta County,CA,2017,0.5887,0.7493,0.2941,0.4317,0.3,178
06089,Shasta County,CA,2018,0.5941,0.7547,0.2844,0.4237,1.22,142
06089,Shasta County,CA,2019,0.5494,0.715,0.2666,0.3972,-6.39,191
06089,Shasta County,CA,2020,0.5867,0.7273,0.2822,0.4109,-0.04,184
06089,Shasta County,CA,2021,0.5618,0.7091,0.2754,0.4015,-4.28,202
06089,Shasta County,CA,2022,0.5532,0.7003,0.2706,0.3953,-5.75,159
06089,Shasta County,CA,2023,0.5528,0.7268,0.2687,0.4059,-5.82,217
06089,Shasta County,CA,2024,0.5745,0.7362,0.2778,0.4086,-2.12,192
06089,Shasta County,CA,2025,0.5969,0.7491,0.2794,0.4217,1.7,229
06093,Siskiyou County,CA,2000,0.5514,0.7089,0.2773,0.4025,4.3,243
06093,Siskiyou County,CA,2001,0.5161,0.6993,0.2545,0.3899,-2.38,192
06093,Siskiyou County,CA,2002,0.533,0.7164,0.2612,0.4061,0.81,222
06093,Siskiyou County,CA,2003,0.5306,0.7192,0.2637,0.4107,0.36,187
06093,Siskiyou County,CA,2004,0.5435,0.7138,0.2652,0.4022,2.8,238
06093,Siskiyou County,CA,2005,0.5316,0.7214,0.2673,0.418,0.55,235
06093,Siskiyou County,CA,2006,0.5135,0.7117,0.2584,0.4071,-2.87,230
06093,Siskiyou County,CA,2007,0.5559,0.7101,0.2712,0.4056,5.15,241
06093,Siskiyou County,CA,2008,0.5076,0.7074,0.2543,0.3974,-3.99,239
06093,Siskiyou County,CA,2009,0.5417,0.6981,0.2605,0.3876,2.46,202
06093,Siskiyou County,CA,2010,0.4983,0.7166,0.2515,0.4015,-5.75,230
06093,Siskiyou County,CA,2011,0.5308,0.7217,0.2641,0.4091,0.4,216
06093,Siskiyou County,CA,2012,0.5457,0.7168,0.2671,0.4039,3.22,222
06093,Siskiyou County,CA,2013,0.5602,0.7224,0.2682,0.4006,5.96,229
06093,Siskiyou County,CA,2014,0.5748,0.7297,0.265,0.3947,8.72,221
06093,Siskiyou County,CA,2015,0.5631,0.7274,0.2534,0.3858,6.51,204
06093,Siskiyou County,CA,2016,0.5352,0.7192,0.2578,0.3953,1.23,238
06093,Siskiyou County,CA,2017,0.5223,0.7291,0.2577,0.4024,-1.21,211
06093,Siskiyou County,CA,2018,0.5393,0.7078,0.2521,0.3845,2.01,156
06093,Siskiyou County,CA,2019,0.5132,0.7058,0.2465,0.3892,-2.93,200
06093,Siskiyou County,CA,2020,0.5477,0.7075,0.2586,0.3926,3.6,206
06093,Siskiyou County,CA,2021,0.5094,0.6915,0.2415,0.3785,-3.65,196
06093,Siskiyou County,CA,2022,0.4897,0.6721,0.2283,0.3572,-7.38,169
06093,Siskiyou County,CA,2023,0.4772,0.7043,0.226,0.3658,-9.74,245
06093,Siskiyou County,CA,2024,0.4941,0.6979,0.2364,0.3843,-6.54,208
06093,Siskiyou County,CA,2025,0.5201,0.719,0.2385,0.39,-1.63,244
06095,Solano County,CA,2000,0.4568,0.681,0.2655,0.4686,-0.6,136
06095,Solano County,CA,2001,0.454,0.6957,0.2733,0.4933,-1.21,107
06095,Solano County,CA,2002,0.4663,0.7093,0.2837,0.5202,1.47,119
06095,Solano County,CA,2003,0.4728,0.7237,0.2866,0.5241,2.88,111
06095,Solano County,CA,2004,0.4777,0.7012,0.2864,0.5082,3.95,143
06095,Solano County,CA,2005,0.4753,0.7373,0.2888,0.5341,3.43,105
06095,Solano County,CA,2006,0.4586,0.6917,0.2655,0.4741,-0.21,134
06095,Solano County,CA,2007,0.4521,0.6771,0.2641,0.4612,-1.62,118
06095,Solano County,CA,2008,0.456,0.6794,0.2767,0.4807,-0.77,123
06095,Solano County,CA,2009,0.4715,0.6898,0.2813,0.4785,2.6,129
06095,Solano County,CA,2010,0.4861,0.7166,0.3007,0.5204,5.78,121
06095,Solano County,CA,2011,0.4756,0.6993,0.2767,0.491,3.49,131
06095,Solano County,CA,2012,0.4626,0.6857,0.2727,0.4722,0.66,144
06095,Solano County,CA,2013,0.4409,0.6764,0.2621,0.4734,-4.06,112
06095,Solano County,CA,2014,0.4373,0.6915,0.2568,0.4934,-4.84,141
06095,Solano County,CA,2015,0.4531,0.6975,0.2657,0.4849,-1.4,111
06095,Solano County,CA,2016,0.4812,0.7225,0.2859,0.5052,4.71,129
06095,Solano County,CA,2017,0.4582,0.7027,0.2736,0.5024,-0.29,121
06095,Solano County,CA,2018,0.4499,0.6939,0.2682,0.4917,-2.1,122
06095,Solano County,CA,2019,0.4653,0.7049,0.2723,0.4853,1.25,123
06095,Solano County,CA,2020,0.439,0.6889,0.2518,0.4682,-4.47,107
06095,Solano County,CA,2021,0.4396,0.6958,0.2568,0.4727,-4.34,224
06095,Solano County,CA,2022,0.451,0.7063,0.2675,0.5048,-1.86,91
06095,Solano County,CA,2023,0.4396,0.6612,0.2482,0.4459,-4.34,137
06095,Solano County,CA,2024,0.4577,0.7171,0.2694,0.4961,-0.4,121
06095,Solano County,CA,2025,0.4702,0.717,0.2783,0.4999,2.32,167
06097,Sonoma County,CA,2000,0.637,0.7693,0.3482,0.4901,0.01,157
06097,Sonoma County,CA,2001,0.611,0.7678,0.3333,0.4933,-4.08,107
06097,Sonoma County,CA,2002,0.6321,0.7802,0.3451,0.497,-0.76,130
06097,Sonoma County,CA,2003,0.6439,0.7881,0.3577,0.5217,1.09,98
06097,Sonoma County,CA,2004,0.6451,0.7771,0.3519,0.511,1.28,160
06097,Sonoma County,CA,2005,0.6504,0.7924,0.3616,0.521,2.11,135
06097,Sonoma County,CA,2006,0.6371,0.7604,0.3469,0.491,0.02,161
06097,Sonoma County,CA,2007,0.6456,0.7716,0.3504,0.4929,1.36,145
06097,Sonoma County,CA,2008,0.6265,0.7539,0.3409,0.4759,-1.64,123
06097,Sonoma County,CA,2009,0.6482,0.7659,0.3512,0.4832,1.76,161
06097,Sonoma County,CA,2010,0.6492,0.7803,0.3626,0.5123,1.92,142
06097,Sonoma County,CA,2011,0.6633,0.7754,0.3646,0.5042,4.14,170
06097,Sonoma County,CA,2012,0.6456,0.767,0.3491,0.4823,1.36,169
06097,Sonoma County,CA,2013,0.6405,0.7809,0.3407,0.4993,0.56,103
06097,Sonoma County,CA,2014,0.6185,0.765,0.3263,0.484,-2.9,187
06097,Sonoma County,CA,2015,0.6434,0.7787,0.3327,0.4838,1.01,151
06097,Sonoma County,CA,2016,0.6527,0.7842,0.3581,0.5046,2.47,189
06097,Sonoma County,CA,2017,0.6457,0.7821,0.3569,0.5151,1.37,143
06097,Sonoma County,CA,2018,0.6368,0.7792,0.3341,0.4825,-0.03,138
06097,Sonoma County,CA,2019,0.639,0.7726,0.3403,0.4885,0.32,139
06097,Sonoma County,CA,2020,0.616,0.7673,0.3181,0.4763,-3.29,121
06097,Sonoma County,CA,2021,0.6098,0.7558,0.3162,0.4604,-4.26,164
06097,Sonoma County,CA,2022,0.6162,0.757,0.3175,0.4562,-3.26,82
06097,Sonoma County,CA,2023,0.622,0.755,0.3183,0.4533,-2.35,188
06097,Sonoma County,CA,2024,0.6338,0.784,0.3374,0.4972,-0.5,134
06097,Sonoma County,CA,2025,0.6516,0.7953,0.3275,0.4765,2.3,232
06099,Stanislaus County,CA,2000,0.4833,0.6862,0.2926,0.4817,3.07,129
06099,Stanislaus County,CA,2001,0.4819,0.6997,0.2971,0.4919,2.77,102
06099,Stanislaus County,CA,2002,0.4803,0.7036,0.2985,0.5083,2.43,112
06099,Stanislaus County,CA,2003,0.4909,0.7235,0.3033,0.5216,4.69,92
06099,Stanislaus County,CA,2004,0.481,0.6989,0.2959,0.4965,2.58,136
06099,Stanislaus County,CA,2005,0.4864,0.7545,0.3064,0.5462,3.73,93
06099,Stanislaus County,CA,2006,0.4673,0.7148,0.2828,0.4984,-0.34,110
06099,Stanislaus County,CA,2007,0.4409,0.6536,0.2647,0.4511,-5.97,114
06099,Stanislaus County,CA,2008,0.4501,0.6805,0.2771,0.4826,-4.01,110
06099,Stanislaus County,CA,2009,0.4669,0.6827,0.2843,0.4774,-0.42,136
06099,Stanislaus County,CA,2010,0.5009,0.7251,0.3161,0.5252,6.83,105
06099,Stanislaus County,CA,2011,0.4774,0.6991,0.291,0.489,1.81,115
06099,Stanislaus County,CA,2012,0.441,0.6564,0.2683,0.4583,-5.95,144
06099,Stanislaus County,CA,2013,0.4497,0.6673,0.2747,0.4688,-4.09,98
06099,Stanislaus County,CA,2014,0.4422,0.6685,0.2678,0.4674,-5.69,184
06099,Stanislaus County,CA,2015,0.4756,0.7117,0.2946,0.5042,1.43,97
06099,Stanislaus County,CA,2016,0.4977,0.7173,0.3017,0.5053,6.14,105
06099,Stanislaus County,CA,2017,0.4739,0.7116,0.289,0.4939,1.07,98
06099,Stanislaus County,CA,2018,0.4538,0.6696,0.276,0.4689,-3.22,117
06099,Stanislaus County,CA,2019,0.4855,0.7249,0.2932,0.5046,3.54,112
06099,Stanislaus County,CA,2020,0.4512,0.6858,0.2697,0.4739,-3.77,96
06099,Stanislaus County,CA,2021,0.4468,0.6669,0.2732,0.4487,-4.71,122
06099,Stanislaus County,CA,2022,0.4516,0.6727,0.2709,0.4654,-3.69,79
06099,Stanislaus County,CA,2023,0.4671,0.6792,0.2784,0.4665,-0.38,118
06099,Stanislaus County,CA,2024,0.4749,0.7148,0.2859,0.494,1.28,105
06099,Stanislaus County,CA,2025,0.4729,0.6982,0.28,0.4711,0.85,181
06101,Sutter County,CA,2000,0.4748,0.7747,0.2866,0.5816,4.17,174
06101,Sutter County,CA,2001,0.4498,0.748,0.2703,0.561,-1.31,157
06101,Sutter County,CA,2002,0.4636,0.7755,0.2856,0.594,1.72,143
06101,Sutter County,CA,2003,0.4704,0.7757,0.2826,0.5851,3.21,151
06101,Sutter County,CA,2004,0.4779,0.7863,0.2905,0.599,4.85,167
06101,Sutter County,CA,2005,0.4686,0.7829,0.28,0.5883,2.81,144
06101,Sutter County,CA,2006,0.4557,0.756,0.2674,0.5515,-0.02,161
06101,Sutter County,CA,2007,0.4584,0.7625,0.2757,0.5654,0.58,156
06101,Sutter County,CA,2008,0.4447,0.7385,0.2715,0.5598,-2.43,167
06101,Sutter County,CA,2009,0.4643,0.7674,0.2828,0.5709,1.87,159
06101,Sutter County,CA,2010,0.4775,0.7783,0.2892,0.5794,4.77,172
06101,Sutter County,CA,2011,0.4726,0.7805,0.2809,0.5723,3.69,168
06101,Sutter County,CA,2012,0.4525,0.762,0.2716,0.5588,-0.72,192
06101,Sutter County,CA,2013,0.4418,0.7619,0.2687,0.5655,-3.07,150
06101,Sutter County,CA,2014,0.4241,0.734,0.2568,0.548,-6.95,184
06101,Sutter County,CA,2015,0.4467,0.7385,0.272,0.5572,-1.99,152
06101,Sutter County,CA,2016,0.4786,0.7804,0.2867,0.5798,5.01,174
06101,Sutter County,CA,2017,0.4367,0.7267,0.2572,0.5289,-4.19,160
06101,Sutter County,CA,2018,0.4529,0.7591,0.2714,0.5621,-0.63,150
06101,Sutter County,CA,2019,0.4519,0.7603,0.2675,0.5603,-0.85,163
06101,Sutter County,CA,2020,0.4428,0.754,0.2636,0.5568,-2.85,154
06101,Sutter County,CA,2021,0.4384,0.7243,0.2661,0.5346,-3.81,219
06101,Sutter County,CA,2022,0.4329,0.6867,0.2556,0.4941,-5.02,125
06101,Sutter County,CA,2023,0.4506,0.7523,0.2684,0.556,-1.14,172
06101,Sutter County,CA,2024,0.4502,0.7569,0.267,0.5569,-1.22,156
06101,Sutter County,CA,2025,0.4718,0.7792,0.283,0.5769,3.52,189
06103,Tehama County,CA,2000,0.5308,0.6972,0.2755,0.3947,3.27,164
06103,Tehama County,CA,2001,0.5032,0.6876,0.2638,0.3947,-2.1,129
06103,Tehama County,CA,2002,0.5166,0.6921,0.2677,0.4115,0.51,129
06103,Tehama County,CA,2003,0.5385,0.7207,0.2823,0.4322,4.77,138
06103,Tehama County,CA,2004,0.5338,0.7027,0.2736,0.4144,3.85,160
06103,Tehama County,CA,2005,0.5375,0.7422,0.279,0.4449,4.57,156
06103,Tehama County,CA,2006,0.5185,0.6958,0.2632,0.391,0.88,158
06103,Tehama County,CA,2007,0.5262,0.688,0.2634,0.389,2.38,141
06103,Tehama County,CA,2008,0.5009,0.6585,0.2598,0.3754,-2.55,153
06103,Tehama County,CA,2009,0.5238,0.6736,0.2666,0.3806,1.91,161
06103,Tehama County,CA,2010,0.5269,0.7096,0.2744,0.4059,2.51,156
06103,Tehama County,CA,2011,0.5364,0.7032,0.2709,0.4044,4.36,150
06103,Tehama County,CA,2012,0.5131,0.6793,0.2639,0.3833,-0.17,161
06103,Tehama County,CA,2013,0.5024,0.6714,0.2582,0.3811,-2.26,135
06103,Tehama County,CA,2014,0.5167,0.699,0.2609,0.4075,0.53,240
06103,Tehama County,CA,2015,0.525,0.704,0.26,0.3921,2.14,118
06103,Tehama County,CA,2016,0.5372,0.7152,0.2764,0.4145,4.52,193
06103,Tehama County,CA,2017,0.527,0.7258,0.2766,0.4294,2.53,147
06103,Tehama County,CA,2018,0.514,0.6979,0.2549,0.392,0.0,120
06103,Tehama County,CA,2019,0.5158,0.7069,0.2608,0.4028,0.35,145
06103,Tehama County,CA,2020,0.5044,0.6877,0.2487,0.3868,-1.87,125
06103,Tehama County,CA,2021,0.4873,0.6817,0.2449,0.3715,-5.19,266
06103,Tehama County,CA,2022,0.4766,0.6574,0.2406,0.369,-7.27,84
06103,Tehama County,CA,2023,0.4836,0.6618,0.2416,0.3666,-5.91,151
06103,Tehama County,CA,2024,0.4849,0.7011,0.242,0.387,-5.66,140
06103,Tehama County,CA,2025,0.4827,0.6755,0.2376,0.3697,-6.09,196
06107,Tulare County,CA,2000,0.4428,0.6314,0.2496,0.4061,3.74,194
06107,Tulare County,CA,2001,0.4257,0.6363,0.244,0.4163,-0.26,177
06107,Tulare County,CA,2002,0.4439,0.6521,0.2573,0.4352,4.0,162
06107,Tulare County,CA,2003,0.4368,0.6444,0.2546,0.4326,2.34,153
06107,Tulare County,CA,2004,0.4303,0.6353,0.2489,0.4174,0.81,176
06107,Tulare County,CA,2005,0.4358,0.6628,0.2521,0.4419,2.1,176
06107,Tulare County,CA,2006,0.4338,0.6467,0.2503,0.4321,1.63,169
06107,Tulare County,CA,2007,0.4287,0.6069,0.2415,0.3929,0.44,173
06107,Tulare County,CA,2008,0.4242,0.6273,0.2493,0.4171,-0.62,188
06107,Tulare County,CA,2009,0.4322,0.6303,0.2493,0.4185,1.26,165
06107,Tulare County,CA,2010,0.4354,0.6584,0.2614,0.451,2.01,182
06107,Tulare County,CA,2011,0.4415,0.649,0.2571,0.4266,3.44,184
06107,Tulare County,CA,2012,0.4402,0.6152,0.2533,0.4049,3.13,180
06107,Tulare County,CA,2013,0.4337,0.6169,0.2472,0.4047,1.61,155
06107,Tulare County,CA,2014,0.4251,0.6075,0.2384,0.3914,-0.4,177
06107,Tulare County,CA,2015,0.448,0.6361,0.2517,0.4211,4.96,153
06107,Tulare County,CA,2016,0.4217,0.6348,0.2462,0.432,-1.2,161
06107,Tulare County,CA,2017,0.4131,0.6299,0.2354,0.4148,-3.22,173
06107,Tulare County,CA,2018,0.4175,0.6064,0.2337,0.3867,-2.19,146
06107,Tulare County,CA,2019,0.4152,0.6389,0.2432,0.4261,-2.72,166
06107,Tulare County,CA,2020,0.4239,0.6244,0.2426,0.4103,-0.69,150
06107,Tulare County,CA,2021,0.3989,0.5858,0.2249,0.3696,-6.54,166
06107,Tulare County,CA,2022,0.3961,0.5965,0.2318,0.392,-7.2,157
06107,Tulare County,CA,2023,0.3993,0.6251,0.2284,0.4039,-6.45,168
06107,Tulare County,CA,2024,0.4189,0.6475,0.2395,0.4212,-1.86,154
06107,Tulare County,CA,2025,0.4348,0.6509,0.2403,0.41,1.87,195
06113,Yolo County,CA,2000,0.4602,0.7129,0.2697,0.5127,0.51,146
06113,Yolo County,CA,2001,0.4536,0.7169,0.2723,0.5193,-0.93,122
06113,Yolo County,CA,2002,0.4677,0.7292,0.2825,0.542,2.15,125
06113,Yolo County,CA,2003,0.4816,0.7547,0.2879,0.5487,5.19,119
06113,Yolo County,CA,2004,0.4806,0.7317,0.2865,0.5362,4.97,140
06113,Yolo County,CA,2005,0.4791,0.7534,0.2851,0.5507,4.64,118
06113,Yolo County,CA,2006,0.4589,0.7072,0.2665,0.4942,0.23,143
06113,Yolo County,CA,2007,0.4566,0.7109,0.2681,0.4973,-0.27,119
06113,Yolo County,CA,2008,0.4569,0.6931,0.2778,0.5054,-0.21,141
06113,Yolo County,CA,2009,0.4707,0.7143,0.2792,0.5072,2.81,130
06113,Yolo County,CA,2010,0.4887,0.7393,0.2946,0.5357,6.74,131
06113,Yolo County,CA,2011,0.4718,0.7257,0.2727,0.5201,3.05,139
06113,Yolo County,CA,2012,0.456,0.7134,0.2686,0.5065,-0.4,150
06113,Yolo County,CA,2013,0.4448,0.7111,0.267,0.5131,-2.85,120
06113,Yolo County,CA,2014,0.419,0.6964,0.247,0.5037,-8.48,147
06113,Yolo County,CA,2015,0.4541,0.7294,0.2703,0.5222,-0.82,114
06113,Yolo County,CA,2016,0.4754,0.7446,0.2783,0.5299,3.83,135
06113,Yolo County,CA,2017,0.4479,0.7129,0.2643,0.5141,-2.17,127
06113,Yolo County,CA,2018,0.4376,0.7055,0.2533,0.503,-4.42,130
06113,Yolo County,CA,2019,0.4558,0.7219,0.2659,0.5117,-0.45,133
06113,Yolo County,CA,2020,0.4397,0.7092,0.2551,0.4968,-3.96,113
06113,Yolo County,CA,2021,0.4274,0.7014,0.2489,0.4745,-6.65,221
06113,Yolo County,CA,2022,0.4468,0.7096,0.2669,0.5071,-2.41,88
06113,Yolo County,CA,2023,0.4392,0.6858,0.2533,0.4813,-4.07,141
06113,Yolo County,CA,2024,0.4579,0.7319,0.2658,0.5071,0.01,131
06113,Yolo County,CA,2025,0.4759,0.7342,0.2777,0.5153,3.94,167
06115,Yuba County,CA,2000,0.5606,0.7346,0.301,0.4622,0.22,157
06115,Yuba County,CA,2001,0.5537,0.7358,0.3016,0.4741,-1.02,140
06115,Yuba County,CA,2002,0.5557,0.7461,0.3114,0.4974,-0.66,129
06115,Yuba County,CA,2003,0.57,0.7639,0.3108,0.4933,1.9,134
06115,Yuba County,CA,2004,0.5644,0.7444,0.3102,0.4849,0.89,137
06115,Yuba County,CA,2005,0.5721,0.7739,0.314,0.5107,2.27,148
06115,Yuba County,CA,2006,0.5542,0.738,0.3015,0.4747,-0.93,138
06115,Yuba County,CA,2007,0.5633,0.7431,0.304,0.4753,0.7,156
06115,Yuba County,CA,2008,0.5446,0.7132,0.3023,0.4635,-2.65,155
06115,Yuba County,CA,2009,0.5611,0.7346,0.3049,0.4672,0.3,135
06115,Yuba County,CA,2010,0.5703,0.7523,0.3176,0.4933,1.95,166
06115,Yuba County,CA,2011,0.5704,0.7492,0.3097,0.4781,1.97,160
06115,Yuba County,CA,2012,0.5614,0.7353,0.3001,0.4588,0.36,171
06115,Yuba County,CA,2013,0.551,0.7455,0.2991,0.477,-1.5,131
06115,Yuba County,CA,2014,0.5382,0.7384,0.294,0.4795,-3.79,171
06115,Yuba County,CA,2015,0.561,0.7562,0.2958,0.4788,0.29,152
06115,Yuba County,CA,2016,0.5723,0.7644,0.3083,0.4853,2.31,144
06115,Yuba County,CA,2017,0.558,0.7525,0.3043,0.4865,-0.25,140
06115,Yuba County,CA,2018,0.5545,0.7545,0.2969,0.4781,-0.88,150
06115,Yuba County,CA,2019,0.5581,0.7551,0.3019,0.4862,-0.23,157
06115,Yuba County,CA,2020,0.5447,0.7512,0.2945,0.4774,-2.63,158
06115,Yuba County,CA,2021,0.5561,0.7421,0.2995,0.4707,-0.59,205
06115,Yuba County,CA,2022,0.5572,0.741,0.2991,0.4758,-0.39,132
06115,Yuba County,CA,2023,0.5537,0.7323,0.2919,0.4609,-1.02,165
06115,Yuba County,CA,2024,0.5617,0.7608,0.2942,0.4746,0.41,125
06115,Yuba County,CA,2025,0.576,0.7685,0.3007,0.4859,2.97,195
10001,Kent County,DE,2000,0.5667,0.8295,0.3669,0.6507,4.72,225
10001,Kent County,DE,2001,0.5138,0.8099,0.3286,0.6378,-5.05,221
10001,Kent County,DE,2002,0.5381,0.7737,0.3367,0.5931,-0.56,213
10001,Kent County,DE,2003,0.4969,0.8039,0.31,0.6204,-8.17,226
10001,Kent County,DE,2004,0.5322,0.8101,0.3388,0.6423,-1.65,218
10001,Kent County,DE,2005,0.5262,0.8232,0.327,0.6405,-2.76,215
10001,Kent County,DE,2006,0.5353,0.8002,0.3308,0.6106,-1.08,210
10001,Kent County,DE,2007,0.5286,0.7683,0.3293,0.588,-2.32,209
10001,Kent County,DE,2008,0.5383,0.7711,0.3355,0.5859,-0.52,205
10001,Kent County,DE,2009,0.5373,0.8064,0.3386,0.6282,-0.71,227
10001,Kent County,DE,2010,0.5118,0.8078,0.3252,0.6269,-5.42,211
10001,Kent County,DE,2011,0.5401,0.8022,0.3391,0.6204,-0.19,222
10001,Kent County,DE,2012,0.5542,0.7823,0.3407,0.5892,2.41,214
10001,Kent County,DE,2013,0.5477,0.8097,0.3463,0.635,1.21,215
10001,Kent County,DE,2014,0.5281,0.8092,0.3333,0.6456,-2.41,220
10001,Kent County,DE,2015,0.5303,0.8158,0.3313,0.6375,-2.0,212
10001,Kent County,DE,2016,0.5571,0.8224,0.3499,0.6307,2.95,217
10001,Kent County,DE,2017,0.5638,0.8222,0.3565,0.6523,4.19,215
10001,Kent County,DE,2018,0.5454,0.8145,0.3408,0.6269,0.79,226
10001,Kent County,DE,2019,0.5329,0.8092,0.3333,0.6349,-1.52,211
10001,Kent County,DE,2020,0.5625,0.8236,0.345,0.6338,3.95,217
10001,Kent County,DE,2021,0.5632,0.833,0.3573,0.6568,4.08,219
10001,Kent County,DE,2022,0.5538,0.8173,0.3483,0.6377,2.34,216
10001,Kent County,DE,2023,0.5702,0.8179,0.3587,0.6507,5.37,222
10001,Kent County,DE,2024,0.5492,0.8273,0.3399,0.6459,1.49,214
10001,Kent County,DE,2025,0.5458,0.8208,0.3351,0.6412,0.86,212
10003,New Castle County,DE,2000,0.5344,0.759,0.339,0.5817,4.29,217
10003,New Castle County,DE,2001,0.4846,0.7465,0.2988,0.5631,-5.43,207
10003,New Castle County,DE,2002,0.512,0.7277,0.311,0.5427,-0.08,203
10003,New Castle County,DE,2003,0.474,0.7501,0.2923,0.5601,-7.5,215
10003,New Castle County,DE,2004,0.5055,0.761,0.3103,0.5796,-1.35,207
10003,New Castle County,DE,2005,0.5048,0.7582,0.3058,0.5693,-1.49,207
10003,New Castle County,DE,2006,0.5086,0.7412,0.3055,0.5509,-0.74,209
10003,New Castle County,DE,2007,0.5035,0.7347,0.3074,0.5506,-1.74,204
10003,New Castle County,DE,2008,0.5085,0.7242,0.308,0.5352,-0.76,202
10003,New Castle County,DE,2009,0.5119,0.7572,0.3131,0.5691,-0.1,218
10003,New Castle County,DE,2010,0.4794,0.7441,0.2993,0.5597,-6.44,197
10003,New Castle County,DE,2011,0.5036,0.7499,0.3087,0.5655,-1.72,221
10003,New Castle County,DE,2012,0.5315,0.7434,0.3187,0.5522,3.72,212
10003,New Castle County,DE,2013,0.518,0.7547,0.3195,0.581,1.09,208
10003,New Castle County,DE,2014,0.4935,0.751,0.3039,0.5713,-3.69,212
10003,New Castle County,DE,2015,0.5038,0.7581,0.3059,0.5739,-1.68,204
10003,New Castle County,DE,2016,0.5248,0.7598,0.3189,0.5739,2.42,209
10003,New Castle County,DE,2017,0.5319,0.7623,0.3234,0.5845,3.8,206
10003,New Castle County,DE,2018,0.5157,0.7529,0.3163,0.5637,0.64,218
10003,New Castle County,DE,2019,0.5113,0.7574,0.3045,0.5641,-0.22,190
10003,New Castle County,DE,2020,0.5376,0.762,0.3212,0.5698,4.91,208
10003,New Castle County,DE,2021,0.5325,0.7583,0.322,0.5612,3.92,201
10003,New Castle County,DE,2022,0.5249,0.7504,0.3175,0.57,2.44,202
10003,New Castle County,DE,2023,0.5423,0.7533,0.3283,0.5754,5.83,213
10003,New Castle County,DE,2024,0.5111,0.7608,0.3077,0.5734,-0.26,200
10003,New Castle County,DE,2025,0.5131,0.7639,0.3084,0.5948,0.13,208
10005,Sussex County,DE,2000,0.5869,0.8323,0.372,0.6419,3.35,218
10005,Sussex County,DE,2001,0.5506,0.8255,0.3439,0.6326,-3.04,222
10005,Sussex County,DE,2002,0.5654,0.7772,0.3504,0.5915,-0.43,215
10005,Sussex County,DE,2003,0.5449,0.8206,0.3329,0.6246,-4.04,223
10005,Sussex County,DE,2004,0.5639,0.8173,0.3542,0.6427,-0.7,215
10005,Sussex County,DE,2005,0.5515,0.8235,0.3345,0.6193,-2.88,214
10005,Sussex County,DE,2006,0.5595,0.8015,0.3448,0.6119,-1.47,209
10005,Sussex County,DE,2007,0.554,0.7785,0.3362,0.5768,-2.44,211
10005,Sussex County,DE,2008,0.5668,0.7925,0.3467,0.5894,-0.19,213
10005,Sussex County,DE,2009,0.559,0.8153,0.3425,0.617,-1.56,222
10005,Sussex County,DE,2010,0.5365,0.7939,0.3303,0.5877,-5.52,208
10005,Sussex County,DE,2011,0.5728,0.8004,0.3522,0.6046,0.87,214
10005,Sussex County,DE,2012,0.5858,0.8079,0.3583,0.6051,3.16,219
10005,Sussex County,DE,2013,0.5701,0.8146,0.3519,0.6207,0.39,213
10005,Sussex County,DE,2014,0.562,0.8116,0.3464,0.6371,-1.03,220
10005,Sussex County,DE,2015,0.5587,0.8252,0.3438,0.6271,-1.61,210
10005,Sussex County,DE,2016,0.574,0.8189,0.3504,0.6248,1.08,219
10005,Sussex County,DE,2017,0.5843,0.8241,0.3621,0.6361,2.89,211
10005,Sussex County,DE,2018,0.5655,0.8132,0.3422,0.6056,-0.42,222
10005,Sussex County,DE,2019,0.5657,0.8099,0.3475,0.621,-0.38,212
10005,Sussex County,DE,2020,0.5833,0.8191,0.3475,0.6067,2.72,217
10005,Sussex County,DE,2021,0.5867,0.8321,0.3599,0.6256,3.32,216
10005,Sussex County,DE,2022,0.5783,0.8104,0.3551,0.6149,1.84,214
10005,Sussex County,DE,2023,0.5931,0.8143,0.3668,0.6343,4.44,218
10005,Sussex County,DE,2024,0.5735,0.8244,0.3504,0.6372,0.99,208
10005,Sussex County,DE,2025,0.5718,0.8226,0.3429,0.6191,0.69,210
19001,Adair County,IA,2000,0.4615,0.8561,0.3113,0.7217,4.03,207
19001,Adair County,IA,2001,0.4199,0.8316,0.27,0.6426,-5.35,206
19001,Adair County,IA,2002,0.4747,0.84,0.3109,0.6556,7.0,212
19001,Adair County,IA,2003,0.4175,0.8204,0.2736,0.6355,-5.89,202
19001,Adair County,IA,2004,0.4639,0.8584,0.316,0.7171,4.57,213
19001,Adair County,IA,2005,0.4231,0.8442,0.2869,0.6816,-4.63,208
19001,Adair County,IA,2006,0.4767,0.8477,0.3215,0.6872,7.45,215
19001,Adair County,IA,2007,0.4236,0.8481,0.2861,0.6642,-4.52,225
19001,Adair County,IA,2008,0.4277,0.8456,0.2844,0.6654,-3.59,215
19001,Adair County,IA,2009,0.4412,0.8557,0.3018,0.7114,-0.55,221
19001,Adair County,IA,2010,0.4182,0.8518,0.2944,0.7124,-5.73,211
19001,Adair County,IA,2011,0.4518,0.8647,0.3144,0.6972,1.84,218
19001,Adair County,IA,2012,0.422,0.783,0.2788,0.6006,-4.88,193
19001,Adair County,IA,2013,0.4332,0.8197,0.2803,0.646,-2.35,212
19001,Adair County,IA,2014,0.4421,0.8559,0.3052,0.7018,-0.35,218
19001,Adair County,IA,2015,0.4598,0.8721,0.3203,0.7293,3.64,220
19001,Adair County,IA,2016,0.4666,0.8787,0.3262,0.7493,5.17,219
19001,Adair County,IA,2017,0.4769,0.8473,0.3205,0.6719,7.5,215
19001,Adair County,IA,2018,0.4559,0.8503,0.2998,0.676,2.76,197
19001,Adair County,IA,2019,0.4437,0.8642,0.3041,0.6986,0.01,228
19001,Adair County,IA,2020,0.4212,0.8559,0.2867,0.6879,-5.06,207
19001,Adair County,IA,2021,0.4351,0.8744,0.3025,0.7236,-1.93,215
19001,Adair County,IA,2022,0.4174,0.8245,0.2937,0.6585,-5.92,220
19001,Adair County,IA,2023,0.4511,0.8713,0.3085,0.7052,1.68,214
19001,Adair County,IA,2024,0.4592,0.8729,0.3154,0.7409,3.51,210
19001,Adair County,IA,2025,0.4507,0.8834,0.3197,0.8135,1.59,209
19003,Adams County,IA,2000,0.4884,0.8513,0.3183,0.6696,5.52,207
19003,Adams County,IA,2001,0.4437,0.8308,0.2795,0.626,-4.14,203
19003,Adams County,IA,2002,0.4832,0.8163,0.3065,0.6147,4.4,202
19003,Adams County,IA,2003,0.4321,0.8088,0.2781,0.6305,-6.64,192
19003,Adams County,IA,2004,0.4836,0.8511,0.3197,0.6914,4.48,206
19003,Adams County,IA,2005,0.4447,0.8373,0.2927,0.6602,-3.92,206
19003,Adams County,IA,2006,0.4901,0.8297,0.315,0.6347,5.89,210
19003,Adams County,IA,2007,0.4416,0.8378,0.2906,0.6456,-4.59,222
19003,Adams County,IA,2008,0.4345,0.8227,0.2824,0.6408,-6.13,213
19003,Adams County,IA,2009,0.4593,0.8565,0.3089,0.7152,-0.77,214
19003,Adams County,IA,2010,0.4369,0.845,0.2999,0.7022,-5.61,207
19003,Adams County,IA,2011,0.463,0.8485,0.3096,0.6608,0.03,216
19003,Adams County,IA,2012,0.4479,0.7964,0.2912,0.6089,-3.23,191
19003,Adams County,IA,2013,0.458,0.8293,0.2935,0.6596,-1.05,210
19003,Adams County,IA,2014,0.4605,0.8657,0.3132,0.693,-0.51,212
19003,Adams County,IA,2015,0.4795,0.8545,0.3234,0.6972,3.6,215
19003,Adams County,IA,2016,0.5001,0.8714,0.3367,0.7158,8.05,214
19003,Adams County,IA,2017,0.4993,0.8453,0.3267,0.6572,7.88,209
19003,Adams County,IA,2018,0.4725,0.8535,0.311,0.6802,2.08,199
19003,Adams County,IA,2019,0.4591,0.8634,0.3097,0.6892,-0.81,224
19003,Adams County,IA,2020,0.4547,0.8618,0.3034,0.688,-1.76,210
19003,Adams County,IA,2021,0.4524,0.8652,0.3093,0.7066,-2.26,212
19003,Adams County,IA,2022,0.436,0.8292,0.3048,0.6658,-5.8,212
19003,Adams County,IA,2023,0.469,0.8847,0.3137,0.6925,1.33,216
19003,Adams County,IA,2024,0.4675,0.8693,0.3136,0.7175,1.0,206
19003,Adams County,IA,2025,0.4765,0.8879,0.3258,0.7743,2.95,212
19005,Allamakee County,IA,2000,0.5207,0.8515,0.3432,0.6719,10.1,210
19005,Allamakee County,IA,2001,0.4691,0.8593,0.2994,0.6611,-0.81,207
19005,Allamakee County,IA,2002,0.5383,0.8644,0.3392,0.6781,13.82,206
19005,Allamakee County,IA,2003,0.4689,0.851,0.303,0.6878,-0.86,196
19005,Allamakee County,IA,2004,0.5046,0.8605,0.3165,0.6721,6.69,211
19005,Allamakee County,IA,2005,0.4519,0.8615,0.3002,0.6933,-4.45,206
19005,Allamakee County,IA,2006,0.5263,0.8504,0.3417,0.691,11.28,201
19005,Allamakee County,IA,2007,0.4686,0.8577,0.3024,0.6865,-0.92,201
19005,Allamakee County,IA,2008,0.43,0.8532,0.2849,0.6685,-9.08,207
19005,Allamakee County,IA,2009,0.4479,0.8649,0.2953,0.6744,-5.3,209
19005,Allamakee County,IA,2010,0.4567,0.8684,0.3058,0.6929,-3.44,202
19005,Allamakee County,IA,2011,0.4533,0.8686,0.2986,0.6856,-4.16,206
19005,Allamakee County,IA,2012,0.4859,0.841,0.3111,0.6476,2.74,204
19005,Allamakee County,IA,2013,0.4395,0.8521,0.2915,0.6818,-7.07,214
19005,Allamakee County,IA,2014,0.4329,0.865,0.295,0.7127,-8.47,217
19005,Allamakee County,IA,2015,0.4683,0.8729,0.3077,0.6921,-0.98,200
19005,Allamakee County,IA,2016,0.4618,0.8728,0.3073,0.7168,-2.36,208
19005,Allamakee County,IA,2017,0.4866,0.8644,0.313,0.6924,2.89,210
19005,Allamakee County,IA,2018,0.4631,0.8616,0.3017,0.7095,-2.08,206
19005,Allamakee County,IA,2019,0.4565,0.8652,0.3039,0.7036,-3.48,212
19005,Allamakee County,IA,2020,0.464,0.8728,0.3061,0.7037,-1.89,204
19005,Allamakee County,IA,2021,0.4793,0.8783,0.3129,0.7038,1.34,210
19005,Allamakee County,IA,2022,0.4502,0.8832,0.3009,0.7111,-4.81,215
19005,Allamakee County,IA,2023,0.4821,0.8661,0.3085,0.6785,1.93,209
19005,Allamakee County,IA,2024,0.4996,0.8648,0.3174,0.6875,5.63,209
19005,Allamakee County,IA,2025,0.4907,0.8772,0.3245,0.7553,3.75,211
19007,Appanoose County,IA,2000,0.5566,0.8372,0.3591,0.6451,10.05,204
19007,Appanoose County,IA,2001,0.484,0.8207,0.3092,0.6165,-4.3,199
19007,Appanoose County,IA,2002,0.5211,0.8197,0.3292,0.6311,3.03,190
19007,Appanoose County,IA,2003,0.5001,0.8213,0.3275,0.6584,-1.12,188
19007,Appanoose County,IA,2004,0.5217,0.8326,0.3442,0.6704,3.15,203
19007,Appanoose County,IA,2005,0.4953,0.8202,0.319,0.6407,-2.07,194
19007,Appanoose County,IA,2006,0.5342,0.8219,0.3474,0.6474,5.62,216
19007,Appanoose County,IA,2007,0.4887,0.8195,0.3249,0.6379,-3.37,213
19007,Appanoose County,IA,2008,0.465,0.8092,0.3072,0.623,-8.06,211
19007,Appanoose County,IA,2009,0.5075,0.8379,0.3413,0.6768,0.34,205
19007,Appanoose County,IA,2010,0.4826,0.8127,0.325,0.6401,-4.58,201
19007,Appanoose County,IA,2011,0.4835,0.8235,0.3158,0.6332,-4.4,198
19007,Appanoose County,IA,2012,0.4985,0.7794,0.3109,0.589,-1.44,166
19007,Appanoose County,IA,2013,0.4838,0.8079,0.312,0.6522,-4.34,193
19007,Appanoose County,IA,2014,0.4779,0.8363,0.3196,0.681,-5.51,206
19007,Appanoose County,IA,2015,0.5059,0.8338,0.3311,0.6639,0.03,195
19007,Appanoose County,IA,2016,0.544,0.8464,0.3605,0.6863,7.56,210
19007,Appanoose County,IA,2017,0.5355,0.8179,0.3466,0.6477,5.88,198
19007,Appanoose County,IA,2018,0.5136,0.8291,0.3338,0.6606,1.55,196
19007,Appanoose County,IA,2019,0.5001,0.8313,0.3268,0.6552,-1.12,216
19007,Appanoose County,IA,2020,0.503,0.8515,0.3229,0.6695,-0.55,199
19007,Appanoose County,IA,2021,0.5062,0.8464,0.336,0.6713,0.09,208
19007,Appanoose County,IA,2022,0.4788,0.8377,0.3137,0.6468,-5.33,198
19007,Appanoose County,IA,2023,0.5148,0.8452,0.3194,0.614,1.79,214
19007,Appanoose County,IA,2024,0.5188,0.8419,0.3388,0.6766,2.58,196
19007,Appanoose County,IA,2025,0.5285,0.8719,0.3477,0.7243,4.5,202
19009,Audubon County,IA,2000,0.4379,0.8756,0.3005,0.7397,6.41,204
19009,Audubon County,IA,2001,0.3856,0.8508,0.2466,0.6591,-6.3,213
19009,Audubon County,IA,2002,0.4342,0.8405,0.2775,0.6429,5.51,214
19009,Audubon County,IA,2003,0.3886,0.8479,0.2605,0.6837,-5.57,209
19009,Audubon County,IA,2004,0.4246,0.8791,0.295,0.7632,3.17,214
19009,Audubon County,IA,2005,0.3933,0.8776,0.2727,0.7326,-4.43,213
19009,Audubon County,IA,2006,0.4393,0.8733,0.3043,0.7278,6.75,212
19009,Audubon County,IA,2007,0.3853,0.8612,0.2594,0.6945,-6.37,223
19009,Audubon County,IA,2008,0.3964,0.8769,0.2712,0.7282,-3.68,211
19009,Audubon County,IA,2009,0.4025,0.8806,0.284,0.7685,-2.2,218
19009,Audubon County,IA,2010,0.3895,0.872,0.2797,0.7567,-5.35,216
19009,Audubon County,IA,2011,0.4205,0.8973,0.2991,0.7508,2.18,213
19009,Audubon County,IA,2012,0.3921,0.8223,0.2668,0.6557,-4.72,197
19009,Audubon County,IA,2013,0.4072,0.8619,0.2702,0.7001,-1.05,219
19009,Audubon County,IA,2014,0.4264,0.8836,0.3011,0.7545,3.61,223
19009,Audubon County,IA,2015,0.4164,0.8957,0.2984,0.7729,1.18,221
19009,Audubon County,IA,2016,0.4152,0.8916,0.2923,0.7589,0.89,218
19009,Audubon County,IA,2017,0.4436,0.8772,0.3023,0.7104,7.79,213
19009,Audubon County,IA,2018,0.4184,0.8866,0.2847,0.7251,1.67,197
19009,Audubon County,IA,2019,0.4275,0.9009,0.3045,0.7584,3.88,223
19009,Audubon County,IA,2020,0.3841,0.8672,0.2693,0.7205,-6.67,201
19009,Audubon County,IA,2021,0.4033,0.9032,0.2894,0.7701,-2.0,207
19009,Audubon County,IA,2022,0.4105,0.876,0.2992,0.7266,-0.25,216
19009,Audubon County,IA,2023,0.4045,0.8898,0.2835,0.7459,-1.71,203
19009,Audubon County,IA,2024,0.4297,0.8954,0.3038,0.7743,4.41,209
19009,Audubon County,IA,2025,0.4233,0.9027,0.3119,0.8456,2.86,208
19011,Benton County,IA,2000,0.4353,0.8776,0.2865,0.7216,5.92,208
19011,Benton County,IA,2001,0.3874,0.8855,0.2561,0.7243,-5.73,216
19011,Benton County,IA,2002,0.4433,0.8879,0.2943,0.7374,7.87,212
19011,Benton County,IA,2003,0.4043,0.872,0.2688,0.7489,-1.62,211
19011,Benton County,IA,2004,0.4324,0.8851,0.2911,0.7646,5.22,212
19011,Benton County,IA,2005,0.395,0.8837,0.2698,0.7559,-3.88,207
19011,Benton County,IA,2006,0.4517,0.8897,0.3116,0.7669,9.92,208
19011,Benton County,IA,2007,0.3911,0.8818,0.2668,0.7473,-4.83,210
19011,Benton County,IA,2008,0.3693,0.8819,0.2545,0.7197,-10.14,225
19011,Benton County,IA,2009,0.4049,0.8893,0.2835,0.7648,-1.47,220
19011,Benton County,IA,2010,0.387,0.8876,0.274,0.7727,-5.83,210
19011,Benton County,IA,2011,0.4107,0.8878,0.2853,0.7392,-0.06,214
19011,Benton County,IA,2012,0.4114,0.8401,0.2681,0.6627,0.11,206
19011,Benton County,IA,2013,0.3997,0.8733,0.263,0.7201,-2.74,218
19011,Benton County,IA,2014,0.3976,0.8812,0.2767,0.759,-3.25,223
19011,Benton County,IA,2015,0.414,0.8983,0.2901,0.778,0.74,214
19011,Benton County,IA,2016,0.4111,0.901,0.2935,0.7956,0.04,207
19011,Benton County,IA,2017,0.4342,0.8883,0.2998,0.7524,5.66,213
19011,Benton County,IA,2018,0.4264,0.8929,0.2952,0.79,3.76,203
19011,Benton County,IA,2019,0.4082,0.8779,0.2791,0.7307,-0.67,220
19011,Benton County,IA,2020,0.3991,0.8889,0.2731,0.7394,-2.88,205
19011,Benton County,IA,2021,0.4002,0.888,0.2734,0.7671,-2.62,208
19011,Benton County,IA,2022,0.3982,0.8942,0.2861,0.78,-3.1,220
19011,Benton County,IA,2023,0.4135,0.8852,0.2802,0.7096,0.62,216
19011,Benton County,IA,2024,0.4348,0.8949,0.303,0.7913,5.8,219
19011,Benton County,IA,2025,0.424,0.9115,0.308,0.8353,3.17,209
19013,Black Hawk County,IA,2000,0.4265,0.8502,0.2772,0.6944,6.08,209
19013,Black Hawk County,IA,2001,0.3792,0.8638,0.2439,0.6948,-5.68,217
19013,Black Hawk County,IA,2002,0.4412,0.866,0.2855,0.7123,9.74,212
19013,Black Hawk County,IA,2003,0.385,0.84,0.25,0.7061,-4.24,207
19013,Black Hawk County,IA,2004,0.4282,0.8612,0.281,0.7133,6.51,213
19013,Black Hawk County,IA,2005,0.3938,0.8645,0.2643,0.7353,-2.05,210
19013,Black Hawk County,IA,2006,0.4455,0.8713,0.3007,0.7383,10.81,208
19013,Black Hawk County,IA,2007,0.3811,0.8537,0.2538,0.7079,-5.21,211
19013,Black Hawk County,IA,2008,0.3553,0.8493,0.2353,0.6738,-11.63,222
19013,Black Hawk County,IA,2009,0.3866,0.854,0.2622,0.7055,-3.84,217
19013,Black Hawk County,IA,2010,0.3766,0.8607,0.2558,0.7139,-6.33,206
19013,Black Hawk County,IA,2011,0.4004,0.8612,0.2725,0.7126,-0.41,215
19013,Black Hawk County,IA,2012,0.3974,0.8119,0.2564,0.6466,-1.15,200
19013,Black Hawk County,IA,2013,0.3854,0.8476,0.254,0.6974,-4.14,223
19013,Black Hawk County,IA,2014,0.3829,0.8432,0.2535,0.6946,-4.76,219
19013,Black Hawk County,IA,2015,0.4055,0.8734,0.2757,0.7392,0.86,208
19013,Black Hawk County,IA,2016,0.3912,0.8707,0.2706,0.7467,-2.7,208
19013,Black Hawk County,IA,2017,0.4275,0.8608,0.2827,0.7204,6.33,210
19013,Black Hawk County,IA,2018,0.4188,0.8606,0.2834,0.7533,4.17,204
19013,Black Hawk County,IA,2019,0.4066,0.8532,0.2708,0.6927,1.13,216
19013,Black Hawk County,IA,2020,0.3987,0.8569,0.2661,0.7057,-0.83,203
19013,Black Hawk County,IA,2021,0.4015,0.8432,0.2661,0.7063,-0.13,211
19013,Black Hawk County,IA,2022,0.3879,0.864,0.2691,0.7254,-3.52,219
19013,Black Hawk County,IA,2023,0.4045,0.8471,0.2673,0.6686,0.61,207
19013,Black Hawk County,IA,2024,0.4246,0.8612,0.2849,0.733,5.61,217
19013,Black Hawk County,IA,2025,0.4212,0.8772,0.2961,0.7976,4.77,211
19015,Boone County,IA,2000,0.4353,0.8851,0.2796,0.7351,4.33,203
19015,Boone County,IA,2001,0.3803,0.8737,0.2293,0.6752,-8.85,214
19015,Boone County,IA,2002,0.4469,0.8714,0.2747,0.7091,7.11,214
19015,Boone County,IA,2003,0.4072,0.8782,0.2574,0.7264,-2.4,208
19015,Boone County,IA,2004,0.4295,0.8868,0.2768,0.7502,2.94,208
19015,Boone County,IA,2005,0.4017,0.8876,0.2604,0.7291,-3.72,209
19015,Boone County,IA,2006,0.4461,0.8842,0.2849,0.7372,6.92,210
19015,Boone County,IA,2007,0.3881,0.8776,0.2486,0.7185,-6.98,212
19015,Boone County,IA,2008,0.3836,0.8741,0.2426,0.6751,-8.06,213
19015,Boone County,IA,2009,0.4087,0.8838,0.2721,0.7556,-2.04,213
19015,Boone County,IA,2010,0.3875,0.8759,0.2494,0.7135,-7.13,202
19015,Boone County,IA,2011,0.4271,0.888,0.2764,0.7373,2.37,216
19015,Boone County,IA,2012,0.4218,0.8627,0.2661,0.6848,1.1,192
19015,Boone County,IA,2013,0.4009,0.8601,0.2504,0.6905,-3.91,215
19015,Boone County,IA,2014,0.4202,0.8758,0.2748,0.7262,0.71,211
19015,Boone County,IA,2015,0.4312,0.9012,0.2773,0.753,3.35,209
19015,Boone County,IA,2016,0.4277,0.8936,0.281,0.7478,2.51,209
19015,Boone County,IA,2017,0.4402,0.8814,0.2716,0.7064,5.51,207
19015,Boone County,IA,2018,0.4224,0.8833,0.2581,0.691,1.24,200
19015,Boone County,IA,2019,0.4206,0.8858,0.273,0.7365,0.81,212
19015,Boone County,IA,2020,0.4066,0.8794,0.2662,0.7294,-2.55,202
19015,Boone County,IA,2021,0.4164,0.8924,0.2663,0.712,-0.2,213
19015,Boone County,IA,2022,0.4124,0.8862,0.2835,0.7407,-1.16,220
19015,Boone County,IA,2023,0.4283,0.9014,0.2828,0.7469,2.65,210
19015,Boone County,IA,2024,0.4299,0.9016,0.2865,0.7675,3.04,211
19015,Boone County,IA,2025,0.4274,0.9096,0.2957,0.8245,2.44,204
19017,Bremer County,IA,2000,0.4391,0.8756,0.2936,0.7434,6.92,209
19017,Bremer County,IA,2001,0.3906,0.8886,0.2504,0.7179,-4.89,217
19017,Bremer County,IA,2002,0.4562,0.8848,0.2948,0.7404,11.08,213
19017,Bremer County,IA,2003,0.3977,0.8712,0.2545,0.7225,-3.16,206
19017,Bremer County,IA,2004,0.4392,0.8875,0.2869,0.7289,6.94,214
19017,Bremer County,IA,2005,0.408,0.8886,0.2773,0.7721,-0.65,212
19017,Bremer County,IA,2006,0.4535,0.8888,0.3046,0.7609,10.43,208
19017,Bremer County,IA,2007,0.3907,0.8738,0.2577,0.727,-4.87,207
19017,Bremer County,IA,2008,0.3645,0.8707,0.2427,0.7079,-11.25,217
19017,Bremer County,IA,2009,0.3985,0.8768,0.2739,0.7442,-2.97,219
19017,Bremer County,IA,2010,0.383,0.8854,0.2583,0.7346,-6.74,208
19017,Bremer County,IA,2011,0.4061,0.8872,0.2789,0.7493,-1.12,216
19017,Bremer County,IA,2012,0.4135,0.8559,0.2676,0.6816,0.69,197
19017,Bremer County,IA,2013,0.3903,0.8726,0.2629,0.7358,-4.96,223
19017,Bremer County,IA,2014,0.3745,0.866,0.2502,0.7166,-8.81,221
19017,Bremer County,IA,2015,0.4133,0.9027,0.2781,0.7575,0.64,205
19017,Bremer County,IA,2016,0.4006,0.8945,0.2737,0.7615,-2.46,210
19017,Bremer County,IA,2017,0.4292,0.8852,0.281,0.747,4.51,215
19017,Bremer County,IA,2018,0.4222,0.8778,0.2824,0.7669,2.8,204
19017,Bremer County,IA,2019,0.4228,0.8846,0.282,0.7361,2.95,215
19017,Bremer County,IA,2020,0.3973,0.8775,0.2661,0.7241,-3.26,203
19017,Bremer County,IA,2021,0.4113,0.8734,0.2732,0.7381,0.15,211
19017,Bremer County,IA,2022,0.3991,0.8922,0.2789,0.749,-2.82,216
19017,Bremer County,IA,2023,0.4158,0.8873,0.2774,0.7222,1.25,210
19017,Bremer County,IA,2024,0.4353,0.8835,0.288,0.7515,5.99,216
19017,Bremer County,IA,2025,0.4255,0.8996,0.2974,0.8182,3.61,209
19019,Buchanan County,IA,2000,0.424,0.8675,0.284,0.7392,5.59,213
19019,Buchanan County,IA,2001,0.3763,0.8786,0.2476,0.7197,-6.29,221
19019,Buchanan County,IA,2002,0.4328,0.8872,0.2864,0.7579,7.78,212
19019,Buchanan County,IA,2003,0.3855,0.8682,0.2559,0.7418,-4.0,210
19019,Buchanan County,IA,2004,0.4196,0.8805,0.2777,0.723,4.49,214
19019,Buchanan County,IA,2005,0.3938,0.8867,0.2673,0.759,-1.93,212
19019,Buchanan County,IA,2006,0.4455,0.8921,0.3094,0.779,10.94,211
19019,Buchanan County,IA,2007,0.3834,0.878,0.2568,0.7368,-4.52,208
19019,Buchanan County,IA,2008,0.3631,0.8748,0.249,0.7114,-9.58,225
19019,Buchanan County,IA,2009,0.3899,0.8804,0.2676,0.724,-2.9,221
19019,Buchanan County,IA,2010,0.3736,0.8814,0.2577,0.7478,-6.96,207
19019,Buchanan County,IA,2011,0.3998,0.8881,0.2791,0.7587,-0.44,215
19019,Buchanan County,IA,2012,0.3984,0.8438,0.2657,0.6905,-0.79,207
19019,Buchanan County,IA,2013,0.381,0.8617,0.2577,0.7085,-5.12,224
19019,Buchanan County,IA,2014,0.3855,0.8683,0.2641,0.748,-4.0,219
19019,Buchanan County,IA,2015,0.4004,0.8963,0.2759,0.7499,-0.29,211
19019,Buchanan County,IA,2016,0.3923,0.8975,0.2745,0.777,-2.31,207
19019,Buchanan County,IA,2017,0.4286,0.8927,0.2928,0.7517,6.73,212
19019,Buchanan County,IA,2018,0.4154,0.8851,0.2861,0.7727,3.45,204
19019,Buchanan County,IA,2019,0.4131,0.8823,0.2813,0.7297,2.87,217
19019,Buchanan County,IA,2020,0.3943,0.8864,0.2688,0.749,-1.81,205
19019,Buchanan County,IA,2021,0.4008,0.8871,0.2732,0.7703,-0.19,210
19019,Buchanan County,IA,2022,0.3941,0.8932,0.2821,0.7745,-1.86,224
19019,Buchanan County,IA,2023,0.4095,0.8839,0.2789,0.7306,1.98,211
19019,Buchanan County,IA,2024,0.4275,0.8898,0.2946,0.7642,6.46,223
19019,Buchanan County,IA,2025,0.4123,0.8957,0.2974,0.8332,2.68,213
19021,Buena Vista County,IA,2000,0.3936,0.8592,0.2446,0.6526,3.03,207
19021,Buena Vista County,IA,2001,0.3456,0.8804,0.2165,0.7213,-9.54,223
19021,Buena Vista County,IA,2002,0.4,0.8715,0.248,0.6814,4.7,218
19021,Buena Vista County,IA,2003,0.374,0.8596,0.2298,0.6789,-2.1,213
19021,Buena Vista County,IA,2004,0.4023,0.8891,0.2563,0.7354,5.31,213
19021,Buena Vista County,IA,2005,0.3763,0.8896,0.2457,0.7336,-1.5,215
19021,Buena Vista County,IA,2006,0.4079,0.8599,0.2593,0.6902,6.77,215
19021,Buena Vista County,IA,2007,0.3628,0.8708,0.2301,0.7075,-5.03,216
19021,Buena Vista County,IA,2008,0.3531,0.8741,0.228,0.7211,-7.57,217
19021,Buena Vista County,IA,2009,0.3654,0.8813,0.2501,0.7659,-4.35,217
19021,Buena Vista County,IA,2010,0.3503,0.8905,0.2358,0.745,-8.3,208
19021,Buena Vista County,IA,2011,0.3931,0.8965,0.2644,0.7531,2.9,211
19021,Buena Vista County,IA,2012,0.3795,0.8675,0.245,0.7014,-0.66,200
19021,Buena Vista County,IA,2013,0.3727,0.8673,0.2361,0.7057,-2.44,226
19021,Buena Vista County,IA,2014,0.3875,0.8801,0.2562,0.7316,1.43,224
19021,Buena Vista County,IA,2015,0.3808,0.899,0.2562,0.7821,-0.32,221
19021,Buena Vista County,IA,2016,0.3906,0.8918,0.2657,0.7721,2.24,216
19021,Buena Vista County,IA,2017,0.4053,0.8758,0.2597,0.7104,6.09,222
19021,Buena Vista County,IA,2018,0.3735,0.8922,0.2474,0.7464,-2.23,209
19021,Buena Vista County,IA,2019,0.3898,0.8954,0.2616,0.7305,2.03,225
19021,Buena Vista County,IA,2020,0.3739,0.8858,0.2529,0.7548,-2.13,207
19021,Buena Vista County,IA,2021,0.3887,0.8997,0.2593,0.7486,1.75,214
19021,Buena Vista County,IA,2022,0.3835,0.8843,0.2676,0.7486,0.39,222
19021,Buena Vista County,IA,2023,0.3738,0.8896,0.2537,0.7387,-2.15,218
19021,Buena Vista County,IA,2024,0.4097,0.891,0.2666,0.7578,7.24,221
19021,Buena Vista County,IA,2025,0.399,0.9109,0.2812,0.8147,4.44,210
19023,Butler County,IA,2000,0.4255,0.8818,0.2782,0.7305,5.54,209
19023,Butler County,IA,2001,0.3731,0.8885,0.2357,0.7173,-7.45,219
19023,Butler County,IA,2002,0.4478,0.8827,0.2926,0.7416,11.08,216
19023,Butler County,IA,2003,0.3929,0.8719,0.2585,0.7377,-2.54,209
19023,Butler County,IA,2004,0.4273,0.894,0.2822,0.7524,5.99,214
19023,Butler County,IA,2005,0.3917,0.889,0.2641,0.7528,-2.84,211
19023,Butler County,IA,2006,0.4355,0.8932,0.2964,0.7732,8.02,209
19023,Butler County,IA,2007,0.3787,0.8768,0.2515,0.7266,-6.06,206
19023,Butler County,IA,2008,0.3612,0.8738,0.2415,0.7099,-10.41,218
19023,Butler County,IA,2009,0.3934,0.8806,0.2694,0.7394,-2.42,218
19023,Butler County,IA,2010,0.3785,0.8919,0.2557,0.7343,-6.11,208
19023,Butler County,IA,2011,0.3974,0.8906,0.2746,0.7544,-1.43,213
19023,Butler County,IA,2012,0.4001,0.8445,0.2564,0.6699,-0.76,194
19023,Butler County,IA,2013,0.3924,0.8786,0.2578,0.7327,-2.67,224
19023,Butler County,IA,2014,0.3765,0.8744,0.2506,0.7072,-6.61,219
19023,Butler County,IA,2015,0.4075,0.9032,0.2805,0.7943,1.08,208
19023,Butler County,IA,2016,0.402,0.9012,0.2748,0.7695,-0.29,210
19023,Butler County,IA,2017,0.4208,0.8885,0.2801,0.7582,4.38,213
19023,Butler County,IA,2018,0.409,0.8892,0.2778,0.7894,1.45,208
19023,Butler County,IA,2019,0.4167,0.8896,0.2793,0.7389,3.36,216
19023,Butler County,IA,2020,0.394,0.8803,0.2694,0.7543,-2.27,203
19023,Butler County,IA,2021,0.4101,0.8749,0.2734,0.7247,1.72,213
19023,Butler County,IA,2022,0.3941,0.8962,0.2734,0.7437,-2.24,213
19023,Butler County,IA,2023,0.4028,0.8873,0.2663,0.7072,-0.09,208
19023,Butler County,IA,2024,0.4304,0.8901,0.2877,0.7722,6.76,214
19023,Butler County,IA,2025,0.4225,0.8954,0.2972,0.8295,4.8,210
19025,Calhoun County,IA,2000,0.3958,0.8861,0.2483,0.7212,2.62,204
19025,Calhoun County,IA,2001,0.3493,0.887,0.2105,0.7062,-9.43,220
19025,Calhoun County,IA,2002,0.4084,0.8878,0.2468,0.6992,5.89,213
19025,Calhoun County,IA,2003,0.3759,0.8699,0.225,0.6825,-2.54,216
19025,Calhoun County,IA,2004,0.3977,0.8883,0.2426,0.7118,3.11,216
19025,Calhoun County,IA,2005,0.3724,0.8935,0.2351,0.7274,-3.45,217
19025,Calhoun County,IA,2006,0.4029,0.8697,0.2492,0.705,4.46,213
19025,Calhoun County,IA,2007,0.3655,0.8823,0.2259,0.7252,-5.23,214
19025,Calhoun County,IA,2008,0.3588,0.8845,0.2287,0.7109,-6.97,217
19025,Calhoun County,IA,2009,0.3692,0.8851,0.2462,0.7608,-4.28,214
19025,Calhoun County,IA,2010,0.3542,0.8956,0.2266,0.7258,-8.16,210
19025,Calhoun County,IA,2011,0.3964,0.9008,0.2551,0.7433,2.78,213
19025,Calhoun County,IA,2012,0.3793,0.8588,0.2397,0.6917,-1.66,196
19025,Calhoun County,IA,2013,0.3794,0.8557,0.2225,0.6776,-1.63,221
19025,Calhoun County,IA,2014,0.4044,0.8921,0.2607,0.7569,4.85,219
19025,Calhoun County,IA,2015,0.3901,0.9019,0.2558,0.7659,1.14,218
19025,Calhoun County,IA,2016,0.3872,0.9007,0.2552,0.7776,0.39,215
19025,Calhoun County,IA,2017,0.4046,0.8794,0.246,0.693,4.9,217
19025,Calhoun County,IA,2018,0.3868,0.8955,0.2435,0.7299,0.29,206
19025,Calhoun County,IA,2019,0.3996,0.8997,0.257,0.7322,3.61,223
19025,Calhoun County,IA,2020,0.3748,0.8836,0.2364,0.7207,-2.82,200
19025,Calhoun County,IA,2021,0.3893,0.9068,0.2529,0.7509,0.94,213
19025,Calhoun County,IA,2022,0.3842,0.8957,0.2593,0.7504,-0.39,213
19025,Calhoun County,IA,2023,0.3808,0.8947,0.2482,0.7312,-1.27,216
19025,Calhoun County,IA,2024,0.4257,0.9083,0.2791,0.7789,10.37,214
19025,Calhoun County,IA,2025,0.3952,0.9225,0.2763,0.8195,2.47,207
19027,Carroll County,IA,2000,0.4163,0.876,0.2841,0.753,4.16,204
19027,Carroll County,IA,2001,0.373,0.8647,0.237,0.684,-6.67,218
19027,Carroll County,IA,2002,0.4211,0.868,0.2706,0.6893,5.36,219
19027,Carroll County,IA,2003,0.3818,0.8703,0.2544,0.7269,-4.47,216
19027,Carroll County,IA,2004,0.4149,0.8917,0.2842,0.7714,3.81,214
19027,Carroll County,IA,2005,0.3864,0.883,0.2621,0.7248,-3.32,214
19027,Carroll County,IA,2006,0.4242,0.8755,0.2841,0.726,6.14,214
19027,Carroll County,IA,2007,0.3672,0.8714,0.2424,0.7153,-8.12,217
19027,Carroll County,IA,2008,0.3768,0.8741,0.2498,0.7128,-5.72,213
19027,Carroll County,IA,2009,0.4021,0.8903,0.2846,0.7956,0.61,215
19027,Carroll County,IA,2010,0.3746,0.8946,0.2631,0.7623,-6.27,214
19027,Carroll County,IA,2011,0.4079,0.9034,0.2818,0.7554,2.06,212
19027,Carroll County,IA,2012,0.3828,0.8374,0.2522,0.6753,-4.22,193
19027,Carroll County,IA,2013,0.3965,0.8554,0.2556,0.7053,-0.79,215
19027,Carroll County,IA,2014,0.4204,0.8912,0.2913,0.779,5.19,219
19027,Carroll County,IA,2015,0.3973,0.8996,0.2796,0.7956,-0.59,218
19027,Carroll County,IA,2016,0.3985,0.8963,0.2757,0.7608,-0.29,214
19027,Carroll County,IA,2017,0.4278,0.8834,0.2841,0.7228,7.04,218
19027,Carroll County,IA,2018,0.4035,0.8965,0.2733,0.7454,0.96,199
19027,Carroll County,IA,2019,0.4197,0.9073,0.2956,0.7864,5.01,220
19027,Carroll County,IA,2020,0.3774,0.8689,0.2605,0.7234,-5.57,205
19027,Carroll County,IA,2021,0.3964,0.9028,0.2729,0.7641,-0.82,207
19027,Carroll County,IA,2022,0.4064,0.892,0.2897,0.7527,1.68,216
19027,Carroll County,IA,2023,0.392,0.8899,0.2669,0.7387,-1.92,216
19027,Carroll County,IA,2024,0.4249,0.8999,0.2972,0.7879,6.31,211
19027,Carroll County,IA,2025,0.4016,0.9191,0.294,0.8282,0.48,207
19029,Cass County,IA,2000,0.4552,0.8739,0.3084,0.7254,5.76,203
19029,Cass County,IA,2001,0.4091,0.8383,0.2626,0.6527,-4.95,212
19029,Cass County,IA,2002,0.4474,0.8221,0.2833,0.6161,3.95,208
19029,Cass County,IA,2003,0.407,0.8245,0.269,0.6557,-5.44,204
19029,Cass County,IA,2004,0.4459,0.8727,0.308,0.7455,3.6,212
19029,Cass County,IA,2005,0.4128,0.8615,0.2813,0.7,-4.09,213
19029,Cass County,IA,2006,0.4624,0.8624,0.3184,0.726,7.43,211
19029,Cass County,IA,2007,0.4054,0.8539,0.2721,0.6716,-5.81,225
19029,Cass County,IA,2008,0.4122,0.8488,0.2753,0.6793,-4.23,213
19029,Cass County,IA,2009,0.4275,0.8714,0.2973,0.7501,-0.67,220
19029,Cass County,IA,2010,0.4026,0.8627,0.2876,0.7438,-6.46,215
19029,Cass County,IA,2011,0.4407,0.8802,0.3102,0.7262,2.39,213
19029,Cass County,IA,2012,0.4115,0.8043,0.2779,0.6402,-4.39,193
19029,Cass County,IA,2013,0.4346,0.8494,0.2854,0.6901,0.98,217
19029,Cass County,IA,2014,0.4368,0.8744,0.3055,0.7389,1.49,220
19029,Cass County,IA,2015,0.4416,0.8793,0.3136,0.7567,2.6,220
19029,Cass County,IA,2016,0.4452,0.8875,0.3125,0.7577,3.44,216
19029,Cass County,IA,2017,0.466,0.8602,0.3136,0.6915,8.27,216
19029,Cass County,IA,2018,0.4354,0.8707,0.2939,0.7182,1.16,201
19029,Cass County,IA,2019,0.4355,0.8901,0.3057,0.7444,1.18,225
19029,Cass County,IA,2020,0.4069,0.873,0.2816,0.7179,-5.46,206
19029,Cass County,IA,2021,0.4202,0.8829,0.2963,0.7428,-2.37,213
19029,Cass County,IA,2022,0.4122,0.8506,0.2916,0.6829,-4.23,213
19029,Cass County,IA,2023,0.4358,0.8864,0.3027,0.7373,1.25,211
19029,Cass County,IA,2024,0.4373,0.8839,0.3064,0.7422,1.6,209
19029,Cass County,IA,2025,0.4432,0.8994,0.3196,0.8223,2.97,213
19031,Cedar County,IA,2000,0.4463,0.8722,0.3074,0.7483,6.34,206
19031,Cedar County,IA,2001,0.3946,0.8791,0.2696,0.7485,-5.98,215
19031,Cedar County,IA,2002,0.4487,0.8859,0.3036,0.7592,6.91,211
19031,Cedar County,IA,2003,0.4234,0.8685,0.2871,0.7668,0.88,207
19031,Cedar County,IA,2004,0.443,0.8861,0.3001,0.7636,5.55,213
19031,Cedar County,IA,2005,0.4005,0.8535,0.2692,0.6838,-4.57,208
19031,Cedar County,IA,2006,0.4568,0.8858,0.3175,0.7718,8.84,211
19031,Cedar County,IA,2007,0.3997,0.8893,0.2757,0.7476,-4.76,204
19031,Cedar County,IA,2008,0.3805,0.8762,0.2685,0.7329,-9.34,222
19031,Cedar County,IA,2009,0.4146,0.893,0.2942,0.7612,-1.21,220
19031,Cedar County,IA,2010,0.3842,0.8804,0.2682,0.7593,-8.46,213
19031,Cedar County,IA,2011,0.4227,0.8911,0.2973,0.7731,0.72,217
19031,Cedar County,IA,2012,0.4261,0.8558,0.2898,0.7201,1.53,209
19031,Cedar County,IA,2013,0.3889,0.8832,0.2655,0.7306,-7.34,214
19031,Cedar County,IA,2014,0.4053,0.882,0.2822,0.7662,-3.43,218
19031,Cedar County,IA,2015,0.4219,0.8969,0.2919,0.757,0.53,214
19031,Cedar County,IA,2016,0.4237,0.8994,0.3033,0.7934,0.96,210
19031,Cedar County,IA,2017,0.4472,0.8946,0.3136,0.7713,6.56,215
19031,Cedar County,IA,2018,0.4312,0.8834,0.295,0.7604,2.74,202
19031,Cedar County,IA,2019,0.4082,0.8808,0.2819,0.7374,-2.74,230
19031,Cedar County,IA,2020,0.4206,0.8995,0.2919,0.7704,0.22,207
19031,Cedar County,IA,2021,0.4007,0.8938,0.2791,0.7781,-4.52,207
19031,Cedar County,IA,2022,0.4211,0.8978,0.3056,0.7945,0.34,228
19031,Cedar County,IA,2023,0.4347,0.9007,0.2991,0.7588,3.58,219
19031,Cedar County,IA,2024,0.4428,0.8944,0.3154,0.8114,5.51,210
19031,Cedar County,IA,2025,0.4245,0.9172,0.3129,0.8243,1.15,211
19033,Cerro Gordo County,IA,2000,0.4003,0.8694,0.2595,0.7175,5.18,212
19033,Cerro Gordo County,IA,2001,0.3461,0.8695,0.2133,0.6998,-9.06,220
19033,Cerro Gordo County,IA,2002,0.4296,0.8691,0.2698,0.7287,12.88,213
19033,Cerro Gordo County,IA,2003,0.3823,0.8686,0.2435,0.7088,0.45,208
19033,Cerro Gordo County,IA,2004,0.3996,0.8729,0.2566,0.7163,5.0,219
19033,Cerro Gordo County,IA,2005,0.3791,0.8741,0.248,0.738,-0.39,213
19033,Cerro Gordo County,IA,2006,0.4008,0.8624,0.2609,0.7361,5.31,209
19033,Cerro Gordo County,IA,2007,0.3642,0.86,0.2347,0.7086,-4.31,205
19033,Cerro Gordo County,IA,2008,0.351,0.8584,0.2326,0.707,-7.77,218
19033,Cerro Gordo County,IA,2009,0.3678,0.8679,0.2503,0.7433,-3.36,217
19033,Cerro Gordo County,IA,2010,0.3598,0.8822,0.2378,0.7298,-5.46,208
19033,Cerro Gordo County,IA,2011,0.3661,0.8829,0.245,0.7428,-3.81,209
19033,Cerro Gordo County,IA,2012,0.3774,0.8346,0.2383,0.667,-0.84,197
19033,Cerro Gordo County,IA,2013,0.3726,0.8442,0.2363,0.688,-2.1,227
19033,Cerro Gordo County,IA,2014,0.3602,0.866,0.2386,0.7232,-5.36,216
19033,Cerro Gordo County,IA,2015,0.3853,0.8892,0.2595,0.7677,1.24,210
19033,Cerro Gordo County,IA,2016,0.3835,0.8874,0.256,0.7544,0.77,209
19033,Cerro Gordo County,IA,2017,0.3911,0.8746,0.2515,0.7201,2.76,219
19033,Cerro Gordo County,IA,2018,0.3591,0.8722,0.2351,0.7427,-5.65,219
19033,Cerro Gordo County,IA,2019,0.3796,0.876,0.2523,0.7332,-0.26,216
19033,Cerro Gordo County,IA,2020,0.3814,0.8756,0.2553,0.7331,0.21,204
19033,Cerro Gordo County,IA,2021,0.3982,0.8827,0.2601,0.7378,4.63,210
19033,Cerro Gordo County,IA,2022,0.383,0.8877,0.2659,0.7433,0.63,219
19033,Cerro Gordo County,IA,2023,0.3806,0.88,0.2502,0.7168,0.0,213
19033,Cerro Gordo County,IA,2024,0.3987,0.8766,0.2627,0.7477,4.76,215
19033,Cerro Gordo County,IA,2025,0.3979,0.8884,0.2709,0.7972,4.55,212
19035,Cherokee County,IA,2000,0.4065,0.8568,0.2631,0.6488,0.89,207
19035,Cherokee County,IA,2001,0.3732,0.8783,0.2449,0.7396,-7.38,220
19035,Cherokee County,IA,2002,0.4195,0.8746,0.2747,0.7043,4.11,221
19035,Cherokee County,IA,2003,0.4019,0.8752,0.2602,0.7085,-0.26,214
19035,Cherokee County,IA,2004,0.4241,0.8875,0.2829,0.7526,5.25,215
19035,Cherokee County,IA,2005,0.3981,0.8932,0.2708,0.7617,-1.2,212
19035,Cherokee County,IA,2006,0.4337,0.866,0.2908,0.726,7.64,215
19035,Cherokee County,IA,2007,0.3825,0.8692,0.2512,0.7087,-5.07,221
19035,Cherokee County,IA,2008,0.3802,0.8867,0.2574,0.7367,-5.64,213
19035,Cherokee County,IA,2009,0.3913,0.8859,0.2768,0.78,-2.89,220
19035,Cherokee County,IA,2010,0.3732,0.8963,0.2599,0.7714,-7.38,210
19035,Cherokee County,IA,2011,0.4059,0.8962,0.2827,0.772,0.74,212
19035,Cherokee County,IA,2012,0.4041,0.8703,0.2763,0.7196,0.29,200
19035,Cherokee County,IA,2013,0.3891,0.8788,0.2609,0.7249,-3.43,227
19035,Cherokee County,IA,2014,0.4101,0.8921,0.2851,0.7698,1.78,226
19035,Cherokee County,IA,2015,0.4039,0.904,0.2815,0.8015,0.24,215
19035,Cherokee County,IA,2016,0.412,0.8887,0.2886,0.7656,2.25,219
19035,Cherokee County,IA,2017,0.4344,0.8769,0.2859,0.715,7.81,224
19035,Cherokee County,IA,2018,0.3926,0.902,0.2705,0.7643,-2.56,206
19035,Cherokee County,IA,2019,0.4128,0.9009,0.2894,0.7688,2.45,221
19035,Cherokee County,IA,2020,0.3949,0.8847,0.2747,0.7517,-1.99,205
19035,Cherokee County,IA,2021,0.4113,0.8947,0.2788,0.7419,2.08,212
19035,Cherokee County,IA,2022,0.3943,0.873,0.2761,0.7205,-2.14,218
19035,Cherokee County,IA,2023,0.3901,0.8862,0.2713,0.739,-3.18,220
19035,Cherokee County,IA,2024,0.4257,0.893,0.2872,0.7601,5.65,220
19035,Cherokee County,IA,2025,0.4108,0.9159,0.2942,0.8231,1.95,213
19037,Chickasaw County,IA,2000,0.429,0.8721,0.2901,0.7419,6.78,212
19037,Chickasaw County,IA,2001,0.3734,0.8697,0.2307,0.6738,-7.06,217
19037,Chickasaw County,IA,2002,0.4535,0.8827,0.2969,0.7488,12.88,215
19037,Chickasaw County,IA,2003,0.392,0.8732,0.2545,0.7288,-2.43,207
19037,Chickasaw County,IA,2004,0.431,0.8865,0.2875,0.7408,7.28,218
19037,Chickasaw County,IA,2005,0.3985,0.8907,0.2756,0.7767,-0.81,215
19037,Chickasaw County,IA,2006,0.445,0.8826,0.301,0.7565,10.76,208
19037,Chickasaw County,IA,2007,0.3813,0.8726,0.2528,0.7337,-5.09,210
19037,Chickasaw County,IA,2008,0.3651,0.8737,0.2459,0.7273,-9.12,216
19037,Chickasaw County,IA,2009,0.39,0.8777,0.2666,0.7336,-2.93,223
19037,Chickasaw County,IA,2010,0.3838,0.8938,0.2661,0.76,-4.47,209
19037,Chickasaw County,IA,2011,0.3965,0.8963,0.2746,0.7589,-1.31,214
19037,Chickasaw County,IA,2012,0.4096,0.8456,0.2658,0.6764,1.95,202
19037,Chickasaw County,IA,2013,0.3841,0.8634,0.259,0.7426,-4.39,226
19037,Chickasaw County,IA,2014,0.3621,0.8649,0.241,0.7165,-9.87,226
19037,Chickasaw County,IA,2015,0.4019,0.9091,0.2763,0.7712,0.04,205
19037,Chickasaw County,IA,2016,0.3951,0.9004,0.2715,0.7802,-1.66,213
19037,Chickasaw County,IA,2017,0.4146,0.886,0.2744,0.7472,3.2,220
19037,Chickasaw County,IA,2018,0.4115,0.8861,0.2771,0.7724,2.43,216
19037,Chickasaw County,IA,2019,0.4061,0.8878,0.2739,0.7467,1.08,217
19037,Chickasaw County,IA,2020,0.3839,0.8806,0.263,0.7287,-4.44,205
19037,Chickasaw County,IA,2021,0.4058,0.8886,0.2721,0.7507,1.01,212
19037,Chickasaw County,IA,2022,0.3887,0.8932,0.2776,0.7663,-3.25,215
19037,Chickasaw County,IA,2023,0.4028,0.8875,0.2725,0.7103,0.26,216
19037,Chickasaw County,IA,2024,0.4216,0.8809,0.2829,0.7378,4.94,219
19037,Chickasaw County,IA,2025,0.4187,0.9045,0.2946,0.8174,4.22,212
19039,Clarke County,IA,2000,0.543,0.8343,0.3468,0.6323,6.73,209
19039,Clarke County,IA,2001,0.4753,0.8373,0.3006,0.6294,-6.58,195
19039,Clarke County,IA,2002,0.5292,0.8186,0.3323,0.6162,4.02,192
19039,Clarke County,IA,2003,0.4984,0.8187,0.3201,0.634,-2.04,183
19039,Clarke County,IA,2004,0.5216,0.8431,0.3372,0.6609,2.52,199
19039,Clarke County,IA,2005,0.4797,0.8234,0.3089,0.6421,-5.71,195
19039,Clarke County,IA,2006,0.5389,0.8311,0.3464,0.6439,5.92,211
19039,Clarke County,IA,2007,0.4867,0.8362,0.3133,0.6319,-4.34,207
19039,Clarke County,IA,2008,0.4843,0.8193,0.3087,0.6122,-4.81,206
19039,Clarke County,IA,2009,0.5001,0.8387,0.327,0.6473,-1.7,217
19039,Clarke County,IA,2010,0.4801,0.8375,0.3171,0.6463,-5.64,201
19039,Clarke County,IA,2011,0.493,0.8385,0.3203,0.643,-3.1,216
19039,Clarke County,IA,2012,0.5052,0.7972,0.3227,0.6031,-0.7,180
19039,Clarke County,IA,2013,0.4967,0.8338,0.3126,0.6496,-2.37,202
19039,Clarke County,IA,2014,0.4998,0.847,0.3281,0.6562,-1.76,212
19039,Clarke County,IA,2015,0.5259,0.8495,0.3391,0.6581,3.37,200
19039,Clarke County,IA,2016,0.5421,0.8595,0.3603,0.6806,6.55,208
19039,Clarke County,IA,2017,0.5386,0.8059,0.34,0.6121,5.86,199
19039,Clarke County,IA,2018,0.5139,0.842,0.3323,0.6601,1.01,190
19039,Clarke County,IA,2019,0.5047,0.8429,0.3248,0.6528,-0.8,214
19039,Clarke County,IA,2020,0.504,0.8498,0.3287,0.6662,-0.94,207
19039,Clarke County,IA,2021,0.5094,0.8481,0.3395,0.6717,0.12,209
19039,Clarke County,IA,2022,0.468,0.8231,0.304,0.6175,-8.01,188
19039,Clarke County,IA,2023,0.517,0.8525,0.3252,0.6258,1.62,213
19039,Clarke County,IA,2024,0.534,0.8555,0.3438,0.6894,4.96,199
19039,Clarke County,IA,2025,0.5384,0.8739,0.3506,0.7348,5.82,203
19041,Clay County,IA,2000,0.3995,0.8772,0.2547,0.7043,4.12,210
19041,Clay County,IA,2001,0.3431,0.8845,0.2148,0.7197,-10.58,224
19041,Clay County,IA,2002,0.403,0.8601,0.2508,0.6786,5.03,210
19041,Clay County,IA,2003,0.38,0.8697,0.2417,0.7148,-0.96,211
19041,Clay County,IA,2004,0.4034,0.8893,0.2572,0.7346,5.13,215
19041,Clay County,IA,2005,0.3903,0.8898,0.2557,0.7574,1.72,214
19041,Clay County,IA,2006,0.4008,0.8715,0.2612,0.7227,4.46,217
19041,Clay County,IA,2007,0.3651,0.8708,0.2295,0.6855,-4.85,213
19041,Clay County,IA,2008,0.3531,0.8774,0.2305,0.7232,-7.97,216
19041,Clay County,IA,2009,0.3667,0.8774,0.2497,0.753,-4.43,217
19041,Clay County,IA,2010,0.3548,0.8884,0.2382,0.7385,-7.53,210
19041,Clay County,IA,2011,0.3806,0.892,0.2571,0.7465,-0.81,210
19041,Clay County,IA,2012,0.3886,0.8691,0.2572,0.7099,1.28,203
19041,Clay County,IA,2013,0.377,0.8692,0.2435,0.7175,-1.75,224
19041,Clay County,IA,2014,0.3898,0.8827,0.2536,0.7166,1.59,228
19041,Clay County,IA,2015,0.3915,0.8959,0.2649,0.7786,2.03,215
19041,Clay County,IA,2016,0.3878,0.8855,0.2612,0.7591,1.07,214
19041,Clay County,IA,2017,0.4207,0.8819,0.2746,0.7295,9.64,220
19041,Clay County,IA,2018,0.3519,0.8764,0.2272,0.6889,-8.29,215
19041,Clay County,IA,2019,0.3847,0.8811,0.254,0.7137,0.26,223
19041,Clay County,IA,2020,0.372,0.8786,0.2493,0.7387,-3.05,203
19041,Clay County,IA,2021,0.3959,0.885,0.2581,0.7131,3.18,214
19041,Clay County,IA,2022,0.3806,0.8813,0.2626,0.7407,-0.81,213
19041,Clay County,IA,2023,0.3707,0.8928,0.2529,0.7435,-3.39,214
19041,Clay County,IA,2024,0.4193,0.8699,0.2614,0.7014,9.28,224
19041,Clay County,IA,2025,0.4053,0.909,0.2808,0.8023,5.63,209
19043,Clayton County,IA,2000,0.5143,0.8543,0.3486,0.7041,10.76,205
19043,Clayton County,IA,2001,0.4552,0.8548,0.2997,0.6793,-1.97,212
19043,Clayton County,IA,2002,0.5238,0.8675,0.3411,0.7079,12.8,207
19043,Clayton County,IA,2003,0.4642,0.856,0.3089,0.7256,-0.03,200
19043,Clayton County,IA,2004,0.4938,0.8703,0.3192,0.7024,6.34,210
19043,Clayton County,IA,2005,0.4496,0.8684,0.304,0.712,-3.17,207
19043,Clayton County,IA,2006,0.5133,0.866,0.3432,0.7199,10.54,205
19043,Clayton County,IA,2007,0.4548,0.8672,0.3006,0.7113,-2.06,200
19043,Clayton County,IA,2008,0.4211,0.8576,0.2887,0.6982,-9.31,216
19043,Clayton County,IA,2009,0.4436,0.873,0.2991,0.7035,-4.47,214
19043,Clayton County,IA,2010,0.4374,0.8734,0.2988,0.7182,-5.8,203
19043,Clayton County,IA,2011,0.4508,0.8785,0.31,0.7285,-2.92,211
19043,Clayton County,IA,2012,0.4659,0.8393,0.3074,0.6683,0.34,203
19043,Clayton County,IA,2013,0.4355,0.8632,0.2968,0.7141,-6.21,213
19043,Clayton County,IA,2014,0.433,0.8667,0.2967,0.7292,-6.75,218
19043,Clayton County,IA,2015,0.4591,0.8854,0.3085,0.7128,-1.13,202
19043,Clayton County,IA,2016,0.4521,0.882,0.3106,0.7421,-2.64,208
19043,Clayton County,IA,2017,0.4881,0.8759,0.3228,0.7238,5.12,208
19043,Clayton County,IA,2018,0.4626,0.8734,0.311,0.7401,-0.38,206
19043,Clayton County,IA,2019,0.4614,0.8781,0.3109,0.7232,-0.63,214
19043,Clayton County,IA,2020,0.4517,0.8849,0.3073,0.738,-2.72,207
19043,Clayton County,IA,2021,0.4667,0.8751,0.3093,0.7207,0.51,212
19043,Clayton County,IA,2022,0.4373,0.8856,0.3008,0.7331,-5.82,219
19043,Clayton County,IA,2023,0.4741,0.873,0.3132,0.7114,2.1,213
19043,Clayton County,IA,2024,0.4859,0.8768,0.3181,0.7279,4.64,210
19043,Clayton County,IA,2025,0.4776,0.8919,0.3293,0.7836,2.86,214
19045,Clinton County,IA,2000,0.4449,0.8547,0.3007,0.7101,6.39,206
19045,Clinton County,IA,2001,0.4067,0.8652,0.2708,0.7083,-2.74,214
19045,Clinton County,IA,2002,0.4438,0.8663,0.2918,0.7201,6.13,213
19045,Clinton County,IA,2003,0.4246,0.8518,0.2786,0.7213,1.54,208
19045,Clinton County,IA,2004,0.4385,0.869,0.2885,0.7229,4.86,212
19045,Clinton County,IA,2005,0.3925,0.8366,0.2591,0.6572,-6.14,208
19045,Clinton County,IA,2006,0.4511,0.8702,0.3061,0.7408,7.87,213
19045,Clinton County,IA,2007,0.3996,0.8754,0.2716,0.7227,-4.44,203
19045,Clinton County,IA,2008,0.3783,0.8607,0.261,0.7056,-9.53,221
19045,Clinton County,IA,2009,0.4124,0.8776,0.287,0.7488,-1.38,217
19045,Clinton County,IA,2010,0.378,0.869,0.262,0.7351,-9.61,209
19045,Clinton County,IA,2011,0.4069,0.8725,0.2824,0.7364,-2.69,217
19045,Clinton County,IA,2012,0.4184,0.8373,0.2768,0.6757,0.06,208
19045,Clinton County,IA,2013,0.3926,0.8707,0.2664,0.7233,-6.11,211
19045,Clinton County,IA,2014,0.3974,0.8705,0.2749,0.7503,-4.97,215
19045,Clinton County,IA,2015,0.4202,0.8792,0.286,0.7279,0.49,213
19045,Clinton County,IA,2016,0.4346,0.8888,0.3067,0.7626,3.93,210
19045,Clinton County,IA,2017,0.4491,0.8782,0.3096,0.747,7.4,211
19045,Clinton County,IA,2018,0.4272,0.8729,0.2886,0.7396,2.16,200
19045,Clinton County,IA,2019,0.4092,0.8604,0.2756,0.7035,-2.14,230
19045,Clinton County,IA,2020,0.4243,0.886,0.2908,0.7431,1.47,210
19045,Clinton County,IA,2021,0.3953,0.8814,0.2709,0.7527,-5.47,206
19045,Clinton County,IA,2022,0.4171,0.8864,0.3014,0.7781,-0.26,224
19045,Clinton County,IA,2023,0.4364,0.8843,0.2941,0.7222,4.36,219
19045,Clinton County,IA,2024,0.4416,0.8774,0.3085,0.7865,5.6,209
19045,Clinton County,IA,2025,0.4317,0.9011,0.3086,0.798,3.24,208
19047,Crawford County,IA,2000,0.4241,0.8761,0.2903,0.7295,3.99,202
19047,Crawford County,IA,2001,0.3784,0.8566,0.251,0.6908,-7.22,217
19047,Crawford County,IA,2002,0.423,0.8535,0.2809,0.6751,3.72,221
19047,Crawford County,IA,2003,0.3909,0.8606,0.2654,0.7002,-4.16,214
19047,Crawford County,IA,2004,0.4241,0.8841,0.2899,0.7564,3.99,208
19047,Crawford County,IA,2005,0.3976,0.869,0.2761,0.7309,-2.51,213
19047,Crawford County,IA,2006,0.4352,0.8673,0.2942,0.7025,6.71,219
19047,Crawford County,IA,2007,0.3771,0.8618,0.2529,0.6841,-7.54,224
19047,Crawford County,IA,2008,0.3879,0.8784,0.2682,0.727,-4.89,213
19047,Crawford County,IA,2009,0.4019,0.8894,0.2878,0.7825,-1.46,215
19047,Crawford County,IA,2010,0.3842,0.9006,0.279,0.7744,-5.8,210
19047,Crawford County,IA,2011,0.4111,0.9016,0.2968,0.7584,0.8,213
19047,Crawford County,IA,2012,0.3953,0.8641,0.2689,0.7035,-3.08,196
19047,Crawford County,IA,2013,0.4005,0.8653,0.2734,0.7209,-1.8,219
19047,Crawford County,IA,2014,0.424,0.8936,0.3037,0.7833,3.96,221
19047,Crawford County,IA,2015,0.409,0.9057,0.2951,0.7943,0.28,220
19047,Crawford County,IA,2016,0.4081,0.8955,0.2888,0.7545,0.06,215
19047,Crawford County,IA,2017,0.4446,0.8858,0.3084,0.7428,9.01,220
19047,Crawford County,IA,2018,0.415,0.9004,0.291,0.7683,1.75,201
19047,Crawford County,IA,2019,0.4343,0.904,0.3112,0.7832,6.49,220
19047,Crawford County,IA,2020,0.3881,0.8874,0.2789,0.7646,-4.84,204
19047,Crawford County,IA,2021,0.4043,0.9071,0.2841,0.7549,-0.87,205
19047,Crawford County,IA,2022,0.4138,0.8832,0.3042,0.749,1.46,216
19047,Crawford County,IA,2023,0.3897,0.8791,0.2723,0.7327,-4.45,218
19047,Crawford County,IA,2024,0.4282,0.9002,0.3006,0.764,4.99,211
19047,Crawford County,IA,2025,0.4136,0.9165,0.3016,0.83,1.41,207
19049,Dallas County,IA,2000,0.4512,0.8742,0.3008,0.7385,5.83,203
19049,Dallas County,IA,2001,0.3935,0.8496,0.2394,0.6427,-7.7,208
19049,Dallas County,IA,2002,0.4535,0.8463,0.2809,0.6699,6.37,206
19049,Dallas County,IA,2003,0.4017,0.8579,0.2543,0.6881,-5.78,206
19049,Dallas County,IA,2004,0.4364,0.8694,0.2873,0.7394,2.36,210
19049,Dallas County,IA,2005,0.4137,0.866,0.2754,0.7256,-2.96,207
19049,Dallas County,IA,2006,0.4491,0.8567,0.2899,0.7009,5.34,212
19049,Dallas County,IA,2007,0.3999,0.8574,0.2561,0.6771,-6.2,216
19049,Dallas County,IA,2008,0.3962,0.8601,0.2554,0.6756,-7.07,211
19049,Dallas County,IA,2009,0.4194,0.8638,0.2787,0.7277,-1.63,214
19049,Dallas County,IA,2010,0.4032,0.8537,0.2652,0.6963,-5.43,204
19049,Dallas County,IA,2011,0.4326,0.8652,0.2818,0.7009,1.47,215
19049,Dallas County,IA,2012,0.416,0.8287,0.2616,0.639,-2.42,188
19049,Dallas County,IA,2013,0.416,0.843,0.2614,0.6661,-2.42,213
19049,Dallas County,IA,2014,0.4305,0.8632,0.287,0.7197,0.98,211
19049,Dallas County,IA,2015,0.4405,0.8699,0.2861,0.7139,3.32,208
19049,Dallas County,IA,2016,0.4461,0.8746,0.2937,0.725,4.64,211
19049,Dallas County,IA,2017,0.4503,0.855,0.2837,0.6765,5.62,207
19049,Dallas County,IA,2018,0.4343,0.8581,0.2706,0.6676,1.87,197
19049,Dallas County,IA,2019,0.4296,0.8698,0.2837,0.7201,0.77,216
19049,Dallas County,IA,2020,0.4105,0.8409,0.2678,0.6725,-3.71,203
19049,Dallas County,IA,2021,0.4258,0.8651,0.2783,0.7085,-0.13,210
19049,Dallas County,IA,2022,0.4119,0.8445,0.2844,0.6997,-3.39,214
19049,Dallas County,IA,2023,0.434,0.8644,0.2853,0.7022,1.8,208
19049,Dallas County,IA,2024,0.4511,0.8725,0.302,0.7451,5.81,205
19049,Dallas County,IA,2025,0.4377,0.875,0.3045,0.8057,2.67,204
19051,Davis County,IA,2000,0.5672,0.8513,0.367,0.6681,8.77,206
19051,Davis County,IA,2001,0.5065,0.8451,0.3267,0.6458,-2.87,198
19051,Davis County,IA,2002,0.5393,0.8407,0.34,0.6477,3.42,190
19051,Davis County,IA,2003,0.5144,0.8374,0.3381,0.6768,-1.35,186
19051,Davis County,IA,2004,0.5401,0.8559,0.3547,0.6835,3.57,195
19051,Davis County,IA,2005,0.512,0.8271,0.3303,0.6492,-1.81,189
19051,Davis County,IA,2006,0.551,0.8465,0.36,0.6752,5.66,205
19051,Davis County,IA,2007,0.5012,0.8376,0.3349,0.6613,-3.89,213
19051,Davis County,IA,2008,0.4957,0.8446,0.333,0.6688,-4.94,214
19051,Davis County,IA,2009,0.5217,0.855,0.3532,0.6996,0.05,207
19051,Davis County,IA,2010,0.5044,0.8427,0.3414,0.6762,-3.27,202
19051,Davis County,IA,2011,0.4975,0.8334,0.3181,0.6381,-4.6,192
19051,Davis County,IA,2012,0.5134,0.7999,0.3203,0.6058,-1.55,164
19051,Davis County,IA,2013,0.509,0.8446,0.3287,0.6945,-2.39,193
19051,Davis County,IA,2014,0.4919,0.8648,0.3329,0.711,-5.67,211
19051,Davis County,IA,2015,0.5144,0.8554,0.3407,0.6908,-1.35,192
19051,Davis County,IA,2016,0.5662,0.8726,0.376,0.7054,8.58,213
19051,Davis County,IA,2017,0.5435,0.8113,0.3483,0.638,4.23,194
19051,Davis County,IA,2018,0.5303,0.8413,0.3464,0.6779,1.69,199
19051,Davis County,IA,2019,0.5134,0.846,0.3378,0.6691,-1.55,218
19051,Davis County,IA,2020,0.5206,0.8703,0.3372,0.6837,-0.17,200
19051,Davis County,IA,2021,0.5132,0.8604,0.3432,0.6892,-1.58,213
19051,Davis County,IA,2022,0.4917,0.8557,0.3297,0.6795,-5.71,200
19051,Davis County,IA,2023,0.5188,0.8536,0.3224,0.6335,-0.51,216
19051,Davis County,IA,2024,0.5449,0.8637,0.3564,0.6977,4.49,196
19051,Davis County,IA,2025,0.5357,0.8892,0.3618,0.7549,2.73,204
19053,Decatur County,IA,2000,0.5546,0.8338,0.3487,0.6308,5.65,208
19053,Decatur County,IA,2001,0.4884,0.8427,0.3088,0.6327,-6.96,191
19053,Decatur County,IA,2002,0.5288,0.824,0.3288,0.6208,0.73,183
19053,Decatur County,IA,2003,0.5147,0.8239,0.3315,0.6493,-1.95,180
19053,Decatur County,IA,2004,0.5287,0.8428,0.3416,0.6564,0.72,194
19053,Decatur County,IA,2005,0.5025,0.8228,0.3229,0.6414,-4.28,192
19053,Decatur County,IA,2006,0.5524,0.8344,0.3543,0.6455,5.23,208
19053,Decatur County,IA,2007,0.5062,0.8401,0.3259,0.6282,-3.57,192
19053,Decatur County,IA,2008,0.493,0.8226,0.3171,0.621,-6.08,199
19053,Decatur County,IA,2009,0.517,0.8404,0.3396,0.6636,-1.51,199
19053,Decatur County,IA,2010,0.5005,0.8418,0.3334,0.662,-4.66,195
19053,Decatur County,IA,2011,0.515,0.8492,0.3371,0.6555,-1.89,210
19053,Decatur County,IA,2012,0.5426,0.8125,0.3435,0.6155,3.36,172
19053,Decatur County,IA,2013,0.5149,0.835,0.3266,0.6715,-1.91,194
19053,Decatur County,IA,2014,0.5104,0.8487,0.3363,0.6711,-2.77,212
19053,Decatur County,IA,2015,0.5366,0.8584,0.3454,0.6705,2.22,195
19053,Decatur County,IA,2016,0.5684,0.8639,0.3736,0.6879,8.28,206
19053,Decatur County,IA,2017,0.5548,0.827,0.3515,0.639,5.69,193
19053,Decatur County,IA,2018,0.5331,0.8551,0.3429,0.6641,1.55,186
19053,Decatur County,IA,2019,0.5162,0.8484,0.328,0.6458,-1.67,204
19053,Decatur County,IA,2020,0.5201,0.8578,0.3423,0.6898,-0.92,203
19053,Decatur County,IA,2021,0.52,0.8559,0.3457,0.681,-0.94,208
19053,Decatur County,IA,2022,0.4894,0.8451,0.3152,0.6355,-6.77,188
19053,Decatur County,IA,2023,0.5339,0.8561,0.3295,0.6158,1.71,218
19053,Decatur County,IA,2024,0.5513,0.8521,0.3552,0.6895,5.02,191
19053,Decatur County,IA,2025,0.555,0.8757,0.3597,0.7401,5.73,200
19055,Delaware County,IA,2000,0.4616,0.8625,0.3093,0.7309,8.47,214
19055,Delaware County,IA,2001,0.4042,0.8701,0.2632,0.6965,-5.02,220
19055,Delaware County,IA,2002,0.4682,0.8824,0.3104,0.7409,10.02,211
19055,Delaware County,IA,2003,0.4179,0.8621,0.2753,0.7197,-1.8,208
19055,Delaware County,IA,2004,0.4458,0.8804,0.2936,0.7374,4.75,209
19055,Delaware County,IA,2005,0.413,0.8746,0.2753,0.7165,-2.95,205
19055,Delaware County,IA,2006,0.4711,0.88,0.3225,0.7542,10.7,209
19055,Delaware County,IA,2007,0.4131,0.8814,0.2775,0.7641,-2.93,203
19055,Delaware County,IA,2008,0.3836,0.8678,0.2617,0.6934,-9.86,227
19055,Delaware County,IA,2009,0.4021,0.8761,0.2754,0.7252,-5.51,216
19055,Delaware County,IA,2010,0.3958,0.8803,0.2722,0.7363,-6.99,206
19055,Delaware County,IA,2011,0.4171,0.8809,0.2915,0.765,-1.99,215
19055,Delaware County,IA,2012,0.4269,0.8326,0.2793,0.6658,0.31,198
19055,Delaware County,IA,2013,0.4067,0.8793,0.2799,0.738,-4.43,213
19055,Delaware County,IA,2014,0.4062,0.8741,0.2804,0.7478,-4.55,216
19055,Delaware County,IA,2015,0.4254,0.8924,0.2898,0.7388,-0.04,206
19055,Delaware County,IA,2016,0.4166,0.8961,0.2922,0.777,-2.11,206
19055,Delaware County,IA,2017,0.4581,0.8927,0.3112,0.7429,7.65,208
19055,Delaware County,IA,2018,0.4353,0.8826,0.2963,0.7628,2.29,201
19055,Delaware County,IA,2019,0.4301,0.8874,0.2941,0.7427,1.07,215
19055,Delaware County,IA,2020,0.4123,0.8912,0.2823,0.7591,-3.12,206
19055,Delaware County,IA,2021,0.4214,0.891,0.284,0.7644,-0.98,208
19055,Delaware County,IA,2022,0.4114,0.8907,0.2923,0.7733,-3.33,221
19055,Delaware County,IA,2023,0.4312,0.8837,0.2875,0.7349,1.32,214
19055,Delaware County,IA,2024,0.4482,0.887,0.3047,0.7666,5.32,218
19055,Delaware County,IA,2025,0.4414,0.8933,0.3154,0.8274,3.72,213
19057,Des Moines County,IA,2000,0.4888,0.8527,0.3165,0.7003,6.82,203
19057,Des Moines County,IA,2001,0.4434,0.8502,0.2882,0.6891,-3.1,217
19057,Des Moines County,IA,2002,0.4761,0.8449,0.2999,0.6787,4.05,210
19057,Des Moines County,IA,2003,0.4424,0.8445,0.2828,0.7028,-3.32,204
19057,Des Moines County,IA,2004,0.4596,0.8625,0.2988,0.7148,0.44,202
19057,Des Moines County,IA,2005,0.4581,0.8326,0.2946,0.6687,0.11,207
19057,Des Moines County,IA,2006,0.4723,0.8318,0.3,0.6668,3.22,208
19057,Des Moines County,IA,2007,0.4466,0.861,0.2974,0.7125,-2.4,205
19057,Des Moines County,IA,2008,0.4395,0.8459,0.2896,0.6922,-3.95,221
19057,Des Moines County,IA,2009,0.4407,0.8625,0.2938,0.7044,-3.69,218
19057,Des Moines County,IA,2010,0.4336,0.8335,0.2788,0.6649,-5.24,211
19057,Des Moines County,IA,2011,0.4463,0.8453,0.281,0.6755,-2.47,208
19057,Des Moines County,IA,2012,0.4723,0.8244,0.3031,0.6682,3.22,191
19057,Des Moines County,IA,2013,0.4227,0.847,0.2781,0.6919,-7.62,213
19057,Des Moines County,IA,2014,0.4293,0.8675,0.284,0.7214,-6.18,208
19057,Des Moines County,IA,2015,0.4552,0.8649,0.2955,0.6994,-0.52,199
19057,Des Moines County,IA,2016,0.4825,0.8714,0.3176,0.7233,5.44,209
19057,Des Moines County,IA,2017,0.4918,0.8541,0.3165,0.692,7.48,208
19057,Des Moines County,IA,2018,0.4648,0.8534,0.2975,0.7041,1.58,192
19057,Des Moines County,IA,2019,0.4518,0.8287,0.2883,0.6629,-1.26,223
19057,Des Moines County,IA,2020,0.4625,0.8721,0.2992,0.7188,1.07,207
19057,Des Moines County,IA,2021,0.4469,0.8512,0.2896,0.6868,-2.34,211
19057,Des Moines County,IA,2022,0.4507,0.8604,0.3093,0.7303,-1.5,212
19057,Des Moines County,IA,2023,0.4757,0.871,0.3091,0.7087,3.96,212
19057,Des Moines County,IA,2024,0.4781,0.8758,0.3153,0.7198,4.48,211
19057,Des Moines County,IA,2025,0.4655,0.8862,0.3194,0.7693,1.73,205
19059,Dickinson County,IA,2000,0.3816,0.8469,0.242,0.6657,5.86,208
19059,Dickinson County,IA,2001,0.318,0.8279,0.1919,0.6399,-11.78,222
19059,Dickinson County,IA,2002,0.3915,0.8172,0.2403,0.6326,8.61,211
19059,Dickinson County,IA,2003,0.3632,0.8413,0.2301,0.6731,0.76,208
19059,Dickinson County,IA,2004,0.3863,0.8557,0.2436,0.6935,7.17,215
19059,Dickinson County,IA,2005,0.3679,0.8443,0.2344,0.6846,2.06,212
19059,Dickinson County,IA,2006,0.3702,0.8381,0.2404,0.6825,2.7,212
19059,Dickinson County,IA,2007,0.3429,0.8315,0.2145,0.645,-4.87,213
19059,Dickinson County,IA,2008,0.331,0.8381,0.2125,0.6781,-8.17,214
19059,Dickinson County,IA,2009,0.348,0.8461,0.2307,0.6963,-3.46,217
19059,Dickinson County,IA,2010,0.3337,0.8545,0.2225,0.7046,-7.42,209
19059,Dickinson County,IA,2011,0.3461,0.849,0.2288,0.6856,-3.98,211
19059,Dickinson County,IA,2012,0.3669,0.8325,0.2379,0.6658,1.79,202
19059,Dickinson County,IA,2013,0.3369,0.8416,0.217,0.6803,-6.54,216
19059,Dickinson County,IA,2014,0.356,0.8482,0.2323,0.6773,-1.24,223
19059,Dickinson County,IA,2015,0.3822,0.8657,0.2541,0.7287,6.03,213
19059,Dickinson County,IA,2016,0.3685,0.8564,0.24,0.6971,2.23,214
19059,Dickinson County,IA,2017,0.3965,0.8552,0.2538,0.6897,10.0,218
19059,Dickinson County,IA,2018,0.3243,0.8454,0.2103,0.6677,-10.03,217
19059,Dickinson County,IA,2019,0.3518,0.8529,0.2294,0.689,-2.4,218
19059,Dickinson County,IA,2020,0.3502,0.856,0.2304,0.6989,-2.85,206
19059,Dickinson County,IA,2021,0.3737,0.8404,0.2319,0.6338,3.67,212
19059,Dickinson County,IA,2022,0.3644,0.8604,0.2479,0.7114,1.09,215
19059,Dickinson County,IA,2023,0.3454,0.8537,0.227,0.6854,-4.18,214
19059,Dickinson County,IA,2024,0.3826,0.82,0.2362,0.6535,6.14,223
19059,Dickinson County,IA,2025,0.3922,0.8817,0.2655,0.7634,8.8,212
19061,Dubuque County,IA,2000,0.5145,0.8418,0.3528,0.6932,12.08,211
19061,Dubuque County,IA,2001,0.4524,0.8369,0.3049,0.67,-1.45,215
19061,Dubuque County,IA,2002,0.5149,0.8486,0.3471,0.7069,12.16,208
19061,Dubuque County,IA,2003,0.4638,0.827,0.3114,0.6797,1.03,202
19061,Dubuque County,IA,2004,0.4881,0.8546,0.3249,0.6947,6.32,206
19061,Dubuque County,IA,2005,0.4465,0.8432,0.3048,0.6834,-2.74,207
19061,Dubuque County,IA,2006,0.5113,0.8511,0.3477,0.7019,11.38,207
19061,Dubuque County,IA,2007,0.4504,0.8539,0.3083,0.7189,-1.89,207
19061,Dubuque County,IA,2008,0.4128,0.8398,0.2852,0.6723,-10.08,222
19061,Dubuque County,IA,2009,0.4426,0.8589,0.3079,0.7006,-3.59,214
19061,Dubuque County,IA,2010,0.4294,0.8557,0.2977,0.7031,-6.46,205
19061,Dubuque County,IA,2011,0.4534,0.8552,0.3153,0.7211,-1.23,218
19061,Dubuque County,IA,2012,0.4562,0.8007,0.304,0.6314,-0.62,201
19061,Dubuque County,IA,2013,0.4325,0.8644,0.3019,0.7137,-5.79,211
19061,Dubuque County,IA,2014,0.4287,0.8542,0.2966,0.7265,-6.61,220
19061,Dubuque County,IA,2015,0.4514,0.8672,0.3105,0.7108,-1.67,206
19061,Dubuque County,IA,2016,0.4435,0.8698,0.3142,0.7377,-3.39,214
19061,Dubuque County,IA,2017,0.4911,0.8648,0.3331,0.713,6.98,209
19061,Dubuque County,IA,2018,0.4559,0.8606,0.3086,0.7241,-0.69,204
19061,Dubuque County,IA,2019,0.4499,0.8655,0.3065,0.7133,-2.0,220
19061,Dubuque County,IA,2020,0.4485,0.872,0.3065,0.7255,-2.3,209
19061,Dubuque County,IA,2021,0.4531,0.8662,0.306,0.7091,-1.3,216
19061,Dubuque County,IA,2022,0.4347,0.8681,0.3083,0.738,-5.31,224
19061,Dubuque County,IA,2023,0.466,0.8556,0.3118,0.6877,1.51,212
19061,Dubuque County,IA,2024,0.4742,0.8593,0.3236,0.7246,3.3,217
19061,Dubuque County,IA,2025,0.4699,0.8747,0.3311,0.7819,2.36,214
19063,Emmet County,IA,2000,0.394,0.8712,0.2508,0.7021,5.56,214
19063,Emmet County,IA,2001,0.3315,0.8709,0.1995,0.6826,-11.19,224
19063,Emmet County,IA,2002,0.4054,0.8649,0.247,0.6863,8.61,213
19063,Emmet County,IA,2003,0.3815,0.8778,0.2389,0.7101,2.21,211
19063,Emmet County,IA,2004,0.4016,0.8834,0.25,0.7087,7.59,217
19063,Emmet County,IA,2005,0.3869,0.8827,0.2443,0.7267,3.66,218
19063,Emmet County,IA,2006,0.3766,0.8699,0.2443,0.7212,0.9,212
19063,Emmet County,IA,2007,0.3512,0.8722,0.2208,0.7082,-5.91,210
19063,Emmet County,IA,2008,0.3451,0.8734,0.2177,0.6927,-7.54,218
19063,Emmet County,IA,2009,0.361,0.8841,0.2418,0.7484,-3.28,215
19063,Emmet County,IA,2010,0.3347,0.8874,0.2227,0.7381,-10.33,211
19063,Emmet County,IA,2011,0.3603,0.8875,0.2346,0.7259,-3.47,213
19063,Emmet County,IA,2012,0.377,0.8679,0.2432,0.7146,1.0,204
19063,Emmet County,IA,2013,0.362,0.8742,0.2251,0.7031,-3.02,220
19063,Emmet County,IA,2014,0.3692,0.8717,0.2332,0.689,-1.09,227
19063,Emmet County,IA,2015,0.392,0.895,0.254,0.759,5.02,213
19063,Emmet County,IA,2016,0.3773,0.8903,0.2454,0.7393,1.08,213
19063,Emmet County,IA,2017,0.4064,0.8912,0.259,0.7337,8.88,220
19063,Emmet County,IA,2018,0.3175,0.8766,0.2039,0.6944,-14.94,219
19063,Emmet County,IA,2019,0.3688,0.8855,0.2403,0.7275,-1.19,224
19063,Emmet County,IA,2020,0.3685,0.8908,0.2406,0.731,-1.27,208
19063,Emmet County,IA,2021,0.384,0.8764,0.2396,0.6876,2.88,209
19063,Emmet County,IA,2022,0.3807,0.9027,0.2603,0.756,1.99,218
19063,Emmet County,IA,2023,0.3638,0.8882,0.2429,0.7363,-2.53,217
19063,Emmet County,IA,2024,0.4016,0.8606,0.2451,0.6887,7.59,226
19063,Emmet County,IA,2025,0.406,0.9191,0.2803,0.8173,8.77,210
19065,Fayette County,IA,2000,0.4523,0.8648,0.3108,0.7525,7.58,211
19065,Fayette County,IA,2001,0.4017,0.8758,0.2591,0.7032,-4.46,217
19065,Fayette County,IA,2002,0.4707,0.8801,0.3065,0.7351,11.95,213
19065,Fayette County,IA,2003,0.4121,0.8702,0.2676,0.7212,-1.98,207
19065,Fayette County,IA,2004,0.4463,0.8793,0.2911,0.7094,6.15,216
19065,Fayette County,IA,2005,0.4124,0.886,0.2831,0.7619,-1.91,214
19065,Fayette County,IA,2006,0.4678,0.8844,0.32,0.7566,11.26,211
19065,Fayette County,IA,2007,0.405,0.8695,0.2681,0.7176,-3.67,208
19065,Fayette County,IA,2008,0.3778,0.872,0.2567,0.7138,-10.14,218
19065,Fayette County,IA,2009,0.4053,0.8715,0.2751,0.7168,-3.6,220
19065,Fayette County,IA,2010,0.3973,0.8848,0.2725,0.734,-5.5,209
19065,Fayette County,IA,2011,0.4126,0.8927,0.2872,0.7551,-1.87,213
19065,Fayette County,IA,2012,0.4268,0.8586,0.2828,0.6925,1.51,207
19065,Fayette County,IA,2013,0.3942,0.8662,0.2682,0.7304,-6.24,223
19065,Fayette County,IA,2014,0.3911,0.8732,0.2665,0.7295,-6.98,222
19065,Fayette County,IA,2015,0.4218,0.8977,0.2876,0.7447,0.32,207
19065,Fayette County,IA,2016,0.4096,0.8974,0.2844,0.7765,-2.58,213
19065,Fayette County,IA,2017,0.4367,0.8882,0.2904,0.7414,3.87,213
19065,Fayette County,IA,2018,0.429,0.8821,0.2901,0.7645,2.04,211
19065,Fayette County,IA,2019,0.4294,0.888,0.2918,0.7465,2.13,216
19065,Fayette County,IA,2020,0.4062,0.883,0.2764,0.7319,-3.39,206
19065,Fayette County,IA,2021,0.4241,0.8841,0.2846,0.7569,0.87,215
19065,Fayette County,IA,2022,0.4013,0.8949,0.282,0.7571,-4.55,217
19065,Fayette County,IA,2023,0.4257,0.8913,0.2875,0.7185,1.25,215
19065,Fayette County,IA,2024,0.4399,0.887,0.2933,0.7332,4.63,219
19065,Fayette County,IA,2025,0.4344,0.9017,0.3046,0.8123,3.32,214
19067,Floyd County,IA,2000,0.4125,0.8777,0.2699,0.7181,4.82,214
19067,Floyd County,IA,2001,0.3594,0.8782,0.2212,0.6885,-8.68,218
19067,Floyd County,IA,2002,0.451,0.8852,0.2894,0.7524,14.6,214
19067,Floyd County,IA,2003,0.391,0.8763,0.2524,0.7218,-0.65,207
19067,Floyd County,IA,2004,0.4196,0.8885,0.2707,0.7303,6.62,218
19067,Floyd County,IA,2005,0.3892,0.8895,0.2604,0.7492,-1.1,214
19067,Floyd County,IA,2006,0.4234,0.8749,0.2771,0.7472,7.59,207
19067,Floyd County,IA,2007,0.3707,0.8714,0.2405,0.7124,-5.81,205
19067,Floyd County,IA,2008,0.3567,0.8726,0.238,0.7164,-9.36,217
19067,Floyd County,IA,2009,0.3843,0.8832,0.2636,0.7544,-2.35,218
19067,Floyd County,IA,2010,0.3698,0.8936,0.2508,0.7477,-6.03,209
19067,Floyd County,IA,2011,0.3878,0.9004,0.2664,0.7548,-1.46,212
19067,Floyd County,IA,2012,0.3963,0.8416,0.2516,0.6693,0.7,200
19067,Floyd County,IA,2013,0.3754,0.86,0.242,0.7103,-4.61,228
19067,Floyd County,IA,2014,0.358,0.8717,0.2395,0.7182,-9.03,221
19067,Floyd County,IA,2015,0.3945,0.9056,0.2691,0.7791,0.24,206
19067,Floyd County,IA,2016,0.3916,0.9005,0.2629,0.7541,-0.49,212
19067,Floyd County,IA,2017,0.4084,0.8875,0.2694,0.7561,3.77,219
19067,Floyd County,IA,2018,0.3879,0.8834,0.2576,0.7679,-1.43,217
19067,Floyd County,IA,2019,0.3991,0.8855,0.2675,0.7356,1.41,215
19067,Floyd County,IA,2020,0.38,0.8827,0.2591,0.7354,-3.44,205
19067,Floyd County,IA,2021,0.4074,0.8858,0.2729,0.7431,3.52,214
19067,Floyd County,IA,2022,0.3939,0.8895,0.2754,0.7495,0.09,213
19067,Floyd County,IA,2023,0.3952,0.885,0.2616,0.7034,0.42,215
19067,Floyd County,IA,2024,0.4173,0.8819,0.2784,0.7542,6.04,220
19067,Floyd County,IA,2025,0.4118,0.907,0.2863,0.8038,4.64,211
19069,Franklin County,IA,2000,0.4022,0.8842,0.2599,0.726,3.42,213
19069,Franklin County,IA,2001,0.3513,0.8885,0.2159,0.7128,-9.67,221
19069,Franklin County,IA,2002,0.4324,0.8866,0.277,0.7489,11.18,214
19069,Franklin County,IA,2003,0.389,0.8818,0.2553,0.7595,0.02,212
19069,Franklin County,IA,2004,0.4103,0.8975,0.2667,0.7553,5.5,214
19069,Franklin County,IA,2005,0.3791,0.8931,0.2505,0.7523,-2.52,211
19069,Franklin County,IA,2006,0.4106,0.8928,0.2739,0.7771,5.58,211
19069,Franklin County,IA,2007,0.3685,0.8839,0.2434,0.7502,-5.25,206
19069,Franklin County,IA,2008,0.3544,0.8779,0.2341,0.7166,-8.87,219
19069,Franklin County,IA,2009,0.3758,0.8814,0.2566,0.7493,-3.37,217
19069,Franklin County,IA,2010,0.3664,0.8901,0.2392,0.72,-5.79,209
19069,Franklin County,IA,2011,0.3919,0.905,0.2628,0.7766,0.77,212
19069,Franklin County,IA,2012,0.3904,0.8689,0.2533,0.7174,0.38,197
19069,Franklin County,IA,2013,0.3794,0.8785,0.2474,0.7321,-2.45,226
19069,Franklin County,IA,2014,0.3627,0.8749,0.2379,0.7066,-6.74,222
19069,Franklin County,IA,2015,0.4011,0.9037,0.2731,0.8041,3.13,212
19069,Franklin County,IA,2016,0.389,0.9072,0.2651,0.785,0.02,206
19069,Franklin County,IA,2017,0.4061,0.896,0.2684,0.7576,4.42,214
19069,Franklin County,IA,2018,0.3829,0.8985,0.2565,0.7822,-1.55,214
19069,Franklin County,IA,2019,0.4018,0.9015,0.2697,0.7535,3.31,220
19069,Franklin County,IA,2020,0.3829,0.885,0.2594,0.7663,-1.55,202
19069,Franklin County,IA,2021,0.3931,0.8909,0.2595,0.7506,1.08,210
19069,Franklin County,IA,2022,0.3829,0.9051,0.2677,0.7645,-1.55,213
19069,Franklin County,IA,2023,0.3884,0.9071,0.2607,0.7539,-0.13,209
19069,Franklin County,IA,2024,0.412,0.8964,0.2771,0.7761,5.94,214
19069,Franklin County,IA,2025,0.4072,0.8983,0.2861,0.8488,4.7,210
19071,Fremont County,IA,2000,0.4458,0.8796,0.2899,0.7102,4.75,205
19071,Fremont County,IA,2001,0.4116,0.8635,0.259,0.6976,-3.28,212
19071,Fremont County,IA,2002,0.4284,0.8045,0.2657,0.6087,0.67,212
19071,Fremont County,IA,2003,0.4091,0.8469,0.2642,0.6788,-3.87,207
19071,Fremont County,IA,2004,0.4316,0.878,0.2862,0.7285,1.42,210
19071,Fremont County,IA,2005,0.4108,0.8766,0.2727,0.7143,-3.47,211
19071,Fremont County,IA,2006,0.4451,0.8636,0.2938,0.7129,4.59,205
19071,Fremont County,IA,2007,0.3956,0.8569,0.2592,0.6895,-7.04,220
19071,Fremont County,IA,2008,0.3932,0.8255,0.2475,0.6357,-7.61,217
19071,Fremont County,IA,2009,0.4307,0.8887,0.2918,0.7539,1.21,208
19071,Fremont County,IA,2010,0.3988,0.8599,0.2743,0.7235,-6.29,210
19071,Fremont County,IA,2011,0.3984,0.8302,0.2583,0.6439,-6.38,200
19071,Fremont County,IA,2012,0.4169,0.8337,0.2727,0.6671,-2.04,196
19071,Fremont County,IA,2013,0.4268,0.8708,0.2757,0.7087,0.29,216
19071,Fremont County,IA,2014,0.4365,0.8824,0.2898,0.734,2.57,208
19071,Fremont County,IA,2015,0.4374,0.8796,0.2928,0.7285,2.78,218
19071,Fremont County,IA,2016,0.4542,0.8845,0.2954,0.7247,6.73,213
19071,Fremont County,IA,2017,0.4625,0.885,0.304,0.7303,8.68,213
19071,Fremont County,IA,2018,0.4243,0.8828,0.2813,0.7473,-0.3,203
19071,Fremont County,IA,2019,0.3969,0.8444,0.2608,0.6796,-6.74,223
19071,Fremont County,IA,2020,0.426,0.8848,0.2864,0.7466,0.1,210
19071,Fremont County,IA,2021,0.4196,0.8908,0.2855,0.7402,-1.4,214
19071,Fremont County,IA,2022,0.4253,0.8686,0.2956,0.7145,-0.06,212
19071,Fremont County,IA,2023,0.4471,0.9045,0.3055,0.7619,5.06,212
19071,Fremont County,IA,2024,0.4399,0.8977,0.2969,0.7563,3.37,202
19071,Fremont County,IA,2025,0.4523,0.9145,0.3106,0.8025,6.28,204
19073,Greene County,IA,2000,0.4168,0.8944,0.2729,0.7481,3.97,203
19073,Greene County,IA,2001,0.3727,0.8746,0.2247,0.6762,-7.03,217
19073,Greene County,IA,2002,0.4294,0.8779,0.2632,0.6976,7.11,217
19073,Greene County,IA,2003,0.3917,0.8791,0.251,0.7334,-2.29,213
19073,Greene County,IA,2004,0.4102,0.8848,0.2661,0.7557,2.32,212
19073,Greene County,IA,2005,0.3818,0.8889,0.2491,0.7285,-4.76,210
19073,Greene County,IA,2006,0.4243,0.8821,0.2726,0.73,5.84,213
19073,Greene County,IA,2007,0.3676,0.8848,0.2349,0.7254,-8.3,217
19073,Greene County,IA,2008,0.3687,0.879,0.234,0.6906,-8.03,216
19073,Greene County,IA,2009,0.394,0.8923,0.2698,0.7786,-1.72,214
19073,Greene County,IA,2010,0.3709,0.8854,0.2422,0.7243,-7.48,209
19073,Greene County,IA,2011,0.4139,0.9036,0.2732,0.7566,3.25,215
19073,Greene County,IA,2012,0.3933,0.8512,0.2483,0.6689,-1.89,191
19073,Greene County,IA,2013,0.391,0.858,0.2401,0.6869,-2.47,216
19073,Greene County,IA,2014,0.4165,0.891,0.2775,0.7577,3.89,214
19073,Greene County,IA,2015,0.4062,0.8971,0.2691,0.7671,1.32,217
19073,Greene County,IA,2016,0.4101,0.9006,0.2737,0.7671,2.3,212
19073,Greene County,IA,2017,0.4245,0.8849,0.2664,0.7105,5.89,209
19073,Greene County,IA,2018,0.4058,0.8938,0.2556,0.7091,1.23,202
19073,Greene County,IA,2019,0.4141,0.9025,0.2753,0.7556,3.3,219
19073,Greene County,IA,2020,0.3766,0.8644,0.247,0.702,-6.06,204
19073,Greene County,IA,2021,0.4005,0.902,0.2648,0.7474,-0.1,211
19073,Greene County,IA,2022,0.4051,0.8957,0.2808,0.7461,1.05,219
19073,Greene County,IA,2023,0.4025,0.9048,0.2697,0.7554,0.4,213
19073,Greene County,IA,2024,0.4258,0.9041,0.293,0.7837,6.21,213
19073,Greene County,IA,2025,0.4091,0.9203,0.2922,0.8241,2.05,207
19075,Grundy County,IA,2000,0.4106,0.8875,0.2713,0.7532,5.34,209
19075,Grundy County,IA,2001,0.353,0.8883,0.2222,0.7205,-9.44,220
19075,Grundy County,IA,2002,0.4319,0.8961,0.2832,0.7634,10.81,214
19075,Grundy County,IA,2003,0.372,0.8724,0.2495,0.7655,-4.56,213
19075,Grundy County,IA,2004,0.4073,0.8991,0.2716,0.7786,4.5,214
19075,Grundy County,IA,2005,0.3732,0.8988,0.2546,0.7872,-4.25,212
19075,Grundy County,IA,2006,0.4166,0.9061,0.2899,0.7961,6.88,210
19075,Grundy County,IA,2007,0.3604,0.892,0.2456,0.7655,-7.54,212
19075,Grundy County,IA,2008,0.3431,0.8884,0.2359,0.7442,-11.98,224
19075,Grundy County,IA,2009,0.3832,0.8906,0.2639,0.7671,-1.69,219
19075,Grundy County,IA,2010,0.367,0.901,0.2576,0.7905,-5.84,211
19075,Grundy County,IA,2011,0.3943,0.901,0.2757,0.7862,1.16,218
19075,Grundy County,IA,2012,0.3918,0.8752,0.2647,0.7376,0.52,205
19075,Grundy County,IA,2013,0.3719,0.8833,0.2487,0.7476,-4.59,224
19075,Grundy County,IA,2014,0.3687,0.8852,0.2521,0.7445,-5.41,219
19075,Grundy County,IA,2015,0.4067,0.9084,0.2828,0.8242,4.34,214
19075,Grundy County,IA,2016,0.3787,0.9075,0.2675,0.8087,-2.84,208
19075,Grundy County,IA,2017,0.4186,0.9026,0.2881,0.7945,7.39,214
19075,Grundy County,IA,2018,0.3995,0.9016,0.2823,0.8338,2.49,203
19075,Grundy County,IA,2019,0.3976,0.9047,0.2723,0.7696,2.01,220
19075,Grundy County,IA,2020,0.3832,0.8945,0.2674,0.7775,-1.69,207
19075,Grundy County,IA,2021,0.3893,0.897,0.2691,0.7831,-0.12,218
19075,Grundy County,IA,2022,0.3806,0.9117,0.2694,0.7807,-2.35,220
19075,Grundy County,IA,2023,0.3979,0.9077,0.2783,0.7716,2.08,209
19075,Grundy County,IA,2024,0.426,0.9121,0.2984,0.8241,9.29,216
19075,Grundy County,IA,2025,0.4111,0.9167,0.2975,0.8727,5.47,211
19077,Guthrie County,IA,2000,0.4704,0.8671,0.3165,0.7202,5.3,205
19077,Guthrie County,IA,2001,0.4224,0.8391,0.2619,0.6321,-5.44,206
19077,Guthrie County,IA,2002,0.4766,0.8367,0.2982,0.6422,6.69,209
19077,Guthrie County,IA,2003,0.4174,0.838,0.2676,0.6447,-6.56,202
19077,Guthrie County,IA,2004,0.4547,0.8635,0.3032,0.7222,1.79,210
19077,Guthrie County,IA,2005,0.4306,0.8612,0.2854,0.6966,-3.61,207
19077,Guthrie County,IA,2006,0.4759,0.8596,0.3158,0.6979,6.53,215
19077,Guthrie County,IA,2007,0.4187,0.85,0.2726,0.6666,-6.27,219
19077,Guthrie County,IA,2008,0.421,0.8593,0.2745,0.6765,-5.76,210
19077,Guthrie County,IA,2009,0.4371,0.8628,0.2915,0.7171,-2.15,213
19077,Guthrie County,IA,2010,0.4222,0.8564,0.2859,0.699,-5.49,207
19077,Guthrie County,IA,2011,0.4548,0.8695,0.3053,0.6993,1.81,212
19077,Guthrie County,IA,2012,0.4302,0.8086,0.2773,0.6214,-3.7,189
19077,Guthrie County,IA,2013,0.4435,0.8388,0.2784,0.6415,-0.72,207
19077,Guthrie County,IA,2014,0.4542,0.8647,0.3075,0.7106,1.67,213
19077,Guthrie County,IA,2015,0.4622,0.8709,0.3113,0.7152,3.46,214
19077,Guthrie County,IA,2016,0.4643,0.8743,0.3153,0.7296,3.93,215
19077,Guthrie County,IA,2017,0.4853,0.8593,0.3156,0.678,8.64,209
19077,Guthrie County,IA,2018,0.4562,0.8685,0.2951,0.685,2.12,196
19077,Guthrie County,IA,2019,0.4539,0.8734,0.3041,0.7031,1.61,219
19077,Guthrie County,IA,2020,0.4199,0.8262,0.2762,0.6501,-6.0,197
19077,Guthrie County,IA,2021,0.4414,0.8741,0.2983,0.7198,-1.19,210
19077,Guthrie County,IA,2022,0.4354,0.8507,0.3009,0.6879,-2.53,212
19077,Guthrie County,IA,2023,0.4443,0.8701,0.2922,0.6925,-0.54,203
19077,Guthrie County,IA,2024,0.4654,0.8756,0.3126,0.7299,4.18,204
19077,Guthrie County,IA,2025,0.4568,0.8912,0.3158,0.7847,2.26,205
19079,Hamilton County,IA,2000,0.3998,0.882,0.2516,0.7421,2.75,209
19079,Hamilton County,IA,2001,0.3557,0.8883,0.2124,0.7055,-8.58,220
19079,Hamilton County,IA,2002,0.4235,0.8817,0.2602,0.7318,8.85,216
19079,Hamilton County,IA,2003,0.3815,0.8759,0.2363,0.7376,-1.95,209
19079,Hamilton County,IA,2004,0.4008,0.8797,0.2523,0.7364,3.01,219
19079,Hamilton County,IA,2005,0.3768,0.8932,0.2397,0.7316,-3.16,211
19079,Hamilton County,IA,2006,0.4101,0.8829,0.2602,0.7476,5.4,210
19079,Hamilton County,IA,2007,0.3666,0.8786,0.2339,0.731,-5.78,212
19079,Hamilton County,IA,2008,0.3547,0.8773,0.2237,0.6882,-8.84,216
19079,Hamilton County,IA,2009,0.3724,0.8799,0.2469,0.7409,-4.29,217
19079,Hamilton County,IA,2010,0.3571,0.8915,0.2298,0.7262,-8.22,208
19079,Hamilton County,IA,2011,0.4011,0.896,0.2613,0.764,3.09,214
19079,Hamilton County,IA,2012,0.394,0.8666,0.2467,0.7011,1.26,196
19079,Hamilton County,IA,2013,0.3675,0.858,0.2224,0.6709,-5.55,219
19079,Hamilton County,IA,2014,0.3883,0.8702,0.2455,0.6992,-0.2,216
19079,Hamilton County,IA,2015,0.4089,0.9101,0.2661,0.7815,5.09,209
19079,Hamilton County,IA,2016,0.3832,0.8946,0.2508,0.7609,-1.51,206
19079,Hamilton County,IA,2017,0.4096,0.8838,0.2546,0.7209,5.27,207
19079,Hamilton County,IA,2018,0.3937,0.8884,0.2458,0.7255,1.19,205
19079,Hamilton County,IA,2019,0.3986,0.8926,0.2555,0.7389,2.45,219
19079,Hamilton County,IA,2020,0.3756,0.8747,0.2431,0.7375,-3.47,204
19079,Hamilton County,IA,2021,0.3931,0.8967,0.2508,0.7341,1.03,209
19079,Hamilton County,IA,2022,0.3877,0.8984,0.2639,0.7607,-0.36,217
19079,Hamilton County,IA,2023,0.3989,0.9032,0.2647,0.7576,2.52,211
19079,Hamilton County,IA,2024,0.4145,0.899,0.2712,0.782,6.53,213
19079,Hamilton County,IA,2025,0.4025,0.9119,0.276,0.8389,3.45,206
19081,Hancock County,IA,2000,0.3976,0.8887,0.2501,0.732,4.8,213
19081,Hancock County,IA,2001,0.3347,0.8857,0.2001,0.7107,-11.78,223
19081,Hancock County,IA,2002,0.4202,0.8887,0.2589,0.7373,10.76,211
19081,Hancock County,IA,2003,0.3806,0.8755,0.2336,0.7143,0.32,211
19081,Hancock County,IA,2004,0.395,0.8876,0.2475,0.729,4.12,222
19081,Hancock County,IA,2005,0.3799,0.8947,0.2413,0.7521,0.14,217
19081,Hancock County,IA,2006,0.3908,0.8899,0.2513,0.7614,3.01,213
19081,Hancock County,IA,2007,0.3634,0.888,0.2338,0.7318,-4.21,207
19081,Hancock County,IA,2008,0.3546,0.8832,0.2318,0.7189,-6.53,221
19081,Hancock County,IA,2009,0.3713,0.8866,0.2511,0.7685,-2.13,217
19081,Hancock County,IA,2010,0.352,0.8994,0.2317,0.7489,-7.22,209
19081,Hancock County,IA,2011,0.3764,0.891,0.2423,0.7583,-0.78,209
19081,Hancock County,IA,2012,0.3814,0.8705,0.2379,0.7054,0.53,196
19081,Hancock County,IA,2013,0.38,0.8761,0.2389,0.7255,0.16,227
19081,Hancock County,IA,2014,0.3502,0.877,0.2292,0.7372,-7.69,221
19081,Hancock County,IA,2015,0.3912,0.9111,0.2568,0.7814,3.12,210
19081,Hancock County,IA,2016,0.3826,0.9036,0.2547,0.7821,0.85,212
19081,Hancock County,IA,2017,0.3981,0.8916,0.249,0.7167,4.94,221
19081,Hancock County,IA,2018,0.3516,0.8925,0.2241,0.7412,-7.32,215
19081,Hancock County,IA,2019,0.377,0.8954,0.2485,0.7577,-0.63,218
19081,Hancock County,IA,2020,0.3839,0.9027,0.2543,0.7634,1.19,206
19081,Hancock County,IA,2021,0.3957,0.8973,0.2559,0.7608,4.3,209
19081,Hancock County,IA,2022,0.383,0.9134,0.2637,0.7687,0.96,223
19081,Hancock County,IA,2023,0.3773,0.9029,0.245,0.7445,-0.55,211
19081,Hancock County,IA,2024,0.3995,0.8896,0.2581,0.7537,5.3,220
19081,Hancock County,IA,2025,0.3958,0.9088,0.264,0.7961,4.33,212
19083,Hardin County,IA,2000,0.419,0.8813,0.2727,0.7338,4.39,208
19083,Hardin County,IA,2001,0.365,0.8838,0.2258,0.7006,-9.07,218
19083,Hardin County,IA,2002,0.4406,0.8823,0.2844,0.737,9.77,215
19083,Hardin County,IA,2003,0.3864,0.8686,0.2562,0.7511,-3.74,210
19083,Hardin County,IA,2004,0.421,0.8894,0.2742,0.7545,4.88,213
19083,Hardin County,IA,2005,0.3867,0.8893,0.258,0.7491,-3.66,210
19083,Hardin County,IA,2006,0.4285,0.8859,0.2873,0.7561,6.75,210
19083,Hardin County,IA,2007,0.3717,0.8746,0.2468,0.7263,-7.4,211
19083,Hardin County,IA,2008,0.3654,0.8722,0.2422,0.7041,-8.97,219
19083,Hardin County,IA,2009,0.3883,0.8769,0.2635,0.7461,-3.26,215
19083,Hardin County,IA,2010,0.3801,0.8967,0.2565,0.7544,-5.3,206
19083,Hardin County,IA,2011,0.4085,0.8982,0.2766,0.7667,1.77,215
19083,Hardin County,IA,2012,0.412,0.8681,0.2709,0.7171,2.64,195
19083,Hardin County,IA,2013,0.3793,0.8653,0.2486,0.7173,-5.5,220
19083,Hardin County,IA,2014,0.3779,0.8662,0.2497,0.6891,-5.85,218
19083,Hardin County,IA,2015,0.4241,0.9018,0.2859,0.7928,5.66,208
19083,Hardin County,IA,2016,0.3926,0.8996,0.2686,0.7672,-2.19,205
19083,Hardin County,IA,2017,0.4276,0.8901,0.2829,0.7505,6.53,208
19083,Hardin County,IA,2018,0.4101,0.8947,0.2764,0.7744,2.17,206
19083,Hardin County,IA,2019,0.4147,0.8922,0.2773,0.7455,3.32,218
19083,Hardin County,IA,2020,0.3872,0.8714,0.2615,0.7439,-3.54,204
19083,Hardin County,IA,2021,0.3985,0.8801,0.2651,0.7379,-0.72,209
19083,Hardin County,IA,2022,0.3895,0.9027,0.2737,0.7636,-2.96,216
19083,Hardin County,IA,2023,0.4068,0.8995,0.2788,0.7555,1.35,209
19083,Hardin County,IA,2024,0.4365,0.8974,0.2936,0.7845,8.75,212
19083,Hardin County,IA,2025,0.4182,0.9039,0.2967,0.8526,4.19,209
19085,Harrison County,IA,2000,0.44,0.8837,0.2914,0.7218,6.47,202
19085,Harrison County,IA,2001,0.3899,0.8509,0.2509,0.6791,-5.65,213
19085,Harrison County,IA,2002,0.4268,0.8422,0.2745,0.6556,3.28,216
19085,Harrison County,IA,2003,0.3904,0.8542,0.2591,0.691,-5.53,213
19085,Harrison County,IA,2004,0.4212,0.8745,0.2795,0.729,1.92,208
19085,Harrison County,IA,2005,0.3911,0.8519,0.2574,0.677,-5.36,210
19085,Harrison County,IA,2006,0.4377,0.8521,0.2834,0.6742,5.92,212
19085,Harrison County,IA,2007,0.3885,0.8572,0.252,0.6714,-5.99,220
19085,Harrison County,IA,2008,0.3883,0.8591,0.2554,0.6892,-6.04,213
19085,Harrison County,IA,2009,0.4128,0.8776,0.2843,0.7472,-0.11,213
19085,Harrison County,IA,2010,0.3868,0.8665,0.2693,0.7338,-6.4,207
19085,Harrison County,IA,2011,0.4095,0.8694,0.2772,0.7051,-0.91,210
19085,Harrison County,IA,2012,0.399,0.8457,0.2622,0.6828,-3.45,191
19085,Harrison County,IA,2013,0.4223,0.8712,0.2802,0.7156,2.19,219
19085,Harrison County,IA,2014,0.4239,0.8658,0.2845,0.714,2.58,217
19085,Harrison County,IA,2015,0.4216,0.8912,0.2888,0.7488,2.02,217
19085,Harrison County,IA,2016,0.4168,0.8875,0.2808,0.7262,0.86,214
19085,Harrison County,IA,2017,0.4406,0.8739,0.2937,0.7168,6.62,216
19085,Harrison County,IA,2018,0.4117,0.8807,0.2742,0.7162,-0.38,199
19085,Harrison County,IA,2019,0.4308,0.8796,0.29,0.7163,4.25,222
19085,Harrison County,IA,2020,0.3993,0.8813,0.2795,0.7585,-3.38,205
19085,Harrison County,IA,2021,0.4155,0.8916,0.2873,0.7369,0.54,208
19085,Harrison County,IA,2022,0.4084,0.8633,0.2856,0.7216,-1.17,203
19085,Harrison County,IA,2023,0.407,0.875,0.2766,0.7348,-1.51,210
19085,Harrison County,IA,2024,0.4246,0.8822,0.2865,0.7233,2.75,210
19085,Harrison County,IA,2025,0.44,0.9053,0.3015,0.8011,6.47,207
19087,Henry County,IA,2000,0.4935,0.8624,0.3204,0.71,6.14,204
19087,Henry County,IA,2001,0.4511,0.8517,0.2967,0.6998,-2.98,213
19087,Henry County,IA,2002,0.4835,0.8532,0.3096,0.693,3.99,205
19087,Henry County,IA,2003,0.4513,0.8584,0.2937,0.7258,-2.93,203
19087,Henry County,IA,2004,0.4732,0.8698,0.3124,0.7361,1.78,203
19087,Henry County,IA,2005,0.4628,0.8446,0.3056,0.6912,-0.46,204
19087,Henry County,IA,2006,0.4852,0.8492,0.3162,0.6973,4.36,206
19087,Henry County,IA,2007,0.4456,0.8668,0.2995,0.717,-4.16,210
19087,Henry County,IA,2008,0.45,0.8637,0.2993,0.7069,-3.21,220
19087,Henry County,IA,2009,0.4525,0.8681,0.3034,0.7052,-2.67,216
19087,Henry County,IA,2010,0.4437,0.8442,0.2851,0.671,-4.57,212
19087,Henry County,IA,2011,0.4493,0.849,0.2854,0.6804,-3.36,205
19087,Henry County,IA,2012,0.4802,0.8304,0.3087,0.6676,3.28,193
19087,Henry County,IA,2013,0.4375,0.8555,0.286,0.7036,-5.9,208
19087,Henry County,IA,2014,0.4412,0.8808,0.2971,0.7346,-5.1,207
19087,Henry County,IA,2015,0.463,0.8765,0.3084,0.7202,-0.42,202
19087,Henry County,IA,2016,0.4909,0.8793,0.3297,0.7374,5.58,212
19087,Henry County,IA,2017,0.4885,0.8506,0.3179,0.6838,5.07,206
19087,Henry County,IA,2018,0.4728,0.8618,0.3077,0.7154,1.69,192
19087,Henry County,IA,2019,0.4599,0.8453,0.2986,0.6845,-1.08,218
19087,Henry County,IA,2020,0.4729,0.8887,0.3136,0.7269,1.71,207
19087,Henry County,IA,2021,0.4517,0.8581,0.2975,0.6992,-2.85,212
19087,Henry County,IA,2022,0.4494,0.8632,0.3075,0.7167,-3.34,208
19087,Henry County,IA,2023,0.4752,0.8783,0.3101,0.6888,2.21,215
19087,Henry County,IA,2024,0.4884,0.8892,0.3281,0.7398,5.05,211
19087,Henry County,IA,2025,0.475,0.9003,0.3292,0.7808,2.16,208
19089,Howard County,IA,2000,0.4237,0.8696,0.2848,0.739,7.57,214
19089,Howard County,IA,2001,0.3577,0.8551,0.2172,0.6494,-9.19,216
19089,Howard County,IA,2002,0.4473,0.8811,0.2905,0.7469,13.56,216
19089,Howard County,IA,2003,0.3836,0.8721,0.2499,0.7276,-2.61,208
19089,Howard County,IA,2004,0.4238,0.8817,0.2789,0.7241,7.59,222
19089,Howard County,IA,2005,0.394,0.8878,0.2695,0.761,0.03,215
19089,Howard County,IA,2006,0.4291,0.8726,0.2917,0.7512,8.94,215
19089,Howard County,IA,2007,0.3746,0.8705,0.2452,0.7257,-4.9,211
19089,Howard County,IA,2008,0.3581,0.8737,0.2402,0.7147,-9.09,217
19089,Howard County,IA,2009,0.3869,0.875,0.2664,0.7357,-1.78,221
19089,Howard County,IA,2010,0.381,0.8963,0.2654,0.7706,-3.27,212
19089,Howard County,IA,2011,0.3843,0.9023,0.2663,0.7575,-2.44,212
19089,Howard County,IA,2012,0.4088,0.8457,0.265,0.6803,3.78,210
19089,Howard County,IA,2013,0.3649,0.8368,0.2407,0.7038,-7.36,233
19089,Howard County,IA,2014,0.3612,0.8791,0.2404,0.7185,-8.3,225
19089,Howard County,IA,2015,0.3949,0.9154,0.2743,0.7784,0.25,206
19089,Howard County,IA,2016,0.3926,0.9018,0.2693,0.7769,-0.33,216
19089,Howard County,IA,2017,0.4022,0.8902,0.271,0.7597,2.11,220
19089,Howard County,IA,2018,0.3861,0.8904,0.2628,0.7747,-1.98,218
19089,Howard County,IA,2019,0.3827,0.8846,0.2595,0.7403,-2.84,219
19089,Howard County,IA,2020,0.387,0.8832,0.2683,0.7536,-1.75,207
19089,Howard County,IA,2021,0.3979,0.8942,0.2734,0.7707,1.02,217
19089,Howard County,IA,2022,0.3829,0.8952,0.2752,0.7785,-2.79,219
19089,Howard County,IA,2023,0.3935,0.8936,0.2683,0.719,-0.1,214
19089,Howard County,IA,2024,0.4239,0.8859,0.2827,0.7425,7.62,218
19089,Howard County,IA,2025,0.4186,0.9185,0.2941,0.8111,6.27,212
19091,Humboldt County,IA,2000,0.3956,0.8852,0.2499,0.7516,3.57,211
19091,Humboldt County,IA,2001,0.3434,0.8929,0.2083,0.7228,-10.1,220
19091,Humboldt County,IA,2002,0.41,0.8792,0.2493,0.699,7.34,210
19091,Humboldt County,IA,2003,0.3779,0.8666,0.2265,0.7021,-1.07,214
19091,Humboldt County,IA,2004,0.3985,0.8924,0.2513,0.7555,4.33,216
19091,Humboldt County,IA,2005,0.3754,0.8949,0.2401,0.7501,-1.72,215
19091,Humboldt County,IA,2006,0.3875,0.8813,0.2449,0.7481,1.45,211
19091,Humboldt County,IA,2007,0.3591,0.8856,0.2268,0.7227,-5.99,211
19091,Humboldt County,IA,2008,0.3479,0.8854,0.2183,0.6997,-8.92,220
19091,Humboldt County,IA,2009,0.367,0.8921,0.2472,0.7753,-3.92,215
19091,Humboldt County,IA,2010,0.3419,0.8764,0.215,0.6915,-10.49,209
19091,Humboldt County,IA,2011,0.4015,0.8986,0.2584,0.7623,5.11,211
19091,Humboldt County,IA,2012,0.3818,0.8721,0.2438,0.7227,-0.04,200
19091,Humboldt County,IA,2013,0.3817,0.8745,0.2335,0.7176,-0.07,228
19091,Humboldt County,IA,2014,0.3759,0.8758,0.2359,0.7024,-1.59,221
19091,Humboldt County,IA,2015,0.3906,0.9036,0.2497,0.761,2.26,214
19091,Humboldt County,IA,2016,0.3883,0.8983,0.2546,0.7754,1.66,209
19091,Humboldt County,IA,2017,0.4126,0.8897,0.2523,0.7123,8.02,217
19091,Humboldt County,IA,2018,0.3703,0.8898,0.227,0.7116,-3.06,212
19091,Humboldt County,IA,2019,0.3949,0.9039,0.2524,0.7499,3.39,222
19091,Humboldt County,IA,2020,0.3804,0.8934,0.2455,0.7484,-0.41,207
19091,Humboldt County,IA,2021,0.3845,0.8997,0.2464,0.7339,0.66,213
19091,Humboldt County,IA,2022,0.3798,0.8945,0.2573,0.7469,-0.57,217
19091,Humboldt County,IA,2023,0.3741,0.8948,0.2396,0.7267,-2.06,209
19091,Humboldt County,IA,2024,0.4127,0.8833,0.2574,0.736,8.05,221
19091,Humboldt County,IA,2025,0.3979,0.924,0.2688,0.8173,4.17,209
19093,Ida County,IA,2000,0.4043,0.8726,0.2737,0.7129,0.68,203
19093,Ida County,IA,2001,0.37,0.8713,0.2468,0.7242,-7.86,216
19093,Ida County,IA,2002,0.4098,0.8613,0.2745,0.6976,2.05,220
19093,Ida County,IA,2003,0.3873,0.8711,0.2571,0.7008,-3.56,215
19093,Ida County,IA,2004,0.4165,0.8884,0.2817,0.7483,3.72,215
19093,Ida County,IA,2005,0.3924,0.8832,0.2727,0.7592,-2.29,213
19093,Ida County,IA,2006,0.4281,0.8525,0.2834,0.6851,6.6,220
19093,Ida County,IA,2007,0.3819,0.8699,0.255,0.7057,-4.9,222
19093,Ida County,IA,2008,0.3825,0.8813,0.2634,0.7339,-4.75,214
19093,Ida County,IA,2009,0.3919,0.8844,0.2805,0.7836,-2.41,216
19093,Ida County,IA,2010,0.3734,0.9041,0.2696,0.7886,-7.02,209
19093,Ida County,IA,2011,0.4011,0.9001,0.2861,0.7565,-0.12,214
19093,Ida County,IA,2012,0.4034,0.8724,0.2782,0.7225,0.45,198
19093,Ida County,IA,2013,0.3864,0.8814,0.2641,0.7234,-3.78,223
19093,Ida County,IA,2014,0.4199,0.8966,0.2982,0.7734,4.56,228
19093,Ida County,IA,2015,0.4067,0.9097,0.2943,0.8113,1.28,221
19093,Ida County,IA,2016,0.4044,0.8965,0.287,0.7653,0.7,216
19093,Ida County,IA,2017,0.4292,0.8876,0.2976,0.7491,6.88,227
19093,Ida County,IA,2018,0.4091,0.9055,0.2897,0.7846,1.87,205
19093,Ida County,IA,2019,0.4248,0.9,0.3036,0.7812,5.78,222
19093,Ida County,IA,2020,0.38,0.8849,0.2731,0.7651,-5.37,205
19093,Ida County,IA,2021,0.4105,0.9085,0.289,0.7676,2.22,208
19093,Ida County,IA,2022,0.4145,0.8964,0.3066,0.766,3.22,225
19093,Ida County,IA,2023,0.3858,0.8838,0.272,0.7375,-3.93,221
19093,Ida County,IA,2024,0.4253,0.9079,0.299,0.7769,5.91,219
19093,Ida County,IA,2025,0.4018,0.9205,0.299,0.8307,0.06,211
19095,Iowa County,IA,2000,0.4769,0.8592,0.3154,0.6927,6.99,204
19095,Iowa County,IA,2001,0.4264,0.8593,0.2813,0.6766,-4.34,211
19095,Iowa County,IA,2002,0.4779,0.8618,0.3166,0.7057,7.21,210
19095,Iowa County,IA,2003,0.443,0.8504,0.2933,0.7132,-0.62,204
19095,Iowa County,IA,2004,0.4701,0.8706,0.3128,0.7231,5.46,207
19095,Iowa County,IA,2005,0.422,0.8429,0.2816,0.6749,-5.33,203
19095,Iowa County,IA,2006,0.4814,0.857,0.3222,0.7094,8.0,207
19095,Iowa County,IA,2007,0.432,0.8649,0.2912,0.7075,-3.09,214
19095,Iowa County,IA,2008,0.4028,0.8509,0.2716,0.6791,-9.64,222
19095,Iowa County,IA,2009,0.4368,0.8647,0.3034,0.7296,-2.01,214
19095,Iowa County,IA,2010,0.4275,0.8598,0.2945,0.7255,-4.1,208
19095,Iowa County,IA,2011,0.4439,0.8819,0.3032,0.7188,-0.42,213
19095,Iowa County,IA,2012,0.4583,0.8319,0.3012,0.652,2.81,206
19095,Iowa County,IA,2013,0.4367,0.8567,0.2885,0.718,-2.03,211
19095,Iowa County,IA,2014,0.4273,0.8758,0.2963,0.7405,-4.14,224
19095,Iowa County,IA,2015,0.4545,0.8898,0.3127,0.7483,1.96,210
19095,Iowa County,IA,2016,0.4562,0.8896,0.3225,0.7728,2.34,207
19095,Iowa County,IA,2017,0.4728,0.8727,0.3217,0.7202,6.07,212
19095,Iowa County,IA,2018,0.454,0.8771,0.3107,0.7582,1.85,202
19095,Iowa County,IA,2019,0.4394,0.865,0.2991,0.7008,-1.43,227
19095,Iowa County,IA,2020,0.4351,0.8864,0.2956,0.7293,-2.39,205
19095,Iowa County,IA,2021,0.4255,0.8825,0.2937,0.7484,-4.54,208
19095,Iowa County,IA,2022,0.4215,0.8739,0.3011,0.7461,-5.44,212
19095,Iowa County,IA,2023,0.444,0.8885,0.3026,0.715,-0.39,215
19095,Iowa County,IA,2024,0.4701,0.8836,0.3258,0.7732,5.46,214
19095,Iowa County,IA,2025,0.4535,0.9082,0.3283,0.8061,1.74,208
19097,Jackson County,IA,2000,0.5291,0.8416,0.3538,0.6733,11.58,204
19097,Jackson County,IA,2001,0.4774,0.8474,0.3164,0.6725,0.68,208
19097,Jackson County,IA,2002,0.5299,0.8508,0.346,0.685,11.75,207
19097,Jackson County,IA,2003,0.4853,0.8332,0.3181,0.6699,2.34,201
19097,Jackson County,IA,2004,0.5168,0.8583,0.3356,0.6861,8.98,203
19097,Jackson County,IA,2005,0.4477,0.8293,0.2932,0.6414,-5.59,201
19097,Jackson County,IA,2006,0.5198,0.856,0.3453,0.691,9.62,208
19097,Jackson County,IA,2007,0.4621,0.8566,0.3085,0.6872,-2.55,204
19097,Jackson County,IA,2008,0.4278,0.8463,0.2912,0.6721,-9.78,221
19097,Jackson County,IA,2009,0.4546,0.8639,0.3092,0.6963,-4.13,214
19097,Jackson County,IA,2010,0.4401,0.8649,0.2998,0.7006,-7.19,206
19097,Jackson County,IA,2011,0.4646,0.8625,0.3175,0.7047,-2.02,219
19097,Jackson County,IA,2012,0.473,0.7966,0.3042,0.609,-0.25,201
19097,Jackson County,IA,2013,0.4408,0.8623,0.2934,0.6906,-7.04,209
19097,Jackson County,IA,2014,0.4457,0.8543,0.2992,0.708,-6.01,216
19097,Jackson County,IA,2015,0.4809,0.8739,0.3211,0.7051,1.41,209
19097,Jackson County,IA,2016,0.4696,0.8778,0.3267,0.7282,-0.97,216
19097,Jackson County,IA,2017,0.4984,0.8688,0.3361,0.7081,5.1,208
19097,Jackson County,IA,2018,0.4755,0.8685,0.3162,0.7092,0.27,202
19097,Jackson County,IA,2019,0.4574,0.8611,0.304,0.6924,-3.54,224
19097,Jackson County,IA,2020,0.4702,0.8676,0.3157,0.7124,-0.84,212
19097,Jackson County,IA,2021,0.4586,0.8733,0.3053,0.7045,-3.29,212
19097,Jackson County,IA,2022,0.4505,0.8818,0.3154,0.737,-5.0,228
19097,Jackson County,IA,2023,0.478,0.8564,0.3103,0.6658,0.8,216
19097,Jackson County,IA,2024,0.4898,0.8681,0.3308,0.7374,3.29,212
19097,Jackson County,IA,2025,0.4855,0.9043,0.3349,0.7592,2.38,204
19099,Jasper County,IA,2000,0.4624,0.8672,0.3137,0.7274,7.62,207
19099,Jasper County,IA,2001,0.3954,0.8661,0.2582,0.6917,-7.98,219
19099,Jasper County,IA,2002,0.4655,0.8747,0.307,0.7174,8.34,215
19099,Jasper County,IA,2003,0.417,0.8554,0.2804,0.7395,-2.95,207
19099,Jasper County,IA,2004,0.4536,0.8828,0.3094,0.7679,5.57,209
19099,Jasper County,IA,2005,0.4119,0.8764,0.2837,0.7306,-4.14,211
19099,Jasper County,IA,2006,0.4582,0.8491,0.3073,0.6959,6.64,214
19099,Jasper County,IA,2007,0.4128,0.8657,0.2813,0.7227,-3.93,214
19099,Jasper County,IA,2008,0.3925,0.8737,0.2724,0.7169,-8.65,220
19099,Jasper County,IA,2009,0.4201,0.8719,0.2944,0.7503,-2.23,216
19099,Jasper County,IA,2010,0.4126,0.8648,0.2882,0.7412,-3.97,210
19099,Jasper County,IA,2011,0.4262,0.8846,0.2927,0.7271,-0.81,217
19099,Jasper County,IA,2012,0.4322,0.8442,0.2844,0.6708,0.59,199
19099,Jasper County,IA,2013,0.4121,0.8524,0.2736,0.6963,-4.09,216
19099,Jasper County,IA,2014,0.4228,0.8773,0.2968,0.7474,-1.6,216
19099,Jasper County,IA,2015,0.4426,0.8955,0.3059,0.766,3.01,206
19099,Jasper County,IA,2016,0.4478,0.895,0.317,0.7781,4.22,214
19099,Jasper County,IA,2017,0.4569,0.8647,0.313,0.7222,6.34,211
19099,Jasper County,IA,2018,0.4383,0.8799,0.3024,0.7721,2.01,200
19099,Jasper County,IA,2019,0.429,0.8852,0.2958,0.7373,-0.16,222
19099,Jasper County,IA,2020,0.4162,0.8769,0.2873,0.736,-3.14,207
19099,Jasper County,IA,2021,0.407,0.8929,0.2841,0.7605,-5.28,210
19099,Jasper County,IA,2022,0.3989,0.8775,0.2787,0.711,-7.16,211
19099,Jasper County,IA,2023,0.442,0.8944,0.3078,0.7376,2.87,214
19099,Jasper County,IA,2024,0.4529,0.8786,0.3203,0.8072,5.4,216
19099,Jasper County,IA,2025,0.4447,0.9053,0.3217,0.8478,3.5,209
19101,Jefferson County,IA,2000,0.5063,0.8548,0.3211,0.6662,7.34,207
19101,Jefferson County,IA,2001,0.4532,0.8375,0.289,0.6551,-3.92,214
19101,Jefferson County,IA,2002,0.4941,0.8278,0.309,0.6549,4.75,202
19101,Jefferson County,IA,2003,0.4577,0.8422,0.2972,0.6964,-2.96,198
19101,Jefferson County,IA,2004,0.4843,0.8663,0.3169,0.7137,2.68,204
19101,Jefferson County,IA,2005,0.4627,0.8421,0.3057,0.6771,-1.9,206
19101,Jefferson County,IA,2006,0.502,0.861,0.3319,0.7075,6.43,210
19101,Jefferson County,IA,2007,0.4571,0.8571,0.3021,0.6792,-3.09,215
19101,Jefferson County,IA,2008,0.4428,0.8522,0.2991,0.6816,-6.12,224
19101,Jefferson County,IA,2009,0.4655,0.8564,0.3144,0.7027,-1.31,214
19101,Jefferson County,IA,2010,0.4577,0.8449,0.3008,0.6776,-2.96,211
19101,Jefferson County,IA,2011,0.4549,0.8395,0.289,0.6642,-3.56,204
19101,Jefferson County,IA,2012,0.4794,0.8157,0.2989,0.6211,1.64,191
19101,Jefferson County,IA,2013,0.4587,0.8507,0.2955,0.6918,-2.75,208
19101,Jefferson County,IA,2014,0.45,0.8794,0.3028,0.7271,-4.59,211
19101,Jefferson County,IA,2015,0.4645,0.8658,0.3065,0.6947,-1.52,207
19101,Jefferson County,IA,2016,0.4931,0.8821,0.3301,0.7274,4.54,212
19101,Jefferson County,IA,2017,0.4944,0.8311,0.3178,0.6517,4.82,206
19101,Jefferson County,IA,2018,0.4823,0.8635,0.317,0.7178,2.25,193
19101,Jefferson County,IA,2019,0.4637,0.8548,0.304,0.6913,-1.69,221
19101,Jefferson County,IA,2020,0.4793,0.88,0.3175,0.7197,1.62,208
19101,Jefferson County,IA,2021,0.4539,0.8613,0.2983,0.6864,-3.77,212
19101,Jefferson County,IA,2022,0.4505,0.8588,0.3002,0.6801,-4.49,203
19101,Jefferson County,IA,2023,0.4807,0.8657,0.3155,0.6913,1.91,210
19101,Jefferson County,IA,2024,0.4933,0.8803,0.3301,0.749,4.59,209
19101,Jefferson County,IA,2025,0.4814,0.8955,0.3368,0.789,2.06,209
19103,Johnson County,IA,2000,0.4758,0.8407,0.3166,0.6812,6.79,205
19103,Johnson County,IA,2001,0.4237,0.8481,0.283,0.6846,-4.9,214
19103,Johnson County,IA,2002,0.4799,0.8501,0.3204,0.715,7.71,208
19103,Johnson County,IA,2003,0.4475,0.8333,0.2964,0.6953,0.44,205
19103,Johnson County,IA,2004,0.47,0.8549,0.3135,0.7118,5.49,210
19103,Johnson County,IA,2005,0.4213,0.8184,0.2794,0.651,-5.44,201
19103,Johnson County,IA,2006,0.4861,0.8489,0.3291,0.7138,9.1,207
19103,Johnson County,IA,2007,0.4284,0.8464,0.2881,0.6863,-3.85,211
19103,Johnson County,IA,2008,0.3908,0.8345,0.2674,0.6704,-12.29,221
19103,Johnson County,IA,2009,0.4302,0.8551,0.2957,0.7033,-3.44,215
19103,Johnson County,IA,2010,0.4254,0.8431,0.2897,0.7022,-4.52,207
19103,Johnson County,IA,2011,0.4425,0.856,0.3014,0.7055,-0.68,214
19103,Johnson County,IA,2012,0.4542,0.8049,0.2959,0.6298,1.94,207
19103,Johnson County,IA,2013,0.4347,0.8493,0.2872,0.6943,-2.43,211
19103,Johnson County,IA,2014,0.4276,0.8544,0.2933,0.7204,-4.03,217
19103,Johnson County,IA,2015,0.4502,0.8647,0.3076,0.7184,1.05,209
19103,Johnson County,IA,2016,0.4583,0.8656,0.3183,0.7407,2.87,211
19103,Johnson County,IA,2017,0.4772,0.8597,0.3232,0.7149,7.11,213
19103,Johnson County,IA,2018,0.4515,0.8506,0.3026,0.7152,1.34,203
19103,Johnson County,IA,2019,0.4351,0.8455,0.2902,0.6769,-2.34,229
19103,Johnson County,IA,2020,0.4475,0.8731,0.3032,0.7304,0.44,208
19103,Johnson County,IA,2021,0.433,0.8627,0.2925,0.7185,-2.81,207
19103,Johnson County,IA,2022,0.4317,0.8589,0.3036,0.7302,-3.11,217
19103,Johnson County,IA,2023,0.4423,0.8565,0.2987,0.6837,-0.73,215
19103,Johnson County,IA,2024,0.4702,0.8608,0.3215,0.739,5.54,209
19103,Johnson County,IA,2025,0.4488,0.878,0.3221,0.7789,0.73,210
19105,Jones County,IA,2000,0.4756,0.863,0.324,0.7269,8.51,205
19105,Jones County,IA,2001,0.4204,0.8663,0.2818,0.7115,-4.08,215
19105,Jones County,IA,2002,0.4789,0.8753,0.3205,0.725,9.26,209
19105,Jones County,IA,2003,0.4398,0.8522,0.2928,0.7221,0.34,205
19105,Jones County,IA,2004,0.4658,0.8746,0.3085,0.7166,6.28,208
19105,Jones County,IA,2005,0.4215,0.8586,0.2835,0.6993,-3.83,203
19105,Jones County,IA,2006,0.4849,0.8762,0.3306,0.7392,10.63,210
19105,Jones County,IA,2007,0.4235,0.8773,0.2883,0.744,-3.38,206
19105,Jones County,IA,2008,0.3928,0.8607,0.2709,0.6946,-10.38,223
19105,Jones County,IA,2009,0.4286,0.8845,0.2991,0.7412,-2.21,216
19105,Jones County,IA,2010,0.4026,0.8741,0.278,0.7251,-8.14,209
19105,Jones County,IA,2011,0.4304,0.8814,0.2993,0.747,-1.8,214
19105,Jones County,IA,2012,0.4441,0.8176,0.2889,0.639,1.32,207
19105,Jones County,IA,2013,0.4146,0.877,0.2826,0.7257,-5.41,213
19105,Jones County,IA,2014,0.4154,0.8652,0.283,0.7353,-5.22,216
19105,Jones County,IA,2015,0.4367,0.8842,0.2983,0.7331,-0.36,209
19105,Jones County,IA,2016,0.4415,0.8904,0.3108,0.7609,0.73,211
19105,Jones County,IA,2017,0.4688,0.8871,0.3219,0.7401,6.96,212
19105,Jones County,IA,2018,0.4488,0.8869,0.3028,0.7431,2.4,199
19105,Jones County,IA,2019,0.4309,0.8758,0.292,0.7201,-1.69,220
19105,Jones County,IA,2020,0.429,0.8816,0.2922,0.7327,-2.12,204
19105,Jones County,IA,2021,0.426,0.8825,0.2877,0.7353,-2.81,206
19105,Jones County,IA,2022,0.4218,0.8871,0.3029,0.7707,-3.76,228
19105,Jones County,IA,2023,0.4393,0.8727,0.2922,0.7018,0.23,215
19105,Jones County,IA,2024,0.4614,0.8766,0.3225,0.7861,5.27,213
19105,Jones County,IA,2025,0.4526,0.9036,0.322,0.7947,3.26,210
19107,Keokuk County,IA,2000,0.487,0.8593,0.3215,0.6958,8.22,206
19107,Keokuk County,IA,2001,0.4241,0.8456,0.2736,0.6617,-5.75,213
19107,Keokuk County,IA,2002,0.4736,0.844,0.3069,0.6854,5.25,205
19107,Keokuk County,IA,2003,0.4421,0.849,0.29,0.7223,-1.75,200
19107,Keokuk County,IA,2004,0.4658,0.8744,0.311,0.7307,3.51,210
19107,Keokuk County,IA,2005,0.4344,0.8432,0.2878,0.6789,-3.46,205
19107,Keokuk County,IA,2006,0.4849,0.8569,0.3203,0.7068,7.76,211
19107,Keokuk County,IA,2007,0.4382,0.8627,0.2914,0.6981,-2.62,214
19107,Keokuk County,IA,2008,0.4083,0.8567,0.2765,0.699,-9.26,221
19107,Keokuk County,IA,2009,0.4439,0.866,0.3026,0.7215,-1.35,214
19107,Keokuk County,IA,2010,0.4259,0.8481,0.2851,0.6989,-5.35,210
19107,Keokuk County,IA,2011,0.4406,0.8706,0.2901,0.689,-2.09,215
19107,Keokuk County,IA,2012,0.4657,0.8246,0.2957,0.6395,3.49,199
19107,Keokuk County,IA,2013,0.4417,0.8577,0.2893,0.7244,-1.84,210
19107,Keokuk County,IA,2014,0.4405,0.8815,0.3037,0.7437,-2.11,216
19107,Keokuk County,IA,2015,0.4521,0.8902,0.3108,0.7472,0.47,209
19107,Keokuk County,IA,2016,0.4704,0.8917,0.3238,0.7521,4.54,207
19107,Keokuk County,IA,2017,0.4726,0.8535,0.3143,0.6842,5.02,210
19107,Keokuk County,IA,2018,0.4538,0.8763,0.3083,0.7619,0.85,198
19107,Keokuk County,IA,2019,0.4412,0.8673,0.2938,0.7,-1.95,226
19107,Keokuk County,IA,2020,0.4437,0.8888,0.298,0.7399,-1.4,206
19107,Keokuk County,IA,2021,0.43,0.8771,0.296,0.7442,-4.44,209
19107,Keokuk County,IA,2022,0.4322,0.8658,0.2983,0.7142,-3.95,207
19107,Keokuk County,IA,2023,0.4619,0.8932,0.3137,0.7189,2.65,213
19107,Keokuk County,IA,2024,0.4644,0.8832,0.3182,0.7733,3.2,215
19107,Keokuk County,IA,2025,0.4607,0.9094,0.3261,0.7978,2.38,208
19109,Kossuth County,IA,2000,0.3928,0.8887,0.2506,0.7436,4.33,213
19109,Kossuth County,IA,2001,0.3296,0.8888,0.1968,0.7109,-12.46,222
19109,Kossuth County,IA,2002,0.4107,0.885,0.2459,0.7093,9.08,213
19109,Kossuth County,IA,2003,0.3794,0.8828,0.2294,0.7117,0.77,211
19109,Kossuth County,IA,2004,0.3967,0.8934,0.2458,0.7153,5.36,219
19109,Kossuth County,IA,2005,0.3808,0.897,0.239,0.749,1.14,218
19109,Kossuth County,IA,2006,0.3761,0.888,0.2438,0.7576,-0.11,211
19109,Kossuth County,IA,2007,0.3521,0.8875,0.2258,0.7416,-6.48,206
19109,Kossuth County,IA,2008,0.3495,0.8888,0.222,0.712,-7.17,220
19109,Kossuth County,IA,2009,0.3659,0.894,0.2453,0.7758,-2.82,216
19109,Kossuth County,IA,2010,0.3378,0.8993,0.2225,0.7512,-10.28,210
19109,Kossuth County,IA,2011,0.3789,0.8967,0.242,0.7504,0.64,214
19109,Kossuth County,IA,2012,0.3848,0.8859,0.2453,0.732,2.2,202
19109,Kossuth County,IA,2013,0.3798,0.8744,0.229,0.7127,0.88,228
19109,Kossuth County,IA,2014,0.3626,0.882,0.2325,0.7282,-3.69,225
19109,Kossuth County,IA,2015,0.3891,0.9116,0.2528,0.7782,3.35,210
19109,Kossuth County,IA,2016,0.3813,0.8993,0.2502,0.7719,1.27,207
19109,Kossuth County,IA,2017,0.4026,0.8989,0.2517,0.7317,6.93,219
19109,Kossuth County,IA,2018,0.3338,0.894,0.2143,0.7252,-11.34,212
19109,Kossuth County,IA,2019,0.3747,0.8997,0.2467,0.757,-0.48,220
19109,Kossuth County,IA,2020,0.3766,0.9047,0.2424,0.7486,0.03,209
19109,Kossuth County,IA,2021,0.3879,0.8914,0.2448,0.728,3.03,210
19109,Kossuth County,IA,2022,0.3831,0.9073,0.258,0.7636,1.75,216
19109,Kossuth County,IA,2023,0.3749,0.9026,0.2443,0.7444,-0.43,214
19109,Kossuth County,IA,2024,0.4041,0.8742,0.2494,0.725,7.33,222
19109,Kossuth County,IA,2025,0.4035,0.9177,0.2668,0.8069,7.17,208
19111,Lee County,IA,2000,0.5112,0.8447,0.3296,0.6749,6.49,200
19111,Lee County,IA,2001,0.4644,0.832,0.3054,0.6748,-3.26,211
19111,Lee County,IA,2002,0.4946,0.8246,0.3104,0.651,3.03,201
19111,Lee County,IA,2003,0.4753,0.8352,0.3089,0.6973,-0.99,206
19111,Lee County,IA,2004,0.4802,0.8471,0.3142,0.6967,0.03,200
19111,Lee County,IA,2005,0.4817,0.8253,0.3101,0.6564,0.34,197
19111,Lee County,IA,2006,0.4948,0.8267,0.3164,0.6593,3.07,207
19111,Lee County,IA,2007,0.466,0.843,0.3107,0.6919,-2.93,204
19111,Lee County,IA,2008,0.4742,0.8463,0.3102,0.6835,-1.22,217
19111,Lee County,IA,2009,0.4761,0.8524,0.3194,0.6978,-0.82,218
19111,Lee County,IA,2010,0.4505,0.8178,0.2914,0.6488,-6.16,207
19111,Lee County,IA,2011,0.4562,0.8282,0.2892,0.6567,-4.97,203
19111,Lee County,IA,2012,0.4886,0.812,0.3141,0.6566,1.78,183
19111,Lee County,IA,2013,0.4461,0.8319,0.2923,0.6776,-7.07,205
19111,Lee County,IA,2014,0.447,0.8621,0.2936,0.6996,-6.89,209
19111,Lee County,IA,2015,0.4666,0.8398,0.2945,0.6543,-2.8,198
19111,Lee County,IA,2016,0.5135,0.8591,0.3373,0.7132,6.97,208
19111,Lee County,IA,2017,0.5093,0.8369,0.3262,0.667,6.09,204
19111,Lee County,IA,2018,0.4916,0.8447,0.3158,0.6904,2.4,196
19111,Lee County,IA,2019,0.4782,0.8307,0.3043,0.6644,-0.39,218
19111,Lee County,IA,2020,0.4839,0.8714,0.3102,0.7022,0.8,208
19111,Lee County,IA,2021,0.4703,0.8531,0.3086,0.6913,-2.03,215
19111,Lee County,IA,2022,0.4619,0.841,0.3135,0.7099,-3.78,207
19111,Lee County,IA,2023,0.5031,0.8655,0.3244,0.6823,4.8,216
19111,Lee County,IA,2024,0.5052,0.8664,0.329,0.7019,5.24,206
19111,Lee County,IA,2025,0.491,0.8821,0.3283,0.7407,2.28,203
19113,Linn County,IA,2000,0.4638,0.8489,0.3088,0.6983,7.26,208
19113,Linn County,IA,2001,0.4083,0.8477,0.2678,0.6854,-5.58,215
19113,Linn County,IA,2002,0.4718,0.8574,0.3123,0.7175,9.11,211
19113,Linn County,IA,2003,0.4299,0.838,0.2841,0.7023,-0.58,207
19113,Linn County,IA,2004,0.4569,0.8513,0.3,0.704,5.66,210
19113,Linn County,IA,2005,0.4153,0.8367,0.2756,0.6857,-3.96,200
19113,Linn County,IA,2006,0.4748,0.8496,0.3222,0.7207,9.8,209
19113,Linn County,IA,2007,0.4174,0.8523,0.2781,0.7035,-3.47,207
19113,Linn County,IA,2008,0.3883,0.8416,0.265,0.6759,-10.2,223
19113,Linn County,IA,2009,0.4231,0.8574,0.2901,0.7088,-2.15,217
19113,Linn County,IA,2010,0.4043,0.8527,0.2775,0.717,-6.5,205
19113,Linn County,IA,2011,0.4328,0.8539,0.2949,0.7087,0.09,214
19113,Linn County,IA,2012,0.4372,0.8012,0.2813,0.6319,1.11,198
19113,Linn County,IA,2013,0.4264,0.851,0.2821,0.6916,-1.39,212
19113,Linn County,IA,2014,0.4147,0.8442,0.2825,0.7189,-4.1,220
19113,Linn County,IA,2015,0.4312,0.8597,0.2916,0.7105,-0.28,210
19113,Linn County,IA,2016,0.4353,0.8662,0.3013,0.7412,0.67,210
19113,Linn County,IA,2017,0.4611,0.8591,0.3112,0.7061,6.63,212
19113,Linn County,IA,2018,0.4444,0.8599,0.2984,0.7256,2.77,201
19113,Linn County,IA,2019,0.4344,0.8513,0.2892,0.6886,0.46,220
19113,Linn County,IA,2020,0.4246,0.8607,0.2887,0.7208,-1.81,203
19113,Linn County,IA,2021,0.4175,0.8462,0.2797,0.7056,-3.45,206
19113,Linn County,IA,2022,0.4111,0.8523,0.2875,0.7212,-4.93,220
19113,Linn County,IA,2023,0.4269,0.8227,0.2795,0.6453,-1.28,208
19113,Linn County,IA,2024,0.4547,0.8492,0.3112,0.7365,5.15,213
19113,Linn County,IA,2025,0.4366,0.8646,0.3099,0.7666,0.97,210
19115,Louisa County,IA,2000,0.4657,0.8542,0.3015,0.7011,5.82,206
19115,Louisa County,IA,2001,0.4247,0.8539,0.2732,0.682,-3.5,220
19115,Louisa County,IA,2002,0.4641,0.8559,0.2947,0.7017,5.45,209
19115,Louisa County,IA,2003,0.4254,0.8467,0.2691,0.7049,-3.34,206
19115,Louisa County,IA,2004,0.4497,0.8656,0.2921,0.725,2.18,210
19115,Louisa County,IA,2005,0.4325,0.8409,0.2789,0.6666,-1.73,207
19115,Louisa County,IA,2006,0.4666,0.8558,0.3044,0.7122,6.02,209
19115,Louisa County,IA,2007,0.4212,0.8678,0.28,0.7064,-4.3,209
19115,Louisa County,IA,2008,0.407,0.8425,0.2666,0.6744,-7.52,221
19115,Louisa County,IA,2009,0.427,0.8623,0.2796,0.6899,-2.98,216
19115,Louisa County,IA,2010,0.4221,0.8494,0.2711,0.673,-4.09,211
19115,Louisa County,IA,2011,0.43,0.8603,0.2762,0.6897,-2.3,213
19115,Louisa County,IA,2012,0.4582,0.8358,0.2962,0.6806,4.11,202
19115,Louisa County,IA,2013,0.4059,0.85,0.262,0.6888,-7.77,212
19115,Louisa County,IA,2014,0.419,0.8715,0.2805,0.732,-4.8,210
19115,Louisa County,IA,2015,0.4483,0.872,0.2953,0.7157,1.86,205
19115,Louisa County,IA,2016,0.4562,0.878,0.304,0.7289,3.66,208
19115,Louisa County,IA,2017,0.4753,0.8672,0.3071,0.7041,8.0,208
19115,Louisa County,IA,2018,0.4409,0.8566,0.2807,0.7067,0.18,196
19115,Louisa County,IA,2019,0.4265,0.8361,0.2736,0.6678,-3.09,226
19115,Louisa County,IA,2020,0.4464,0.8809,0.2919,0.7253,1.43,209
19115,Louisa County,IA,2021,0.4283,0.8719,0.28,0.71,-2.68,208
19115,Louisa County,IA,2022,0.4344,0.8717,0.2983,0.7306,-1.3,214
19115,Louisa County,IA,2023,0.4516,0.88,0.2941,0.713,2.61,212
19115,Louisa County,IA,2024,0.4631,0.8822,0.3052,0.7272,5.22,211
19115,Louisa County,IA,2025,0.4527,0.8918,0.316,0.7849,2.86,209
19117,Lucas County,IA,2000,0.5669,0.8461,0.3586,0.6432,9.4,208
19117,Lucas County,IA,2001,0.4804,0.8421,0.3028,0.6228,-7.3,191
19117,Lucas County,IA,2002,0.5419,0.8387,0.3406,0.6404,4.57,190
19117,Lucas County,IA,2003,0.5076,0.8224,0.3288,0.6509,-2.05,183
19117,Lucas County,IA,2004,0.5306,0.8508,0.3432,0.6804,2.39,200
19117,Lucas County,IA,2005,0.497,0.8342,0.3207,0.6613,-4.09,191
19117,Lucas County,IA,2006,0.5448,0.8369,0.3491,0.6491,5.13,214
19117,Lucas County,IA,2007,0.4976,0.8367,0.3217,0.6393,-3.98,206
19117,Lucas County,IA,2008,0.4941,0.829,0.3151,0.6185,-4.65,201
19117,Lucas County,IA,2009,0.5128,0.8488,0.3353,0.6601,-1.04,205
19117,Lucas County,IA,2010,0.494,0.8349,0.3237,0.6445,-4.67,197
19117,Lucas County,IA,2011,0.5067,0.8465,0.3258,0.6446,-2.22,212
19117,Lucas County,IA,2012,0.5225,0.8037,0.3292,0.6157,0.83,174
19117,Lucas County,IA,2013,0.505,0.8346,0.3192,0.6608,-2.55,194
19117,Lucas County,IA,2014,0.4993,0.8541,0.3277,0.6693,-3.65,208
19117,Lucas County,IA,2015,0.5325,0.856,0.3418,0.6599,2.76,195
19117,Lucas County,IA,2016,0.5532,0.866,0.3679,0.6973,6.75,205
19117,Lucas County,IA,2017,0.5551,0.8261,0.3539,0.6379,7.12,195
19117,Lucas County,IA,2018,0.5235,0.8517,0.3379,0.6755,1.02,186
19117,Lucas County,IA,2019,0.514,0.8546,0.3277,0.6578,-0.81,215
19117,Lucas County,IA,2020,0.5119,0.8641,0.3332,0.6842,-1.22,205
19117,Lucas County,IA,2021,0.5119,0.8525,0.3403,0.6731,-1.22,210
19117,Lucas County,IA,2022,0.486,0.8476,0.3135,0.6423,-6.22,195
19117,Lucas County,IA,2023,0.516,0.853,0.3178,0.6206,-0.43,209
19117,Lucas County,IA,2024,0.5351,0.8629,0.3441,0.6959,3.26,203
19117,Lucas County,IA,2025,0.5331,0.8815,0.3505,0.7452,2.87,205
19119,Lyon County,IA,2000,0.3962,0.8811,0.2643,0.7311,1.49,209
19119,Lyon County,IA,2001,0.361,0.886,0.2357,0.7399,-7.53,220
19119,Lyon County,IA,2002,0.4069,0.8769,0.2642,0.7053,4.23,220
19119,Lyon County,IA,2003,0.3903,0.873,0.2579,0.7276,-0.02,212
19119,Lyon County,IA,2004,0.4159,0.8899,0.2711,0.7498,6.54,218
19119,Lyon County,IA,2005,0.3966,0.8955,0.2632,0.7659,1.59,214
19119,Lyon County,IA,2006,0.4199,0.8853,0.2859,0.7636,7.56,217
19119,Lyon County,IA,2007,0.3767,0.8705,0.2469,0.7169,-3.51,211
19119,Lyon County,IA,2008,0.3599,0.8939,0.2452,0.7523,-7.81,220
19119,Lyon County,IA,2009,0.3885,0.8973,0.2691,0.7775,-0.48,215
19119,Lyon County,IA,2010,0.3635,0.9041,0.2553,0.7837,-6.89,208
19119,Lyon County,IA,2011,0.379,0.9019,0.2607,0.783,-2.92,210
19119,Lyon County,IA,2012,0.3866,0.8607,0.2643,0.7117,-0.97,205
19119,Lyon County,IA,2013,0.3706,0.8886,0.256,0.7622,-5.07,225
19119,Lyon County,IA,2014,0.3837,0.8868,0.2649,0.7615,-1.71,227
19119,Lyon County,IA,2015,0.3907,0.9022,0.2694,0.7816,0.08,214
19119,Lyon County,IA,2016,0.3841,0.8946,0.2628,0.7681,-1.61,208
19119,Lyon County,IA,2017,0.4238,0.8966,0.288,0.765,8.56,222
19119,Lyon County,IA,2018,0.3763,0.8917,0.2609,0.7703,-3.61,213
19119,Lyon County,IA,2019,0.3898,0.8908,0.2631,0.7395,-0.15,226
19119,Lyon County,IA,2020,0.3862,0.9042,0.2715,0.7976,-1.07,208
19119,Lyon County,IA,2021,0.4128,0.8965,0.2773,0.74,5.74,214
19119,Lyon County,IA,2022,0.3956,0.8853,0.2726,0.7417,1.34,216
19119,Lyon County,IA,2023,0.3659,0.8886,0.2513,0.7529,-6.27,213
19119,Lyon County,IA,2024,0.4174,0.8904,0.2828,0.7641,6.92,222
19119,Lyon County,IA,2025,0.4121,0.9207,0.2845,0.7872,5.56,212
19121,Madison County,IA,2000,0.5064,0.8576,0.3329,0.6921,5.92,205
19121,Madison County,IA,2001,0.449,0.8441,0.2824,0.643,-6.09,199
19121,Madison County,IA,2002,0.5005,0.8344,0.3176,0.6463,4.68,202
19121,Madison County,IA,2003,0.4529,0.8307,0.2885,0.6444,-5.27,195
19121,Madison County,IA,2004,0.4965,0.8556,0.3258,0.6974,3.85,205
19121,Madison County,IA,2005,0.4509,0.8377,0.2938,0.6693,-5.69,199
19121,Madison County,IA,2006,0.5081,0.8374,0.326,0.6564,6.27,211
19121,Madison County,IA,2007,0.4558,0.8415,0.2982,0.6556,-4.67,218
19121,Madison County,IA,2008,0.4532,0.8423,0.2918,0.6403,-5.21,212
19121,Madison County,IA,2009,0.4705,0.8524,0.3107,0.6844,-1.59,216
19121,Madison County,IA,2010,0.458,0.8493,0.3092,0.6817,-4.21,201
19121,Madison County,IA,2011,0.4715,0.8522,0.3094,0.6626,-1.38,215
19121,Madison County,IA,2012,0.461,0.7919,0.291,0.5943,-3.58,181
19121,Madison County,IA,2013,0.4703,0.8327,0.2969,0.6492,-1.63,203
19121,Madison County,IA,2014,0.4751,0.8539,0.3164,0.6853,-0.63,212
19121,Madison County,IA,2015,0.4978,0.8587,0.3271,0.6913,4.12,207
19121,Madison County,IA,2016,0.5087,0.87,0.3405,0.7034,6.4,214
19121,Madison County,IA,2017,0.5034,0.8311,0.3237,0.6493,5.29,203
19121,Madison County,IA,2018,0.4893,0.848,0.3165,0.6802,2.34,190
19121,Madison County,IA,2019,0.4767,0.8532,0.3129,0.6842,-0.29,218
19121,Madison County,IA,2020,0.4742,0.8537,0.3132,0.6818,-0.82,205
19121,Madison County,IA,2021,0.473,0.8611,0.3113,0.6845,-1.07,212
19121,Madison County,IA,2022,0.4535,0.842,0.3071,0.6608,-5.15,212
19121,Madison County,IA,2023,0.4838,0.8574,0.314,0.6669,1.19,208
19121,Madison County,IA,2024,0.5054,0.8659,0.3313,0.7256,5.71,206
19121,Madison County,IA,2025,0.4853,0.8722,0.3302,0.7743,1.5,204
19123,Mahaska County,IA,2000,0.472,0.8592,0.3128,0.7041,7.07,208
19123,Mahaska County,IA,2001,0.4066,0.8532,0.2605,0.6637,-7.76,216
19123,Mahaska County,IA,2002,0.4638,0.8585,0.2982,0.6919,5.21,209
19123,Mahaska County,IA,2003,0.4295,0.8539,0.284,0.7365,-2.57,201
19123,Mahaska County,IA,2004,0.4561,0.8745,0.3086,0.7528,3.47,211
19123,Mahaska County,IA,2005,0.4198,0.861,0.2798,0.7047,-4.77,206
19123,Mahaska County,IA,2006,0.4742,0.8571,0.3103,0.6994,7.57,215
19123,Mahaska County,IA,2007,0.4291,0.8606,0.2873,0.7102,-2.66,214
19123,Mahaska County,IA,2008,0.4044,0.8601,0.2711,0.696,-8.26,217
19123,Mahaska County,IA,2009,0.4372,0.8704,0.2983,0.726,-0.82,212
19123,Mahaska County,IA,2010,0.4166,0.8416,0.2814,0.6993,-5.49,206
19123,Mahaska County,IA,2011,0.4338,0.8754,0.2857,0.6886,-1.59,213
19123,Mahaska County,IA,2012,0.4544,0.8314,0.2888,0.6427,3.08,193
19123,Mahaska County,IA,2013,0.4326,0.8546,0.2836,0.7117,-1.86,212
19123,Mahaska County,IA,2014,0.4333,0.8779,0.2972,0.7358,-1.7,215
19123,Mahaska County,IA,2015,0.4476,0.8867,0.307,0.7512,1.54,203
19123,Mahaska County,IA,2016,0.4629,0.8886,0.3213,0.7721,5.01,213
19123,Mahaska County,IA,2017,0.4606,0.8473,0.3035,0.6806,4.49,205
19123,Mahaska County,IA,2018,0.4447,0.8721,0.2994,0.7619,0.88,193
19123,Mahaska County,IA,2019,0.432,0.8698,0.2934,0.7279,-2.0,225
19123,Mahaska County,IA,2020,0.4333,0.8867,0.2922,0.7406,-1.7,205
19123,Mahaska County,IA,2021,0.4247,0.8836,0.2927,0.7508,-3.66,210
19123,Mahaska County,IA,2022,0.4198,0.8819,0.2945,0.717,-4.77,210
19123,Mahaska County,IA,2023,0.4499,0.8939,0.3072,0.7212,2.06,213
19123,Mahaska County,IA,2024,0.4618,0.8759,0.3192,0.7843,4.76,213
19123,Mahaska County,IA,2025,0.4605,0.915,0.3229,0.7955,4.47,205
19125,Marion County,IA,2000,0.4897,0.8252,0.321,0.6572,8.91,208
19125,Marion County,IA,2001,0.4077,0.8242,0.2578,0.6185,-9.33,212
19125,Marion County,IA,2002,0.4743,0.8282,0.305,0.6524,5.48,209
19125,Marion County,IA,2003,0.4372,0.8181,0.2837,0.6683,-2.77,203
19125,Marion County,IA,2004,0.4595,0.8387,0.3051,0.7001,2.19,210
19125,Marion County,IA,2005,0.4286,0.8297,0.2846,0.6686,-4.68,206
19125,Marion County,IA,2006,0.4812,0.8192,0.3113,0.6505,7.02,213
19125,Marion County,IA,2007,0.4318,0.8244,0.2853,0.6582,-3.97,213
19125,Marion County,IA,2008,0.4156,0.8147,0.2723,0.6256,-7.57,216
19125,Marion County,IA,2009,0.4408,0.8366,0.2944,0.6787,-1.97,217
19125,Marion County,IA,2010,0.4206,0.8107,0.2796,0.6421,-6.46,209
19125,Marion County,IA,2011,0.4382,0.8308,0.2846,0.6361,-2.55,213
19125,Marion County,IA,2012,0.4569,0.7929,0.291,0.6033,1.61,191
19125,Marion County,IA,2013,0.4377,0.8211,0.2789,0.643,-2.66,208
19125,Marion County,IA,2014,0.4346,0.8344,0.2899,0.6692,-3.35,212
19125,Marion County,IA,2015,0.4556,0.8401,0.3009,0.6742,1.32,201
19125,Marion County,IA,2016,0.4714,0.8496,0.3185,0.6965,4.84,215
19125,Marion County,IA,2017,0.4781,0.8182,0.3116,0.6494,6.33,204
19125,Marion County,IA,2018,0.4517,0.8312,0.294,0.6752,0.46,191
19125,Marion County,IA,2019,0.442,0.8338,0.2904,0.6658,-1.7,220
19125,Marion County,IA,2020,0.4506,0.8547,0.2989,0.6859,0.21,209
19125,Marion County,IA,2021,0.448,0.8487,0.2981,0.6794,-0.37,211
19125,Marion County,IA,2022,0.4252,0.8321,0.2863,0.6487,-5.44,204
19125,Marion County,IA,2023,0.4609,0.8542,0.2994,0.6563,2.5,213
19125,Marion County,IA,2024,0.479,0.847,0.319,0.7165,6.53,214
19125,Marion County,IA,2025,0.4739,0.8745,0.3226,0.7447,5.39,205
19127,Marshall County,IA,2000,0.4404,0.8743,0.2962,0.741,6.86,207
19127,Marshall County,IA,2001,0.3786,0.8792,0.2465,0.7176,-8.14,218
19127,Marshall County,IA,2002,0.4517,0.8828,0.3005,0.7406,9.6,215
19127,Marshall County,IA,2003,0.4011,0.8654,0.2746,0.7575,-2.68,209
19127,Marshall County,IA,2004,0.4286,0.8854,0.2925,0.7784,4.0,211
19127,Marshall County,IA,2005,0.4021,0.8862,0.281,0.7636,-2.43,211
19127,Marshall County,IA,2006,0.4418,0.8726,0.3044,0.7427,7.2,210
19127,Marshall County,IA,2007,0.389,0.8794,0.267,0.739,-5.61,214
19127,Marshall County,IA,2008,0.3713,0.878,0.2579,0.7197,-9.91,221
19127,Marshall County,IA,2009,0.402,0.8837,0.2847,0.7597,-2.46,220
19127,Marshall County,IA,2010,0.397,0.8855,0.2817,0.7684,-3.67,209
19127,Marshall County,IA,2011,0.4098,0.8872,0.2839,0.7402,-0.56,217
19127,Marshall County,IA,2012,0.4228,0.8554,0.2844,0.703,2.59,207
19127,Marshall County,IA,2013,0.3882,0.8545,0.2611,0.7126,-5.81,216
19127,Marshall County,IA,2014,0.3963,0.8815,0.2801,0.7502,-3.84,215
19127,Marshall County,IA,2015,0.4189,0.9012,0.2925,0.7842,1.64,210
19127,Marshall County,IA,2016,0.4164,0.903,0.295,0.7737,1.04,214
19127,Marshall County,IA,2017,0.4369,0.8784,0.2995,0.743,6.01,212
19127,Marshall County,IA,2018,0.4241,0.8891,0.2965,0.7864,2.91,203
19127,Marshall County,IA,2019,0.4147,0.8878,0.2865,0.75,0.62,220
19127,Marshall County,IA,2020,0.3978,0.8747,0.2833,0.7585,-3.48,205
19127,Marshall County,IA,2021,0.3999,0.8827,0.2781,0.7583,-2.97,213
19127,Marshall County,IA,2022,0.3894,0.8951,0.2766,0.7514,-5.51,215
19127,Marshall County,IA,2023,0.4246,0.8964,0.2996,0.7627,3.03,214
19127,Marshall County,IA,2024,0.4454,0.893,0.3168,0.802,8.07,214
19127,Marshall County,IA,2025,0.4265,0.9118,0.307,0.8349,3.49,207
19129,Mills County,IA,2000,0.4502,0.8849,0.2947,0.713,5.83,204
19129,Mills County,IA,2001,0.4063,0.858,0.2584,0.6786,-4.49,209
19129,Mills County,IA,2002,0.4317,0.8193,0.273,0.6318,1.48,212
19129,Mills County,IA,2003,0.3981,0.8435,0.2585,0.672,-6.42,209
19129,Mills County,IA,2004,0.4257,0.8768,0.2869,0.7382,0.07,210
19129,Mills County,IA,2005,0.4038,0.8681,0.2757,0.721,-5.08,210
19129,Mills County,IA,2006,0.4434,0.8595,0.293,0.6899,4.23,213
19129,Mills County,IA,2007,0.3913,0.8507,0.2597,0.6767,-8.02,221
19129,Mills County,IA,2008,0.3986,0.838,0.258,0.6551,-6.3,213
19129,Mills County,IA,2009,0.4336,0.8865,0.2962,0.7483,1.93,209
19129,Mills County,IA,2010,0.4022,0.8657,0.2816,0.734,-5.45,209
19129,Mills County,IA,2011,0.4169,0.8555,0.2816,0.6819,-2.0,211
19129,Mills County,IA,2012,0.41,0.8231,0.2717,0.6593,-3.62,194
19129,Mills County,IA,2013,0.4404,0.8644,0.2908,0.7195,3.53,215
19129,Mills County,IA,2014,0.432,0.8768,0.2915,0.736,1.55,213
19129,Mills County,IA,2015,0.4401,0.8859,0.3054,0.7567,3.45,217
19129,Mills County,IA,2016,0.4408,0.8817,0.2977,0.7236,3.62,214
19129,Mills County,IA,2017,0.462,0.8755,0.3083,0.7238,8.6,212
19129,Mills County,IA,2018,0.4233,0.8745,0.2833,0.7314,-0.49,204
19129,Mills County,IA,2019,0.4219,0.8664,0.2849,0.7129,-0.82,220
19129,Mills County,IA,2020,0.4229,0.8801,0.2907,0.7456,-0.59,208
19129,Mills County,IA,2021,0.4166,0.8744,0.2841,0.7206,-2.07,210
19129,Mills County,IA,2022,0.4176,0.861,0.2914,0.6982,-1.83,211
19129,Mills County,IA,2023,0.4378,0.8985,0.2986,0.7485,2.91,212
19129,Mills County,IA,2024,0.4421,0.891,0.2975,0.7307,3.92,208
19129,Mills County,IA,2025,0.4512,0.909,0.3146,0.8043,6.06,205
19131,Mitchell County,IA,2000,0.4074,0.8796,0.2673,0.716,5.31,213
19131,Mitchell County,IA,2001,0.3466,0.873,0.2126,0.6904,-10.4,218
19131,Mitchell County,IA,2002,0.4412,0.892,0.2825,0.7697,14.05,216
19131,Mitchell County,IA,2003,0.3818,0.8806,0.248,0.7282,-1.3,208
19131,Mitchell County,IA,2004,0.4123,0.8923,0.2675,0.738,6.58,220
19131,Mitchell County,IA,2005,0.3874,0.8974,0.2625,0.7724,0.14,213
19131,Mitchell County,IA,2006,0.4163,0.879,0.2791,0.7641,7.61,217
19131,Mitchell County,IA,2007,0.3667,0.8774,0.2383,0.7288,-5.21,207
19131,Mitchell County,IA,2008,0.3555,0.8779,0.2393,0.7276,-8.1,220
19131,Mitchell County,IA,2009,0.3765,0.882,0.2629,0.7627,-2.67,218
19131,Mitchell County,IA,2010,0.3688,0.9002,0.252,0.7631,-4.66,212
19131,Mitchell County,IA,2011,0.3765,0.9031,0.2577,0.7536,-2.67,211
19131,Mitchell County,IA,2012,0.3931,0.8427,0.2487,0.6742,1.62,201
19131,Mitchell County,IA,2013,0.3681,0.8444,0.2369,0.7052,-4.85,234
19131,Mitchell County,IA,2014,0.3542,0.8821,0.2401,0.7501,-8.44,221
19131,Mitchell County,IA,2015,0.3887,0.9111,0.2686,0.7866,0.48,208
19131,Mitchell County,IA,2016,0.3863,0.9089,0.2617,0.7667,-0.14,212
19131,Mitchell County,IA,2017,0.3936,0.8958,0.2607,0.7572,1.75,219
19131,Mitchell County,IA,2018,0.3808,0.8905,0.2574,0.777,-1.56,218
19131,Mitchell County,IA,2019,0.3718,0.8871,0.2508,0.7408,-3.89,219
19131,Mitchell County,IA,2020,0.3818,0.8859,0.2632,0.7468,-1.3,206
19131,Mitchell County,IA,2021,0.3984,0.8981,0.2726,0.772,2.99,213
19131,Mitchell County,IA,2022,0.3871,0.9026,0.2779,0.7844,0.07,217
19131,Mitchell County,IA,2023,0.381,0.8797,0.2534,0.6984,-1.51,215
19131,Mitchell County,IA,2024,0.4246,0.8965,0.287,0.776,9.76,220
19131,Mitchell County,IA,2025,0.4115,0.9223,0.2863,0.81,6.37,211
19133,Monona County,IA,2000,0.4275,0.8747,0.2775,0.7051,4.31,201
19133,Monona County,IA,2001,0.3821,0.8551,0.2412,0.6799,-6.76,212
19133,Monona County,IA,2002,0.4107,0.8385,0.2544,0.6417,0.21,215
19133,Monona County,IA,2003,0.3971,0.8588,0.2556,0.689,-3.1,212
19133,Monona County,IA,2004,0.4152,0.8699,0.2692,0.7214,1.31,206
19133,Monona County,IA,2005,0.3927,0.8517,0.2518,0.6712,-4.18,207
19133,Monona County,IA,2006,0.4362,0.8438,0.2758,0.6606,6.44,213
19133,Monona County,IA,2007,0.3895,0.8602,0.2465,0.67,-4.96,217
19133,Monona County,IA,2008,0.3913,0.8674,0.2519,0.6794,-4.52,215
19133,Monona County,IA,2009,0.4054,0.8817,0.277,0.7475,-1.08,214
19133,Monona County,IA,2010,0.3787,0.8797,0.2549,0.7341,-7.59,207
19133,Monona County,IA,2011,0.394,0.8626,0.2592,0.7012,-3.86,211
19133,Monona County,IA,2012,0.397,0.8492,0.2567,0.6819,-3.13,195
19133,Monona County,IA,2013,0.4141,0.8877,0.2727,0.7298,1.04,222
19133,Monona County,IA,2014,0.4162,0.8645,0.2724,0.6915,1.56,224
19133,Monona County,IA,2015,0.4255,0.8992,0.2854,0.7636,3.83,217
19133,Monona County,IA,2016,0.4128,0.8833,0.2724,0.7256,0.73,215
19133,Monona County,IA,2017,0.4447,0.8799,0.2885,0.7152,8.51,216
19133,Monona County,IA,2018,0.4054,0.8843,0.2673,0.73,-1.08,203
19133,Monona County,IA,2019,0.4299,0.8797,0.2843,0.7298,4.9,215
19133,Monona County,IA,2020,0.4089,0.8864,0.2774,0.7562,-0.23,205
19133,Monona County,IA,2021,0.4124,0.8953,0.2745,0.7299,0.63,206
19133,Monona County,IA,2022,0.4123,0.8668,0.2788,0.7136,0.6,207
19133,Monona County,IA,2023,0.4013,0.8712,0.2691,0.7274,-2.08,211
19133,Monona County,IA,2024,0.4207,0.8733,0.2743,0.7044,2.65,215
19133,Monona County,IA,2025,0.4338,0.9128,0.2879,0.7894,5.85,210
19135,Monroe County,IA,2000,0.5734,0.8542,0.3671,0.6631,8.7,205
19135,Monroe County,IA,2001,0.4917,0.8432,0.3074,0.6162,-6.79,189
19135,Monroe County,IA,2002,0.5528,0.8493,0.3484,0.6538,4.79,192
19135,Monroe County,IA,2003,0.5128,0.8343,0.3326,0.6698,-2.79,182
19135,Monroe County,IA,2004,0.544,0.858,0.3562,0.6961,3.13,200
19135,Monroe County,IA,2005,0.5056,0.8383,0.3263,0.6697,-4.15,189
19135,Monroe County,IA,2006,0.5529,0.839,0.3506,0.6504,4.81,216
19135,Monroe County,IA,2007,0.5111,0.8432,0.3384,0.6647,-3.11,207
19135,Monroe County,IA,2008,0.4972,0.8427,0.3232,0.6412,-5.75,199
19135,Monroe County,IA,2009,0.5256,0.8622,0.3486,0.6816,-0.36,200
19135,Monroe County,IA,2010,0.5078,0.8406,0.3433,0.6751,-3.74,195
19135,Monroe County,IA,2011,0.5055,0.8491,0.3242,0.648,-4.17,201
19135,Monroe County,IA,2012,0.5357,0.8185,0.3345,0.622,1.55,171
19135,Monroe County,IA,2013,0.4998,0.834,0.3165,0.6629,-5.25,188
19135,Monroe County,IA,2014,0.4997,0.865,0.3326,0.6983,-5.27,205
19135,Monroe County,IA,2015,0.5373,0.8629,0.3476,0.6789,1.86,189
19135,Monroe County,IA,2016,0.5567,0.8689,0.3684,0.6997,5.53,208
19135,Monroe County,IA,2017,0.5624,0.8381,0.359,0.6558,6.61,192
19135,Monroe County,IA,2018,0.5332,0.8516,0.3459,0.6888,1.08,185
19135,Monroe County,IA,2019,0.5222,0.8552,0.3375,0.67,-1.01,209
19135,Monroe County,IA,2020,0.5297,0.8702,0.3431,0.6981,0.41,203
19135,Monroe County,IA,2021,0.521,0.8538,0.3413,0.6804,-1.23,206
19135,Monroe County,IA,2022,0.4995,0.8494,0.3226,0.644,-5.31,196
19135,Monroe County,IA,2023,0.5355,0.8542,0.3262,0.6156,1.51,208
19135,Monroe County,IA,2024,0.554,0.8636,0.3545,0.6926,5.02,195
19135,Monroe County,IA,2025,0.5482,0.8903,0.358,0.7328,3.92,204
19137,Montgomery County,IA,2000,0.4698,0.8726,0.315,0.7104,7.43,206
19137,Montgomery County,IA,2001,0.4255,0.8504,0.2739,0.6709,-2.7,212
19137,Montgomery County,IA,2002,0.4555,0.8413,0.2933,0.6499,4.16,218
19137,Montgomery County,IA,2003,0.4064,0.8254,0.2667,0.6602,-7.07,204
19137,Montgomery County,IA,2004,0.4492,0.8742,0.3063,0.7462,2.71,209
19137,Montgomery County,IA,2005,0.4165,0.858,0.2792,0.6851,-4.76,211
19137,Montgomery County,IA,2006,0.4635,0.8624,0.3059,0.6842,5.98,217
19137,Montgomery County,IA,2007,0.4091,0.8502,0.2714,0.6725,-6.45,222
19137,Montgomery County,IA,2008,0.4036,0.8292,0.2615,0.6468,-7.71,215
19137,Montgomery County,IA,2009,0.439,0.881,0.3023,0.745,0.38,211
19137,Montgomery County,IA,2010,0.4084,0.8647,0.2911,0.7555,-6.61,212
19137,Montgomery County,IA,2011,0.437,0.8759,0.2977,0.7057,-0.07,211
19137,Montgomery County,IA,2012,0.4256,0.8213,0.2834,0.6458,-2.68,198
19137,Montgomery County,IA,2013,0.4401,0.852,0.2881,0.6882,0.63,218
19137,Montgomery County,IA,2014,0.4403,0.8733,0.2995,0.7157,0.68,218
19137,Montgomery County,IA,2015,0.4506,0.881,0.3141,0.7472,3.04,221
19137,Montgomery County,IA,2016,0.4632,0.8845,0.3159,0.7276,5.92,215
19137,Montgomery County,IA,2017,0.473,0.8718,0.3161,0.7163,8.16,210
19137,Montgomery County,IA,2018,0.437,0.8724,0.2969,0.7391,-0.07,204
19137,Montgomery County,IA,2019,0.4363,0.8827,0.3039,0.7337,-0.23,223
19137,Montgomery County,IA,2020,0.4254,0.8783,0.2915,0.7334,-2.73,207
19137,Montgomery County,IA,2021,0.4255,0.8761,0.2954,0.7201,-2.7,212
19137,Montgomery County,IA,2022,0.4298,0.8607,0.305,0.6948,-1.72,217
19137,Montgomery County,IA,2023,0.4391,0.9005,0.2993,0.7273,0.41,213
19137,Montgomery County,IA,2024,0.4521,0.8878,0.3125,0.7475,3.38,207
19137,Montgomery County,IA,2025,0.449,0.9025,0.319,0.8058,2.67,210
19139,Muscatine County,IA,2000,0.4593,0.8402,0.3062,0.6938,5.41,207
19139,Muscatine County,IA,2001,0.4183,0.8503,0.2738,0.6887,-4.0,215
19139,Muscatine County,IA,2002,0.4567,0.8574,0.3002,0.7167,4.82,210
19139,Muscatine County,IA,2003,0.4315,0.8396,0.2837,0.7131,-0.97,206
19139,Muscatine County,IA,2004,0.4449,0.8597,0.2927,0.7141,2.11,211
19139,Muscatine County,IA,2005,0.4133,0.828,0.2707,0.6486,-5.14,208
19139,Muscatine County,IA,2006,0.4666,0.8522,0.3104,0.7134,7.09,209
19139,Muscatine County,IA,2007,0.4141,0.8597,0.2798,0.7031,-4.96,206
19139,Muscatine County,IA,2008,0.4031,0.8455,0.2698,0.6823,-7.48,218
19139,Muscatine County,IA,2009,0.429,0.8618,0.2906,0.7048,-1.54,215
19139,Muscatine County,IA,2010,0.4141,0.85,0.2751,0.6954,-4.96,208
19139,Muscatine County,IA,2011,0.4289,0.8631,0.2852,0.7095,-1.56,214
19139,Muscatine County,IA,2012,0.4471,0.8248,0.2925,0.6718,2.61,202
19139,Muscatine County,IA,2013,0.4072,0.8534,0.2665,0.6898,-6.54,212
19139,Muscatine County,IA,2014,0.4182,0.8631,0.2825,0.7295,-4.02,210
19139,Muscatine County,IA,2015,0.4372,0.8701,0.2935,0.7197,0.34,209
19139,Muscatine County,IA,2016,0.4498,0.8715,0.3089,0.742,3.23,211
19139,Muscatine County,IA,2017,0.464,0.8686,0.3117,0.7256,6.49,210
19139,Muscatine County,IA,2018,0.4398,0.8579,0.2897,0.7197,0.94,200
19139,Muscatine County,IA,2019,0.4239,0.8454,0.2819,0.6876,-2.71,232
19139,Muscatine County,IA,2020,0.4442,0.8818,0.296,0.7321,1.95,207
19139,Muscatine County,IA,2021,0.4179,0.8755,0.281,0.7325,-4.09,204
19139,Muscatine County,IA,2022,0.4371,0.8758,0.3095,0.7613,0.32,221
19139,Muscatine County,IA,2023,0.4502,0.8777,0.3022,0.7269,3.33,215
19139,Muscatine County,IA,2024,0.4631,0.8801,0.3147,0.7595,6.29,205
19139,Muscatine County,IA,2025,0.449,0.8964,0.321,0.7939,3.05,209
19141,O'Brien County,IA,2000,0.3976,0.8837,0.2587,0.723,3.61,210
19141,O'Brien County,IA,2001,0.3508,0.8978,0.2238,0.7511,-8.59,224
19141,O'Brien County,IA,2002,0.4059,0.8743,0.2539,0.6961,5.77,216
19141,O'Brien County,IA,2003,0.3909,0.8917,0.2505,0.7487,1.86,214
19141,O'Brien County,IA,2004,0.4041,0.8916,0.2598,0.753,5.3,217
19141,O'Brien County,IA,2005,0.3821,0.9048,0.2525,0.7812,-0.43,215
19141,O'Brien County,IA,2006,0.4113,0.891,0.2773,0.7722,7.18,215
19141,O'Brien County,IA,2007,0.3656,0.8755,0.2348,0.7024,-4.73,214
19141,O'Brien County,IA,2008,0.3537,0.8954,0.2333,0.7467,-7.83,217
19141,O'Brien County,IA,2009,0.3728,0.895,0.2602,0.7953,-2.86,218
19141,O'Brien County,IA,2010,0.3537,0.9018,0.2373,0.7652,-7.83,210
19141,O'Brien County,IA,2011,0.3816,0.9054,0.2583,0.7904,-0.56,213
19141,O'Brien County,IA,2012,0.3824,0.878,0.2569,0.7256,-0.35,205
19141,O'Brien County,IA,2013,0.3804,0.8944,0.2528,0.7602,-0.87,229
19141,O'Brien County,IA,2014,0.3911,0.9003,0.265,0.7825,1.91,226
19141,O'Brien County,IA,2015,0.3941,0.9071,0.2701,0.8068,2.7,217
19141,O'Brien County,IA,2016,0.389,0.8983,0.2684,0.7915,1.37,214
19141,O'Brien County,IA,2017,0.424,0.9022,0.2782,0.7674,10.49,221
19141,O'Brien County,IA,2018,0.3511,0.8974,0.2366,0.7502,-8.51,218
19141,O'Brien County,IA,2019,0.382,0.9073,0.2591,0.7626,-0.46,224
19141,O'Brien County,IA,2020,0.3716,0.9037,0.2565,0.7909,-3.17,209
19141,O'Brien County,IA,2021,0.3934,0.9006,0.2607,0.7475,2.51,215
19141,O'Brien County,IA,2022,0.3803,0.8916,0.2669,0.766,-0.9,218
19141,O'Brien County,IA,2023,0.3662,0.9109,0.2553,0.7828,-4.58,218
19141,O'Brien County,IA,2024,0.4072,0.895,0.262,0.7441,6.11,224
19141,O'Brien County,IA,2025,0.3948,0.9221,0.2771,0.8339,2.88,212
19143,Osceola County,IA,2000,0.3868,0.8888,0.2536,0.7545,4.26,211
19143,Osceola County,IA,2001,0.3268,0.8854,0.1993,0.7102,-11.92,227
19143,Osceola County,IA,2002,0.3984,0.8788,0.2463,0.7037,7.38,216
19143,Osceola County,IA,2003,0.3681,0.8842,0.2354,0.7479,-0.78,213
19143,Osceola County,IA,2004,0.3961,0.9016,0.2522,0.7623,6.76,220
19143,Osceola County,IA,2005,0.3762,0.8985,0.2414,0.7656,1.4,216
19143,Osceola County,IA,2006,0.395,0.8901,0.2643,0.7678,6.47,212
19143,Osceola County,IA,2007,0.3544,0.881,0.2299,0.7242,-4.48,210
19143,Osceola County,IA,2008,0.3346,0.8989,0.2214,0.7524,-9.81,220
19143,Osceola County,IA,2009,0.3629,0.8896,0.2523,0.7841,-2.19,222
19143,Osceola County,IA,2010,0.3438,0.9029,0.2347,0.7776,-7.33,210
19143,Osceola County,IA,2011,0.3699,0.9065,0.2482,0.7721,-0.3,213
19143,Osceola County,IA,2012,0.3731,0.8753,0.2479,0.7183,0.56,209
19143,Osceola County,IA,2013,0.3503,0.8907,0.2333,0.771,-5.58,223
19143,Osceola County,IA,2014,0.3709,0.8981,0.2505,0.7783,-0.03,225
19143,Osceola County,IA,2015,0.3802,0.9095,0.2605,0.8047,2.48,216
19143,Osceola County,IA,2016,0.3779,0.8972,0.2507,0.7668,1.86,215
19143,Osceola County,IA,2017,0.4084,0.9003,0.2641,0.7555,10.08,221
19143,Osceola County,IA,2018,0.3391,0.8878,0.2286,0.7428,-8.6,223
19143,Osceola County,IA,2019,0.3652,0.899,0.2424,0.7503,-1.57,224
19143,Osceola County,IA,2020,0.3516,0.9044,0.2372,0.7753,-5.23,210
19143,Osceola County,IA,2021,0.3897,0.8963,0.256,0.7368,5.04,216
19143,Osceola County,IA,2022,0.3768,0.8987,0.2614,0.7634,1.56,219
19143,Osceola County,IA,2023,0.352,0.8921,0.2382,0.7452,-5.12,217
19143,Osceola County,IA,2024,0.3972,0.8763,0.2529,0.7302,7.06,225
19143,Osceola County,IA,2025,0.4009,0.9247,0.2792,0.8296,8.06,216
19145,Page County,IA,2000,0.4808,0.8664,0.3136,0.6831,7.51,207
19145,Page County,IA,2001,0.4404,0.8502,0.2796,0.6711,-1.53,211
19145,Page County,IA,2002,0.4503,0.7878,0.2778,0.579,0.69,208
19145,Page County,IA,2003,0.4267,0.8187,0.2712,0.6382,-4.59,200
19145,Page County,IA,2004,0.4673,0.8698,0.3096,0.7241,4.49,209
19145,Page County,IA,2005,0.4334,0.8644,0.2901,0.701,-3.09,214
19145,Page County,IA,2006,0.474,0.8464,0.3126,0.6896,5.99,213
19145,Page County,IA,2007,0.4133,0.8495,0.2692,0.662,-7.59,223
19145,Page County,IA,2008,0.411,0.8271,0.2644,0.63,-8.1,212
19145,Page County,IA,2009,0.4469,0.8684,0.3013,0.7284,-0.07,213
19145,Page County,IA,2010,0.418,0.8599,0.2925,0.7392,-6.54,207
19145,Page County,IA,2011,0.4403,0.875,0.2953,0.6939,-1.55,209
19145,Page County,IA,2012,0.4437,0.8185,0.2912,0.6452,-0.79,198
19145,Page County,IA,2013,0.4375,0.8405,0.2824,0.6678,-2.17,217
19145,Page County,IA,2014,0.4498,0.8816,0.3018,0.7263,0.58,208
19145,Page County,IA,2015,0.4586,0.8714,0.3104,0.7158,2.54,221
19145,Page County,IA,2016,0.4833,0.8839,0.3221,0.7315,8.07,216
19145,Page County,IA,2017,0.4832,0.8793,0.3217,0.7229,8.04,215
19145,Page County,IA,2018,0.4428,0.8741,0.296,0.7261,-0.99,203
19145,Page County,IA,2019,0.4399,0.8783,0.3025,0.7248,-1.64,226
19145,Page County,IA,2020,0.4427,0.8885,0.2998,0.7356,-1.01,210
19145,Page County,IA,2021,0.4352,0.8818,0.3028,0.732,-2.69,211
19145,Page County,IA,2022,0.4321,0.8556,0.3023,0.6743,-3.38,220
19145,Page County,IA,2023,0.4519,0.9042,0.3111,0.749,1.04,215
19145,Page County,IA,2024,0.4631,0.8919,0.3161,0.7417,3.55,210
19145,Page County,IA,2025,0.4617,0.9046,0.3254,0.8138,3.24,211
19147,Palo Alto County,IA,2000,0.3879,0.8729,0.2464,0.7062,2.41,213
19147,Palo Alto County,IA,2001,0.3371,0.8852,0.2043,0.7028,-11.0,223
19147,Palo Alto County,IA,2002,0.3959,0.8643,0.2389,0.6753,4.52,211
19147,Palo Alto County,IA,2003,0.3742,0.8709,0.2318,0.7132,-1.21,213
19147,Palo Alto County,IA,2004,0.395,0.8873,0.2474,0.7167,4.29,214
19147,Palo Alto County,IA,2005,0.3807,0.8881,0.2425,0.7444,0.51,215
19147,Palo Alto County,IA,2006,0.3822,0.8751,0.2468,0.728,0.91,214
19147,Palo Alto County,IA,2007,0.3561,0.8736,0.2262,0.7138,-5.98,206
19147,Palo Alto County,IA,2008,0.3524,0.8807,0.2254,0.7124,-6.96,217
19147,Palo Alto County,IA,2009,0.3612,0.8865,0.243,0.761,-4.64,213
19147,Palo Alto County,IA,2010,0.3338,0.8751,0.2153,0.7113,-11.87,211
19147,Palo Alto County,IA,2011,0.3778,0.8918,0.2434,0.7282,-0.26,211
19147,Palo Alto County,IA,2012,0.386,0.8793,0.2494,0.7258,1.91,203
19147,Palo Alto County,IA,2013,0.3811,0.8662,0.2329,0.7033,0.62,226
19147,Palo Alto County,IA,2014,0.3764,0.8681,0.2354,0.6845,-0.63,226
19147,Palo Alto County,IA,2015,0.3904,0.9043,0.2553,0.7731,3.07,210
19147,Palo Alto County,IA,2016,0.3883,0.8882,0.254,0.7558,2.52,209
19147,Palo Alto County,IA,2017,0.4157,0.8848,0.2602,0.715,9.75,216
19147,Palo Alto County,IA,2018,0.342,0.8733,0.217,0.6882,-9.71,213
19147,Palo Alto County,IA,2019,0.3892,0.8885,0.2546,0.7323,2.75,221
19147,Palo Alto County,IA,2020,0.3767,0.8893,0.2427,0.7391,-0.55,203
19147,Palo Alto County,IA,2021,0.3907,0.8802,0.2469,0.7111,3.15,209
19147,Palo Alto County,IA,2022,0.3805,0.8933,0.2556,0.7373,0.46,215
19147,Palo Alto County,IA,2023,0.3726,0.8925,0.2454,0.7349,-1.63,215
19147,Palo Alto County,IA,2024,0.4146,0.8725,0.2555,0.7175,9.46,222
19147,Palo Alto County,IA,2025,0.4095,0.9131,0.2792,0.8109,8.11,207
19149,Plymouth County,IA,2000,0.4025,0.8566,0.2683,0.668,0.5,207
19149,Plymouth County,IA,2001,0.3681,0.8676,0.2428,0.7225,-8.09,213
19149,Plymouth County,IA,2002,0.4188,0.8668,0.2776,0.6982,4.57,217
19149,Plymouth County,IA,2003,0.4021,0.8679,0.269,0.7101,0.4,214
19149,Plymouth County,IA,2004,0.422,0.8785,0.2837,0.7502,5.37,216
19149,Plymouth County,IA,2005,0.3938,0.8805,0.2668,0.7412,-1.67,208
19149,Plymouth County,IA,2006,0.4322,0.8646,0.2956,0.7294,7.92,212
19149,Plymouth County,IA,2007,0.3799,0.855,0.2509,0.6794,-5.14,217
19149,Plymouth County,IA,2008,0.3781,0.8823,0.2573,0.7237,-5.59,214
19149,Plymouth County,IA,2009,0.3965,0.8843,0.2833,0.7831,-1.0,219
19149,Plymouth County,IA,2010,0.3736,0.8946,0.2625,0.7753,-6.72,209
19149,Plymouth County,IA,2011,0.3946,0.8851,0.2711,0.7474,-1.47,211
19149,Plymouth County,IA,2012,0.3845,0.8241,0.2593,0.6644,-3.99,196
19149,Plymouth County,IA,2013,0.3979,0.8873,0.271,0.7417,-0.65,226
19149,Plymouth County,IA,2014,0.4125,0.8856,0.2889,0.7581,3.0,225
19149,Plymouth County,IA,2015,0.4073,0.8977,0.2899,0.8023,1.7,214
19149,Plymouth County,IA,2016,0.4041,0.8834,0.2835,0.757,0.9,213
19149,Plymouth County,IA,2017,0.4374,0.8759,0.291,0.7046,9.21,226
19149,Plymouth County,IA,2018,0.3774,0.8999,0.2664,0.7679,-5.77,208
19149,Plymouth County,IA,2019,0.4137,0.898,0.2907,0.7727,3.3,218
19149,Plymouth County,IA,2020,0.3962,0.8842,0.2792,0.7522,-1.07,208
19149,Plymouth County,IA,2021,0.3993,0.8839,0.2691,0.7265,-0.3,208
19149,Plymouth County,IA,2022,0.3952,0.8741,0.2738,0.7125,-1.32,210
19149,Plymouth County,IA,2023,0.3879,0.8939,0.2724,0.7654,-3.15,213
19149,Plymouth County,IA,2024,0.4164,0.8932,0.2893,0.7563,3.97,218
19149,Plymouth County,IA,2025,0.4209,0.9192,0.2998,0.8148,5.09,213
19151,Pocahontas County,IA,2000,0.3883,0.8833,0.243,0.7134,3.21,210
19151,Pocahontas County,IA,2001,0.3393,0.892,0.2075,0.7241,-9.81,221
19151,Pocahontas County,IA,2002,0.3958,0.8869,0.2405,0.7033,5.21,213
19151,Pocahontas County,IA,2003,0.3703,0.871,0.2263,0.6935,-1.57,216
19151,Pocahontas County,IA,2004,0.3902,0.8981,0.2453,0.7374,3.72,215
19151,Pocahontas County,IA,2005,0.3678,0.8942,0.2317,0.7439,-2.24,219
19151,Pocahontas County,IA,2006,0.3875,0.8789,0.2453,0.7343,3.0,212
19151,Pocahontas County,IA,2007,0.351,0.8765,0.2211,0.7219,-6.7,212
19151,Pocahontas County,IA,2008,0.3465,0.8901,0.2233,0.7361,-7.9,219
19151,Pocahontas County,IA,2009,0.3582,0.8908,0.2437,0.7783,-4.79,215
19151,Pocahontas County,IA,2010,0.3415,0.8895,0.2205,0.7203,-9.23,210
19151,Pocahontas County,IA,2011,0.3929,0.9005,0.2551,0.7548,4.44,215
19151,Pocahontas County,IA,2012,0.3728,0.8862,0.2407,0.7343,-0.91,203
19151,Pocahontas County,IA,2013,0.3713,0.8651,0.2246,0.7028,-1.31,227
19151,Pocahontas County,IA,2014,0.3811,0.8783,0.2437,0.7243,1.3,223
19151,Pocahontas County,IA,2015,0.3754,0.9039,0.2457,0.7693,-0.22,216
19151,Pocahontas County,IA,2016,0.3821,0.9001,0.2501,0.7795,1.57,214
19151,Pocahontas County,IA,2017,0.3996,0.8848,0.243,0.6993,6.22,218
19151,Pocahontas County,IA,2018,0.3608,0.887,0.2214,0.7062,-4.1,214
19151,Pocahontas County,IA,2019,0.39,0.9008,0.25,0.7323,3.67,225
19151,Pocahontas County,IA,2020,0.3751,0.8999,0.2416,0.7583,-0.3,205
19151,Pocahontas County,IA,2021,0.3851,0.9012,0.2504,0.7483,2.36,212
19151,Pocahontas County,IA,2022,0.3758,0.8987,0.2549,0.7598,-0.11,222
19151,Pocahontas County,IA,2023,0.374,0.9058,0.2485,0.7573,-0.59,213
19151,Pocahontas County,IA,2024,0.4095,0.8992,0.2619,0.771,8.85,219
19151,Pocahontas County,IA,2025,0.3996,0.9256,0.2783,0.8428,6.22,207
19153,Polk County,IA,2000,0.4524,0.8069,0.2988,0.66,6.31,202
19153,Polk County,IA,2001,0.3868,0.7951,0.2408,0.6036,-9.11,209
19153,Polk County,IA,2002,0.4556,0.7932,0.2863,0.6247,7.06,209
19153,Polk County,IA,2003,0.4042,0.7858,0.2597,0.639,-5.02,201
19153,Polk County,IA,2004,0.4406,0.8066,0.2852,0.6628,3.54,207
19153,Polk County,IA,2005,0.4079,0.7974,0.2665,0.6374,-4.15,203
19153,Polk County,IA,2006,0.4528,0.7862,0.2899,0.6199,6.4,212
19153,Polk County,IA,2007,0.403,0.7876,0.2605,0.6216,-5.3,213
19153,Polk County,IA,2008,0.3833,0.7847,0.2478,0.5963,-9.93,210
19153,Polk County,IA,2009,0.4152,0.7999,0.275,0.6488,-2.43,216
19153,Polk County,IA,2010,0.4024,0.7829,0.2622,0.6192,-5.44,198
19153,Polk County,IA,2011,0.4243,0.7969,0.2732,0.621,-0.29,210
19153,Polk County,IA,2012,0.4313,0.7747,0.2757,0.6043,1.35,182
19153,Polk County,IA,2013,0.4079,0.7761,0.2585,0.6003,-4.15,208
19153,Polk County,IA,2014,0.4201,0.7915,0.2762,0.6304,-1.28,218
19153,Polk County,IA,2015,0.4426,0.807,0.2853,0.6483,4.01,202
19153,Polk County,IA,2016,0.4542,0.8103,0.3008,0.6589,6.73,212
19153,Polk County,IA,2017,0.4583,0.7842,0.294,0.6196,7.7,206
19153,Polk County,IA,2018,0.4319,0.7815,0.2742,0.6117,1.49,199
19153,Polk County,IA,2019,0.4266,0.792,0.2736,0.6241,0.25,216
19153,Polk County,IA,2020,0.4236,0.7891,0.2773,0.6296,-0.46,199
19153,Polk County,IA,2021,0.4195,0.7921,0.2744,0.6273,-1.42,207
19153,Polk County,IA,2022,0.4025,0.7789,0.2701,0.6171,-5.42,212
19153,Polk County,IA,2023,0.4357,0.7838,0.2813,0.6071,2.39,205
19153,Polk County,IA,2024,0.4446,0.7898,0.2926,0.6647,4.48,205
19153,Polk County,IA,2025,0.437,0.8039,0.2934,0.6963,2.69,203
19155,Pottawattamie County,IA,2000,0.442,0.8792,0.2972,0.7271,7.14,203
19155,Pottawattamie County,IA,2001,0.3909,0.8507,0.2557,0.6877,-5.25,210
19155,Pottawattamie County,IA,2002,0.4275,0.8269,0.2779,0.641,3.63,215
19155,Pottawattamie County,IA,2003,0.387,0.8343,0.257,0.6714,-6.19,209
19155,Pottawattamie County,IA,2004,0.4243,0.873,0.2938,0.7585,2.85,211
19155,Pottawattamie County,IA,2005,0.4003,0.8631,0.2783,0.7249,-2.97,209
19155,Pottawattamie County,IA,2006,0.4343,0.8612,0.299,0.7275,5.28,212
19155,Pottawattamie County,IA,2007,0.3814,0.854,0.2572,0.6863,-7.55,221
19155,Pottawattamie County,IA,2008,0.384,0.8512,0.2572,0.6833,-6.92,210
19155,Pottawattamie County,IA,2009,0.417,0.8796,0.2941,0.7658,1.08,215
19155,Pottawattamie County,IA,2010,0.3912,0.8648,0.2806,0.7494,-5.17,211
19155,Pottawattamie County,IA,2011,0.4126,0.8561,0.2874,0.7003,0.01,209
19155,Pottawattamie County,IA,2012,0.3929,0.8281,0.2642,0.6698,-4.76,192
19155,Pottawattamie County,IA,2013,0.4256,0.8615,0.2889,0.7142,3.17,219
19155,Pottawattamie County,IA,2014,0.4139,0.8572,0.2846,0.7156,0.33,227
19155,Pottawattamie County,IA,2015,0.4232,0.8831,0.2996,0.7656,2.58,215
19155,Pottawattamie County,IA,2016,0.4188,0.8832,0.2932,0.7497,1.52,215
19155,Pottawattamie County,IA,2017,0.4417,0.8623,0.302,0.7207,7.07,214
19155,Pottawattamie County,IA,2018,0.4125,0.8745,0.2826,0.7348,-0.01,203
19155,Pottawattamie County,IA,2019,0.4195,0.8716,0.2929,0.7212,1.69,224
19155,Pottawattamie County,IA,2020,0.3975,0.8751,0.2801,0.7466,-3.65,205
19155,Pottawattamie County,IA,2021,0.4078,0.8769,0.2879,0.7424,-1.15,212
19155,Pottawattamie County,IA,2022,0.405,0.8597,0.2897,0.7159,-1.83,210
19155,Pottawattamie County,IA,2023,0.4199,0.8866,0.2926,0.7365,1.78,216
19155,Pottawattamie County,IA,2024,0.4234,0.876,0.2909,0.7204,2.63,211
19155,Pottawattamie County,IA,2025,0.4318,0.9009,0.3046,0.8036,4.67,206
19157,Poweshiek County,IA,2000,0.4603,0.866,0.3083,0.7123,7.33,208
19157,Poweshiek County,IA,2001,0.4056,0.8598,0.267,0.6913,-5.42,220
19157,Poweshiek County,IA,2002,0.4708,0.8806,0.3148,0.7213,9.78,216
19157,Poweshiek County,IA,2003,0.4244,0.8625,0.2874,0.748,-1.04,208
19157,Poweshiek County,IA,2004,0.4567,0.8842,0.3138,0.7648,6.5,210
19157,Poweshiek County,IA,2005,0.4097,0.8711,0.2809,0.7174,-4.46,207
19157,Poweshiek County,IA,2006,0.4635,0.8648,0.3147,0.7196,8.08,209
19157,Poweshiek County,IA,2007,0.4163,0.8763,0.2872,0.733,-2.93,215
19157,Poweshiek County,IA,2008,0.3939,0.8711,0.2723,0.7117,-8.15,223
19157,Poweshiek County,IA,2009,0.4225,0.8744,0.2981,0.7548,-1.48,215
19157,Poweshiek County,IA,2010,0.4086,0.8675,0.2891,0.7457,-4.72,212
19157,Poweshiek County,IA,2011,0.426,0.8895,0.2961,0.7341,-0.66,217
19157,Poweshiek County,IA,2012,0.4343,0.844,0.2867,0.667,1.27,205
19157,Poweshiek County,IA,2013,0.4148,0.8585,0.2773,0.7143,-3.28,213
19157,Poweshiek County,IA,2014,0.4161,0.8856,0.2941,0.7569,-2.97,220
19157,Poweshiek County,IA,2015,0.4348,0.896,0.3037,0.7725,1.39,211
19157,Poweshiek County,IA,2016,0.4326,0.8944,0.313,0.8019,0.88,214
19157,Poweshiek County,IA,2017,0.4589,0.8794,0.3169,0.7443,7.01,214
19157,Poweshiek County,IA,2018,0.4341,0.8829,0.3022,0.7791,1.23,202
19157,Poweshiek County,IA,2019,0.4222,0.8698,0.2902,0.721,-1.55,222
19157,Poweshiek County,IA,2020,0.4157,0.886,0.2839,0.7328,-3.07,205
19157,Poweshiek County,IA,2021,0.4017,0.8901,0.281,0.766,-6.33,210
19157,Poweshiek County,IA,2022,0.3958,0.8792,0.2829,0.7334,-7.71,210
19157,Poweshiek County,IA,2023,0.4365,0.8982,0.3036,0.7355,1.78,214
19157,Poweshiek County,IA,2024,0.4508,0.8891,0.3159,0.797,5.12,217
19157,Poweshiek County,IA,2025,0.4434,0.9158,0.3181,0.8215,3.39,208
19159,Ringgold County,IA,2000,0.5267,0.8318,0.334,0.6317,5.06,204
19159,Ringgold County,IA,2001,0.466,0.8305,0.2944,0.6206,-7.05,193
19159,Ringgold County,IA,2002,0.5111,0.8203,0.3208,0.613,1.95,194
19159,Ringgold County,IA,2003,0.4806,0.815,0.3055,0.6201,-4.14,188
19159,Ringgold County,IA,2004,0.5134,0.8382,0.3355,0.653,2.41,201
19159,Ringgold County,IA,2005,0.4909,0.824,0.3222,0.6402,-2.08,203
19159,Ringgold County,IA,2006,0.5295,0.8255,0.3417,0.6336,5.62,207
19159,Ringgold County,IA,2007,0.4861,0.8294,0.3141,0.6246,-3.04,206
19159,Ringgold County,IA,2008,0.468,0.8069,0.2977,0.6047,-6.65,209
19159,Ringgold County,IA,2009,0.4866,0.8356,0.3182,0.6582,-2.94,212
19159,Ringgold County,IA,2010,0.4834,0.8377,0.3249,0.6703,-3.58,205
19159,Ringgold County,IA,2011,0.4894,0.8439,0.323,0.6472,-2.38,212
19159,Ringgold County,IA,2012,0.5081,0.7914,0.3248,0.5946,1.35,180
19159,Ringgold County,IA,2013,0.477,0.817,0.302,0.6456,-4.85,201
19159,Ringgold County,IA,2014,0.4894,0.8582,0.3278,0.6804,-2.38,214
19159,Ringgold County,IA,2015,0.5176,0.8472,0.339,0.6692,3.25,205
19159,Ringgold County,IA,2016,0.5562,0.8583,0.3672,0.6848,10.94,212
19159,Ringgold County,IA,2017,0.5337,0.8357,0.3415,0.6388,6.46,202
19159,Ringgold County,IA,2018,0.5075,0.8441,0.3284,0.663,1.23,193
19159,Ringgold County,IA,2019,0.4957,0.85,0.3235,0.6575,-1.12,217
19159,Ringgold County,IA,2020,0.4915,0.8509,0.325,0.6745,-1.96,207
19159,Ringgold County,IA,2021,0.4972,0.8576,0.3306,0.678,-0.82,210
19159,Ringgold County,IA,2022,0.4713,0.8363,0.3174,0.6501,-5.99,199
19159,Ringgold County,IA,2023,0.5075,0.8661,0.33,0.6464,1.23,221
19159,Ringgold County,IA,2024,0.5258,0.8592,0.3459,0.7122,4.88,199
19159,Ringgold County,IA,2025,0.5244,0.8703,0.3492,0.7585,4.6,203
19161,Sac County,IA,2000,0.3989,0.876,0.2573,0.704,1.48,202
19161,Sac County,IA,2001,0.3586,0.882,0.2263,0.7115,-8.78,221
19161,Sac County,IA,2002,0.4128,0.8767,0.2641,0.7037,5.01,215
19161,Sac County,IA,2003,0.3784,0.8741,0.2392,0.6997,-3.74,213
19161,Sac County,IA,2004,0.4091,0.8912,0.2648,0.7399,4.07,214
19161,Sac County,IA,2005,0.3817,0.8884,0.2538,0.7395,-2.9,215
19161,Sac County,IA,2006,0.4149,0.8496,0.2639,0.6744,5.55,219
19161,Sac County,IA,2007,0.3719,0.877,0.2378,0.7177,-5.39,220
19161,Sac County,IA,2008,0.3703,0.882,0.2443,0.7276,-5.8,215
19161,Sac County,IA,2009,0.3809,0.8854,0.2628,0.7751,-3.1,215
19161,Sac County,IA,2010,0.3596,0.9032,0.2493,0.7736,-8.52,209
19161,Sac County,IA,2011,0.3986,0.8907,0.2694,0.7425,1.4,212
19161,Sac County,IA,2012,0.3888,0.863,0.2533,0.6963,-1.09,197
19161,Sac County,IA,2013,0.3806,0.8607,0.2426,0.6969,-3.18,218
19161,Sac County,IA,2014,0.416,0.8917,0.2841,0.7694,5.83,222
19161,Sac County,IA,2015,0.395,0.9012,0.2738,0.7909,0.48,219
19161,Sac County,IA,2016,0.3948,0.9043,0.2718,0.7638,0.43,216
19161,Sac County,IA,2017,0.4141,0.8807,0.2679,0.7112,5.34,224
19161,Sac County,IA,2018,0.4009,0.9013,0.2716,0.7701,1.98,204
19161,Sac County,IA,2019,0.412,0.9018,0.2826,0.7702,4.81,223
19161,Sac County,IA,2020,0.3776,0.8785,0.2542,0.7311,-3.94,203
19161,Sac County,IA,2021,0.4011,0.9065,0.2706,0.7602,2.04,212
19161,Sac County,IA,2022,0.402,0.9019,0.2839,0.7629,2.26,223
19161,Sac County,IA,2023,0.3843,0.8872,0.2616,0.7326,-2.24,220
19161,Sac County,IA,2024,0.4201,0.9062,0.2856,0.7779,6.87,216
19161,Sac County,IA,2025,0.3976,0.9184,0.289,0.8226,1.14,208
19163,Scott County,IA,2000,0.4471,0.835,0.3047,0.6982,5.7,207
19163,Scott County,IA,2001,0.407,0.843,0.2721,0.6986,-3.78,214
19163,Scott County,IA,2002,0.4447,0.8486,0.2957,0.7174,5.13,213
19163,Scott County,IA,2003,0.4262,0.8307,0.2819,0.7133,0.76,207
19163,Scott County,IA,2004,0.4306,0.8423,0.2822,0.6946,1.8,211
19163,Scott County,IA,2005,0.3961,0.809,0.2617,0.6396,-6.36,208
19163,Scott County,IA,2006,0.4535,0.8375,0.3038,0.7032,7.22,214
19163,Scott County,IA,2007,0.4028,0.8531,0.2738,0.7048,-4.77,205
19163,Scott County,IA,2008,0.3946,0.838,0.2688,0.6938,-6.71,216
19163,Scott County,IA,2009,0.4187,0.8493,0.2871,0.7137,-1.01,217
19163,Scott County,IA,2010,0.3822,0.8396,0.262,0.7063,-9.64,207
19163,Scott County,IA,2011,0.4184,0.845,0.2829,0.7082,-1.08,215
19163,Scott County,IA,2012,0.4298,0.805,0.2808,0.6411,1.61,203
19163,Scott County,IA,2013,0.3911,0.8403,0.2633,0.6927,-7.54,212
19163,Scott County,IA,2014,0.4063,0.848,0.2792,0.7287,-3.94,211
19163,Scott County,IA,2015,0.4215,0.8559,0.2881,0.7186,-0.35,205
19163,Scott County,IA,2016,0.4477,0.8586,0.3098,0.7346,5.84,208
19163,Scott County,IA,2017,0.4521,0.8478,0.3073,0.7151,6.88,209
19163,Scott County,IA,2018,0.4319,0.8412,0.2881,0.7077,2.11,199
19163,Scott County,IA,2019,0.4111,0.8292,0.2746,0.6848,-2.81,231
19163,Scott County,IA,2020,0.4299,0.8545,0.2904,0.7217,1.64,209
19163,Scott County,IA,2021,0.4064,0.8521,0.2769,0.7283,-3.92,205
19163,Scott County,IA,2022,0.4241,0.8518,0.302,0.7484,0.26,221
19163,Scott County,IA,2023,0.4425,0.8515,0.2972,0.7167,4.61,218
19163,Scott County,IA,2024,0.4467,0.8501,0.3061,0.7444,5.61,204
19163,Scott County,IA,2025,0.4345,0.8684,0.3073,0.7697,2.72,207
19165,Shelby County,IA,2000,0.4238,0.8757,0.2878,0.7417,5.2,204
19165,Shelby County,IA,2001,0.3755,0.8645,0.2471,0.7006,-6.79,216
19165,Shelby County,IA,2002,0.4205,0.8512,0.2758,0.6614,4.38,219
19165,Shelby County,IA,2003,0.3866,0.8637,0.264,0.7156,-4.03,214
19165,Shelby County,IA,2004,0.4126,0.8821,0.2896,0.7857,2.42,215
19165,Shelby County,IA,2005,0.3827,0.8814,0.2675,0.7451,-5.0,213
19165,Shelby County,IA,2006,0.4254,0.8791,0.2972,0.7424,5.6,214
19165,Shelby County,IA,2007,0.3745,0.8754,0.2558,0.7116,-7.03,222
19165,Shelby County,IA,2008,0.3834,0.8849,0.2681,0.7511,-4.83,210
19165,Shelby County,IA,2009,0.3992,0.8975,0.2878,0.7996,-0.9,216
19165,Shelby County,IA,2010,0.3841,0.8895,0.2844,0.7961,-4.65,214
19165,Shelby County,IA,2011,0.4099,0.9048,0.2959,0.7797,1.75,213
19165,Shelby County,IA,2012,0.3908,0.8656,0.2716,0.718,-2.99,197
19165,Shelby County,IA,2013,0.4045,0.8799,0.2799,0.7553,0.41,221
19165,Shelby County,IA,2014,0.4176,0.8898,0.3003,0.7842,3.66,221
19165,Shelby County,IA,2015,0.4069,0.9053,0.2972,0.8074,1.01,219
19165,Shelby County,IA,2016,0.4035,0.9039,0.2895,0.7846,0.16,217
19165,Shelby County,IA,2017,0.4305,0.8895,0.2996,0.7492,6.87,213
19165,Shelby County,IA,2018,0.4036,0.8959,0.2827,0.7622,0.19,200
19165,Shelby County,IA,2019,0.4264,0.9105,0.3077,0.783,5.85,223
19165,Shelby County,IA,2020,0.3772,0.8873,0.2733,0.7744,-6.36,203
19165,Shelby County,IA,2021,0.3995,0.9138,0.2891,0.7816,-0.83,208
19165,Shelby County,IA,2022,0.4049,0.8933,0.301,0.7756,0.51,215
19165,Shelby County,IA,2023,0.3955,0.8938,0.2837,0.7715,-1.82,206
19165,Shelby County,IA,2024,0.4178,0.9085,0.299,0.7826,3.71,211
19165,Shelby County,IA,2025,0.4169,0.9208,0.3051,0.8429,3.49,208
19167,Sioux County,IA,2000,0.395,0.8806,0.2643,0.7171,0.15,207
19167,Sioux County,IA,2001,0.3645,0.8897,0.2409,0.7606,-7.59,218
19167,Sioux County,IA,2002,0.4113,0.8818,0.2679,0.7296,4.28,217
19167,Sioux County,IA,2003,0.3937,0.8824,0.261,0.7383,-0.18,214
19167,Sioux County,IA,2004,0.4136,0.8917,0.2763,0.7771,4.86,218
19167,Sioux County,IA,2005,0.3842,0.8948,0.2568,0.7673,-2.59,211
19167,Sioux County,IA,2006,0.4259,0.8797,0.2899,0.7564,7.98,211
19167,Sioux County,IA,2007,0.3756,0.8663,0.2452,0.707,-4.77,210
19167,Sioux County,IA,2008,0.3684,0.8905,0.2498,0.7459,-6.6,215
19167,Sioux County,IA,2009,0.3922,0.8947,0.276,0.8026,-0.56,215
19167,Sioux County,IA,2010,0.3676,0.9023,0.2559,0.7857,-6.8,207
19167,Sioux County,IA,2011,0.3873,0.8948,0.2621,0.7808,-1.81,208
19167,Sioux County,IA,2012,0.3809,0.8502,0.2575,0.7,-3.43,202
19167,Sioux County,IA,2013,0.3805,0.8906,0.2601,0.7628,-3.53,225
19167,Sioux County,IA,2014,0.4033,0.8916,0.2817,0.7811,2.25,223
19167,Sioux County,IA,2015,0.4034,0.8986,0.2834,0.8049,2.27,212
19167,Sioux County,IA,2016,0.394,0.894,0.2724,0.7807,-0.11,211
19167,Sioux County,IA,2017,0.4369,0.8942,0.2941,0.7631,10.77,222
19167,Sioux County,IA,2018,0.3738,0.8948,0.2585,0.7794,-5.23,207
19167,Sioux County,IA,2019,0.4042,0.8972,0.2787,0.7695,2.48,221
19167,Sioux County,IA,2020,0.3882,0.8945,0.2711,0.787,-1.58,208
19167,Sioux County,IA,2021,0.4114,0.8996,0.2784,0.7632,4.3,212
19167,Sioux County,IA,2022,0.3927,0.8814,0.2731,0.7557,-0.44,210
19167,Sioux County,IA,2023,0.3748,0.8982,0.2603,0.7723,-4.98,216
19167,Sioux County,IA,2024,0.4239,0.894,0.2885,0.7766,7.47,222
19167,Sioux County,IA,2025,0.4078,0.9151,0.2838,0.8027,3.39,209
19169,Story County,IA,2000,0.4238,0.872,0.2695,0.7131,4.91,206
19169,Story County,IA,2001,0.3695,0.8776,0.2275,0.7006,-8.53,218
19169,Story County,IA,2002,0.4386,0.8704,0.2735,0.7134,8.58,214
19169,Story County,IA,2003,0.3924,0.8657,0.2558,0.744,-2.86,209
19169,Story County,IA,2004,0.4159,0.8757,0.2702,0.7492,2.96,213
19169,Story County,IA,2005,0.3892,0.8816,0.2578,0.7309,-3.65,210
19169,Story County,IA,2006,0.4311,0.868,0.2808,0.7264,6.72,210
19169,Story County,IA,2007,0.376,0.8636,0.2442,0.718,-6.92,214
19169,Story County,IA,2008,0.3652,0.871,0.2371,0.6878,-9.59,217
19169,Story County,IA,2009,0.3919,0.8731,0.264,0.7359,-2.98,219
19169,Story County,IA,2010,0.3801,0.8722,0.2498,0.7284,-5.9,204
19169,Story County,IA,2011,0.4114,0.8809,0.2674,0.7273,1.84,218
19169,Story County,IA,2012,0.415,0.8621,0.2666,0.7033,2.74,196
19169,Story County,IA,2013,0.3729,0.8335,0.2367,0.6707,-7.69,220
19169,Story County,IA,2014,0.3968,0.8598,0.2602,0.6963,-1.77,217
19169,Story County,IA,2015,0.419,0.8889,0.2751,0.7607,3.73,207
19169,Story County,IA,2016,0.4145,0.8909,0.2771,0.7456,2.61,212
19169,Story County,IA,2017,0.4278,0.868,0.2745,0.7154,5.9,211
19169,Story County,IA,2018,0.4128,0.8687,0.2649,0.708,2.19,205
19169,Story County,IA,2019,0.4078,0.8765,0.2669,0.7305,0.95,216
19169,Story County,IA,2020,0.3909,0.8618,0.2626,0.7245,-3.23,204
19169,Story County,IA,2021,0.4004,0.8811,0.2615,0.7185,-0.88,215
19169,Story County,IA,2022,0.3965,0.8833,0.2734,0.7355,-1.84,217
19169,Story County,IA,2023,0.4213,0.8891,0.2827,0.7351,4.3,213
19169,Story County,IA,2024,0.4247,0.8819,0.285,0.7673,5.14,213
19169,Story County,IA,2025,0.4172,0.9002,0.2907,0.8194,3.28,202
19171,Tama County,IA,2000,0.4545,0.8719,0.3013,0.7118,7.4,210
19171,Tama County,IA,2001,0.3988,0.8737,0.2601,0.6976,-5.76,215
19171,Tama County,IA,2002,0.4619,0.8775,0.3066,0.7339,9.15,211
19171,Tama County,IA,2003,0.4135,0.8573,0.2761,0.7298,-2.28,208
19171,Tama County,IA,2004,0.4501,0.8815,0.3046,0.7535,6.36,211
19171,Tama County,IA,2005,0.4107,0.876,0.2812,0.7446,-2.95,207
19171,Tama County,IA,2006,0.4623,0.8751,0.315,0.7332,9.25,208
19171,Tama County,IA,2007,0.4029,0.8722,0.2756,0.7301,-4.79,213
19171,Tama County,IA,2008,0.3805,0.875,0.2598,0.7076,-10.08,225
19171,Tama County,IA,2009,0.41,0.8791,0.2856,0.7423,-3.11,218
19171,Tama County,IA,2010,0.401,0.8787,0.2819,0.7534,-5.24,211
19171,Tama County,IA,2011,0.4194,0.8867,0.2901,0.7298,-0.89,214
19171,Tama County,IA,2012,0.4323,0.8554,0.2889,0.6934,2.16,208
19171,Tama County,IA,2013,0.4015,0.8584,0.266,0.7041,-5.12,215
19171,Tama County,IA,2014,0.4072,0.8809,0.2825,0.737,-3.77,220
19171,Tama County,IA,2015,0.4305,0.8938,0.2995,0.7768,1.73,211
19171,Tama County,IA,2016,0.4204,0.8948,0.3015,0.791,-0.65,211
19171,Tama County,IA,2017,0.4502,0.8808,0.3067,0.7416,6.39,215
19171,Tama County,IA,2018,0.439,0.8872,0.3035,0.7825,3.74,204
19171,Tama County,IA,2019,0.4177,0.8772,0.2865,0.729,-1.29,220
19171,Tama County,IA,2020,0.41,0.878,0.2826,0.7317,-3.11,204
19171,Tama County,IA,2021,0.4144,0.8821,0.2855,0.7521,-2.07,213
19171,Tama County,IA,2022,0.3983,0.889,0.2836,0.7535,-5.88,216
19171,Tama County,IA,2023,0.4273,0.8866,0.2916,0.7196,0.98,214
19171,Tama County,IA,2024,0.4492,0.8929,0.3137,0.7841,6.15,215
19171,Tama County,IA,2025,0.4388,0.9064,0.3149,0.8323,3.69,208
19173,Taylor County,IA,2000,0.5057,0.8511,0.326,0.6578,6.76,206
19173,Taylor County,IA,2001,0.4581,0.8331,0.2887,0.6295,-3.29,206
19173,Taylor County,IA,2002,0.4858,0.81,0.3039,0.5991,2.56,204
19173,Taylor County,IA,2003,0.4536,0.8054,0.2894,0.6226,-4.24,191
19173,Taylor County,IA,2004,0.4905,0.848,0.3182,0.6747,3.55,206
19173,Taylor County,IA,2005,0.4646,0.8401,0.3083,0.6616,-1.92,215
19173,Taylor County,IA,2006,0.5052,0.8333,0.3259,0.651,6.65,207
19173,Taylor County,IA,2007,0.4508,0.8303,0.2895,0.6246,-4.83,214
19173,Taylor County,IA,2008,0.4392,0.8131,0.2777,0.6073,-7.28,215
19173,Taylor County,IA,2009,0.4751,0.8478,0.3091,0.6847,0.3,215
19173,Taylor County,IA,2010,0.4479,0.8439,0.3026,0.6965,-5.44,209
19173,Taylor County,IA,2011,0.4657,0.8603,0.3077,0.6655,-1.68,210
19173,Taylor County,IA,2012,0.4713,0.7978,0.3021,0.6047,-0.5,195
19173,Taylor County,IA,2013,0.4548,0.8305,0.2866,0.6423,-3.99,213
19173,Taylor County,IA,2014,0.4631,0.8729,0.3104,0.7012,-2.23,210
19173,Taylor County,IA,2015,0.4858,0.8499,0.3169,0.6684,2.56,216
19173,Taylor County,IA,2016,0.52,0.8702,0.342,0.7029,9.78,216
19173,Taylor County,IA,2017,0.5044,0.8628,0.3276,0.6762,6.49,211
19173,Taylor County,IA,2018,0.4738,0.8516,0.3059,0.678,0.03,202
19173,Taylor County,IA,2019,0.4641,0.8583,0.3047,0.672,-2.02,224
19173,Taylor County,IA,2020,0.4642,0.8707,0.308,0.6927,-2.0,211
19173,Taylor County,IA,2021,0.459,0.8702,0.309,0.6946,-3.1,215
19173,Taylor County,IA,2022,0.4515,0.8449,0.3141,0.6778,-4.68,214
19173,Taylor County,IA,2023,0.4773,0.8869,0.3178,0.6887,0.76,221
19173,Taylor County,IA,2024,0.4927,0.8765,0.3269,0.7061,4.02,211
19173,Taylor County,IA,2025,0.4914,0.8854,0.335,0.7853,3.74,209
19175,Union County,IA,2000,0.5034,0.8401,0.326,0.6636,4.78,205
19175,Union County,IA,2001,0.4521,0.8347,0.2854,0.6308,-5.9,200
19175,Union County,IA,2002,0.5027,0.822,0.3208,0.6219,4.64,205
19175,Union County,IA,2003,0.4543,0.8098,0.289,0.6147,-5.44,190
19175,Union County,IA,2004,0.4986,0.8456,0.3263,0.6772,3.78,205
19175,Union County,IA,2005,0.4621,0.8352,0.3042,0.6649,-3.82,206
19175,Union County,IA,2006,0.5116,0.8289,0.3309,0.6466,6.49,210
19175,Union County,IA,2007,0.4601,0.8375,0.3012,0.6447,-4.23,218
19175,Union County,IA,2008,0.4492,0.8224,0.2909,0.6305,-6.5,215
19175,Union County,IA,2009,0.4753,0.8489,0.313,0.6733,-1.07,220
19175,Union County,IA,2010,0.4581,0.8381,0.3079,0.6701,-4.65,208
19175,Union County,IA,2011,0.4714,0.8378,0.3122,0.651,-1.88,218
19175,Union County,IA,2012,0.465,0.7894,0.2973,0.5922,-3.21,182
19175,Union County,IA,2013,0.4703,0.8246,0.2976,0.6446,-2.11,203
19175,Union County,IA,2014,0.4777,0.8574,0.3218,0.6843,-0.57,210
19175,Union County,IA,2015,0.5009,0.8532,0.3318,0.6775,4.26,210
19175,Union County,IA,2016,0.5172,0.8635,0.3468,0.7063,7.65,213
19175,Union County,IA,2017,0.5019,0.8116,0.3207,0.6174,4.47,203
19175,Union County,IA,2018,0.4873,0.8482,0.3136,0.6669,1.43,193
19175,Union County,IA,2019,0.476,0.8535,0.3133,0.6705,-0.92,222
19175,Union County,IA,2020,0.4718,0.855,0.3148,0.6859,-1.8,210
19175,Union County,IA,2021,0.4811,0.862,0.3266,0.6974,0.14,214
19175,Union County,IA,2022,0.4472,0.8224,0.304,0.6426,-6.92,208
19175,Union County,IA,2023,0.492,0.8685,0.3268,0.67,2.41,218
19175,Union County,IA,2024,0.5012,0.8577,0.3316,0.7083,4.32,206
19175,Union County,IA,2025,0.5027,0.8776,0.3414,0.7827,4.64,207
19177,Van Buren County,IA,2000,0.5501,0.8565,0.3507,0.6727,6.97,201
19177,Van Buren County,IA,2001,0.4937,0.8318,0.3126,0.6448,-3.99,204
19177,Van Buren County,IA,2002,0.5274,0.8366,0.3224,0.6432,2.56,189
19177,Van Buren County,IA,2003,0.5038,0.8401,0.3249,0.6858,-2.03,192
19177,Van Buren County,IA,2004,0.528,0.8601,0.3376,0.6943,2.68,193
19177,Van Buren County,IA,2005,0.5143,0.8383,0.3283,0.6566,0.01,196
19177,Van Buren County,IA,2006,0.5356,0.8506,0.3431,0.6757,4.15,206
19177,Van Buren County,IA,2007,0.5019,0.848,0.3264,0.6712,-2.4,208
19177,Van Buren County,IA,2008,0.501,0.8459,0.329,0.6708,-2.57,218
19177,Van Buren County,IA,2009,0.5144,0.861,0.3419,0.7059,0.03,208
19177,Van Buren County,IA,2010,0.4949,0.8424,0.3195,0.6599,-3.76,205
19177,Van Buren County,IA,2011,0.4889,0.8372,0.3047,0.6545,-4.93,196
19177,Van Buren County,IA,2012,0.5211,0.8263,0.3232,0.6359,1.33,179
19177,Van Buren County,IA,2013,0.4985,0.8552,0.3164,0.6917,-3.06,199
19177,Van Buren County,IA,2014,0.4837,0.8778,0.3166,0.7049,-5.94,212
19177,Van Buren County,IA,2015,0.505,0.8596,0.3224,0.6728,-1.8,194
19177,Van Buren County,IA,2016,0.5531,0.8761,0.3587,0.7101,7.56,212
19177,Van Buren County,IA,2017,0.5365,0.824,0.3367,0.6434,4.33,194
19177,Van Buren County,IA,2018,0.5292,0.8542,0.3355,0.6801,2.91,194
19177,Van Buren County,IA,2019,0.5071,0.8473,0.3222,0.6597,-1.39,214
19177,Van Buren County,IA,2020,0.5169,0.8684,0.3314,0.7063,0.52,202
19177,Van Buren County,IA,2021,0.5043,0.86,0.3242,0.6675,-1.93,217
19177,Van Buren County,IA,2022,0.4854,0.8601,0.317,0.679,-5.61,205
19177,Van Buren County,IA,2023,0.5149,0.8569,0.3241,0.6729,0.13,207
19177,Van Buren County,IA,2024,0.5386,0.8796,0.3456,0.7063,4.74,201
19177,Van Buren County,IA,2025,0.5219,0.8952,0.3451,0.7437,1.49,207
19179,Wapello County,IA,2000,0.5331,0.8504,0.3402,0.6655,8.93,205
19179,Wapello County,IA,2001,0.4692,0.8471,0.2976,0.6515,-4.12,206
19179,Wapello County,IA,2002,0.5086,0.8373,0.3206,0.6704,3.93,197
19179,Wapello County,IA,2003,0.4665,0.8356,0.3023,0.6895,-4.67,189
19179,Wapello County,IA,2004,0.5033,0.8628,0.3281,0.6958,2.85,202
19179,Wapello County,IA,2005,0.472,0.8404,0.305,0.67,-3.55,196
19179,Wapello County,IA,2006,0.5135,0.8507,0.3327,0.6864,4.93,204
19179,Wapello County,IA,2007,0.472,0.8508,0.3144,0.6907,-3.55,212
19179,Wapello County,IA,2008,0.4442,0.8394,0.294,0.6615,-9.23,215
19179,Wapello County,IA,2009,0.4869,0.8609,0.3237,0.6981,-0.51,207
19179,Wapello County,IA,2010,0.4686,0.8332,0.308,0.6659,-4.25,200
19179,Wapello County,IA,2011,0.4777,0.8491,0.3017,0.65,-2.39,201
19179,Wapello County,IA,2012,0.4956,0.8155,0.306,0.6239,1.27,176
19179,Wapello County,IA,2013,0.4781,0.8455,0.3056,0.6857,-2.3,202
19179,Wapello County,IA,2014,0.4715,0.8686,0.3153,0.717,-3.65,208
19179,Wapello County,IA,2015,0.4867,0.8598,0.3169,0.6866,-0.55,194
19179,Wapello County,IA,2016,0.523,0.8749,0.3435,0.7131,6.87,207
19179,Wapello County,IA,2017,0.5155,0.8277,0.3273,0.6452,5.34,199
19179,Wapello County,IA,2018,0.4995,0.8546,0.3264,0.7079,2.07,191
19179,Wapello County,IA,2019,0.4837,0.852,0.3132,0.68,-1.16,215
19179,Wapello County,IA,2020,0.4955,0.8775,0.3215,0.7099,1.25,204
19179,Wapello County,IA,2021,0.4805,0.858,0.3163,0.6978,-1.81,207
19179,Wapello County,IA,2022,0.469,0.8592,0.3085,0.6728,-4.16,203
19179,Wapello County,IA,2023,0.4941,0.864,0.3098,0.6474,0.97,213
19179,Wapello County,IA,2024,0.5102,0.8655,0.3307,0.7098,4.26,203
19179,Wapello County,IA,2025,0.5053,0.8943,0.3379,0.7503,3.25,206
19181,Warren County,IA,2000,0.5207,0.8467,0.3409,0.6728,7.55,207
19181,Warren County,IA,2001,0.4453,0.842,0.2808,0.6378,-8.03,207
19181,Warren County,IA,2002,0.5097,0.8371,0.3206,0.6456,5.27,202
19181,Warren County,IA,2003,0.4656,0.8254,0.3003,0.6641,-3.84,195
19181,Warren County,IA,2004,0.5021,0.8562,0.3265,0.6918,3.7,205
19181,Warren County,IA,2005,0.4587,0.8412,0.298,0.6609,-5.26,201
19181,Warren County,IA,2006,0.5158,0.8371,0.3314,0.6567,6.53,212
19181,Warren County,IA,2007,0.4636,0.8392,0.3054,0.6619,-4.25,213
19181,Warren County,IA,2008,0.4545,0.8335,0.2925,0.626,-6.13,208
19181,Warren County,IA,2009,0.4716,0.8441,0.3123,0.6706,-2.6,219
19181,Warren County,IA,2010,0.4609,0.8307,0.3027,0.6488,-4.81,202
19181,Warren County,IA,2011,0.4732,0.8405,0.3055,0.6475,-2.27,218
19181,Warren County,IA,2012,0.4719,0.7973,0.2967,0.6027,-2.53,180
19181,Warren County,IA,2013,0.4773,0.8374,0.3042,0.6644,-1.42,206
19181,Warren County,IA,2014,0.4785,0.8462,0.3148,0.6631,-1.17,214
19181,Warren County,IA,2015,0.501,0.8565,0.3262,0.6785,3.48,200
19181,Warren County,IA,2016,0.5134,0.8692,0.3418,0.6948,6.04,217
19181,Warren County,IA,2017,0.5153,0.8255,0.3304,0.6516,6.43,202
19181,Warren County,IA,2018,0.4917,0.8396,0.319,0.6759,1.56,192
19181,Warren County,IA,2019,0.4836,0.8512,0.3123,0.67,-0.12,217
19181,Warren County,IA,2020,0.4827,0.8531,0.3184,0.6764,-0.3,209
19181,Warren County,IA,2021,0.4786,0.8547,0.3207,0.685,-1.15,212
19181,Warren County,IA,2022,0.4528,0.8365,0.2983,0.6442,-6.48,201
19181,Warren County,IA,2023,0.4884,0.8543,0.3129,0.6507,0.87,212
19181,Warren County,IA,2024,0.5115,0.8593,0.3371,0.7189,5.64,208
19181,Warren County,IA,2025,0.5,0.8721,0.3356,0.752,3.27,204
19183,Washington County,IA,2000,0.4723,0.8588,0.3155,0.7151,5.23,208
19183,Washington County,IA,2001,0.4263,0.8627,0.2835,0.6999,-5.02,219
19183,Washington County,IA,2002,0.4701,0.8528,0.3071,0.7043,4.74,209
19183,Washington County,IA,2003,0.4381,0.8539,0.2875,0.7224,-2.39,204
19183,Washington County,IA,2004,0.4624,0.873,0.3101,0.742,3.03,211
19183,Washington County,IA,2005,0.4287,0.847,0.2848,0.6742,-4.48,209
19183,Washington County,IA,2006,0.4816,0.8643,0.3251,0.7307,7.31,208
19183,Washington County,IA,2007,0.4287,0.8662,0.2894,0.701,-4.48,214
19183,Washington County,IA,2008,0.4068,0.8609,0.2818,0.7156,-9.36,221
19183,Washington County,IA,2009,0.4407,0.8688,0.3032,0.7212,-1.81,215
19183,Washington County,IA,2010,0.4286,0.8522,0.287,0.6992,-4.5,211
19183,Washington County,IA,2011,0.4323,0.8681,0.2911,0.7068,-3.68,215
19183,Washington County,IA,2012,0.4638,0.8274,0.3003,0.6554,3.34,206
19183,Washington County,IA,2013,0.4369,0.8544,0.2875,0.7166,-2.65,209
19183,Washington County,IA,2014,0.4336,0.8763,0.3016,0.7445,-3.39,215
19183,Washington County,IA,2015,0.4559,0.8848,0.317,0.7484,1.58,209
19183,Washington County,IA,2016,0.4645,0.8837,0.3238,0.7548,3.5,211
19183,Washington County,IA,2017,0.484,0.8673,0.3291,0.7176,7.84,213
19183,Washington County,IA,2018,0.4545,0.8667,0.3072,0.7412,1.27,200
19183,Washington County,IA,2019,0.4432,0.8586,0.2994,0.6992,-1.25,227
19183,Washington County,IA,2020,0.4547,0.8824,0.3112,0.7465,1.31,207
19183,Washington County,IA,2021,0.4353,0.8808,0.2994,0.743,-3.01,211
19183,Washington County,IA,2022,0.4403,0.8654,0.3061,0.7232,-1.9,209
19183,Washington County,IA,2023,0.4546,0.8845,0.3077,0.7118,1.29,215
19183,Washington County,IA,2024,0.4701,0.8859,0.3265,0.7584,4.74,213
19183,Washington County,IA,2025,0.4611,0.8999,0.3332,0.8119,2.74,210
19185,Wayne County,IA,2000,0.5477,0.8462,0.3542,0.6564,10.28,208
19185,Wayne County,IA,2001,0.4758,0.8349,0.3096,0.6424,-4.2,197
19185,Wayne County,IA,2002,0.5116,0.8235,0.3255,0.6299,3.01,188
19185,Wayne County,IA,2003,0.4964,0.8324,0.3262,0.6692,-0.05,188
19185,Wayne County,IA,2004,0.5053,0.8458,0.334,0.6796,1.74,203
19185,Wayne County,IA,2005,0.4887,0.8367,0.323,0.6672,-1.6,198
19185,Wayne County,IA,2006,0.5284,0.8325,0.3458,0.65,6.39,214
19185,Wayne County,IA,2007,0.4868,0.8348,0.324,0.6473,-1.98,208
19185,Wayne County,IA,2008,0.4635,0.806,0.3036,0.6068,-6.67,211
19185,Wayne County,IA,2009,0.5027,0.8397,0.3372,0.6695,1.22,207
19185,Wayne County,IA,2010,0.4749,0.8342,0.3197,0.6505,-4.38,206
19185,Wayne County,IA,2011,0.4835,0.8527,0.3233,0.6711,-2.65,213
19185,Wayne County,IA,2012,0.4992,0.7971,0.316,0.6039,0.51,177
19185,Wayne County,IA,2013,0.4829,0.8278,0.3116,0.6664,-2.77,204
19185,Wayne County,IA,2014,0.4837,0.8531,0.3259,0.688,-2.61,213
19185,Wayne County,IA,2015,0.4993,0.8491,0.3288,0.6725,0.54,203
19185,Wayne County,IA,2016,0.5239,0.869,0.3568,0.7113,5.49,210
19185,Wayne County,IA,2017,0.5134,0.8247,0.3362,0.6531,3.37,202
19185,Wayne County,IA,2018,0.4955,0.8513,0.3286,0.6969,-0.23,193
19185,Wayne County,IA,2019,0.4853,0.8494,0.3176,0.6639,-2.28,219
19185,Wayne County,IA,2020,0.4883,0.8718,0.3277,0.7057,-1.68,209
19185,Wayne County,IA,2021,0.4818,0.8601,0.328,0.6973,-2.99,211
19185,Wayne County,IA,2022,0.4657,0.8536,0.3117,0.666,-6.23,204
19185,Wayne County,IA,2023,0.5027,0.8704,0.3241,0.6534,1.22,220
19185,Wayne County,IA,2024,0.5102,0.8503,0.3411,0.7086,2.73,202
19185,Wayne County,IA,2025,0.5155,0.8881,0.3428,0.7535,3.8,203
19187,Webster County,IA,2000,0.4144,0.8834,0.2608,0.7357,4.91,205
19187,Webster County,IA,2001,0.3609,0.8858,0.2158,0.7007,-8.63,218
19187,Webster County,IA,2002,0.4246,0.8821,0.2558,0.7099,7.49,212
19187,Webster County,IA,2003,0.3936,0.8739,0.2386,0.7176,-0.35,211
19187,Webster County,IA,2004,0.4074,0.8812,0.2529,0.7253,3.14,216
19187,Webster County,IA,2005,0.3809,0.8863,0.2389,0.7147,-3.57,211
19187,Webster County,IA,2006,0.4133,0.8727,0.2548,0.7229,4.63,208
19187,Webster County,IA,2007,0.3675,0.871,0.2292,0.7107,-6.96,212
19187,Webster County,IA,2008,0.362,0.876,0.2267,0.6864,-8.35,216
19187,Webster County,IA,2009,0.3756,0.8795,0.2468,0.7485,-4.91,212
19187,Webster County,IA,2010,0.3649,0.884,0.2296,0.7038,-7.62,208
19187,Webster County,IA,2011,0.4088,0.8921,0.2633,0.7472,3.49,212
19187,Webster County,IA,2012,0.3986,0.8591,0.2521,0.6963,0.91,196
19187,Webster County,IA,2013,0.3828,0.8514,0.228,0.6696,-3.09,220
19187,Webster County,IA,2014,0.4019,0.8792,0.2587,0.7316,1.75,215
19187,Webster County,IA,2015,0.4074,0.8988,0.2604,0.7505,3.14,213
19187,Webster County,IA,2016,0.3932,0.8891,0.2558,0.7591,-0.46,210
19187,Webster County,IA,2017,0.4171,0.8754,0.2526,0.6983,5.59,209
19187,Webster County,IA,2018,0.3922,0.8837,0.2379,0.7007,-0.71,208
19187,Webster County,IA,2019,0.4057,0.8921,0.2535,0.7189,2.71,219
19187,Webster County,IA,2020,0.3848,0.8711,0.2422,0.7123,-2.58,203
19187,Webster County,IA,2021,0.3951,0.8922,0.2511,0.724,0.03,212
19187,Webster County,IA,2022,0.3875,0.8825,0.2589,0.7342,-1.9,214
19187,Webster County,IA,2023,0.3925,0.8946,0.2521,0.7275,-0.63,210
19187,Webster County,IA,2024,0.4276,0.8942,0.2754,0.7582,8.25,215
19187,Webster County,IA,2025,0.4097,0.9151,0.2764,0.8061,3.72,206
19189,Winnebago County,IA,2000,0.3879,0.8913,0.254,0.7569,3.24,213
19189,Winnebago County,IA,2001,0.3253,0.8754,0.1954,0.6929,-13.42,222
19189,Winnebago County,IA,2002,0.4107,0.8847,0.257,0.7468,9.31,213
19189,Winnebago County,IA,2003,0.3722,0.8751,0.2337,0.7134,-0.94,210
19189,Winnebago County,IA,2004,0.3959,0.886,0.2477,0.7143,5.37,221
19189,Winnebago County,IA,2005,0.3855,0.8947,0.249,0.7611,2.6,216
19189,Winnebago County,IA,2006,0.3878,0.8878,0.2553,0.7488,3.21,214
19189,Winnebago County,IA,2007,0.3626,0.8848,0.2391,0.7441,-3.49,205
19189,Winnebago County,IA,2008,0.353,0.8817,0.2357,0.732,-6.05,219
19189,Winnebago County,IA,2009,0.3684,0.8836,0.2537,0.772,-1.95,218
19189,Winnebago County,IA,2010,0.3548,0.9002,0.2395,0.7502,-5.57,209
19189,Winnebago County,IA,2011,0.3695,0.8985,0.2421,0.7522,-1.66,212
19189,Winnebago County,IA,2012,0.389,0.871,0.249,0.7161,3.53,200
19189,Winnebago County,IA,2013,0.3648,0.8405,0.2243,0.6744,-2.91,230
19189,Winnebago County,IA,2014,0.346,0.8786,0.2288,0.7386,-7.91,222
19189,Winnebago County,IA,2015,0.3849,0.9061,0.2566,0.7759,2.44,211
19189,Winnebago County,IA,2016,0.3794,0.9047,0.2533,0.7658,0.98,211
19189,Winnebago County,IA,2017,0.3979,0.8979,0.2545,0.7343,5.9,221
19189,Winnebago County,IA,2018,0.3312,0.8905,0.2156,0.7234,-11.85,214
19189,Winnebago County,IA,2019,0.3644,0.8932,0.2457,0.7518,-3.01,219
19189,Winnebago County,IA,2020,0.3846,0.902,0.2595,0.7599,2.36,207
19189,Winnebago County,IA,2021,0.3906,0.8929,0.2552,0.7373,3.96,211
19189,Winnebago County,IA,2022,0.3813,0.909,0.2654,0.771,1.48,219
19189,Winnebago County,IA,2023,0.3751,0.9044,0.2509,0.7482,-0.17,213
19189,Winnebago County,IA,2024,0.4039,0.88,0.2582,0.7284,7.5,224
19189,Winnebago County,IA,2025,0.4022,0.9169,0.2692,0.8028,7.05,207
19191,Winneshiek County,IA,2000,0.4802,0.8544,0.3335,0.7253,9.47,214
19191,Winneshiek County,IA,2001,0.4229,0.8431,0.2714,0.6482,-3.6,211
19191,Winneshiek County,IA,2002,0.5039,0.8691,0.3331,0.7163,14.87,214
19191,Winneshiek County,IA,2003,0.4276,0.8548,0.2838,0.7012,-2.52,203
19191,Winneshiek County,IA,2004,0.4765,0.8694,0.3196,0.7178,8.62,219
19191,Winneshiek County,IA,2005,0.4303,0.8731,0.2998,0.7408,-1.91,214
19191,Winneshiek County,IA,2006,0.483,0.8572,0.3312,0.7254,10.1,210
19191,Winneshiek County,IA,2007,0.4208,0.8608,0.2857,0.7168,-4.07,208
19191,Winneshiek County,IA,2008,0.4002,0.8632,0.2751,0.7009,-8.77,214
19191,Winneshiek County,IA,2009,0.4212,0.8652,0.2913,0.7157,-3.98,215
19191,Winneshiek County,IA,2010,0.4238,0.8783,0.2987,0.7398,-3.39,210
19191,Winneshiek County,IA,2011,0.4251,0.8821,0.2972,0.7349,-3.09,211
19191,Winneshiek County,IA,2012,0.4541,0.8397,0.3011,0.6695,3.52,204
19191,Winneshiek County,IA,2013,0.4163,0.849,0.2896,0.7201,-5.1,225
19191,Winneshiek County,IA,2014,0.4037,0.8716,0.2814,0.7326,-7.97,221
19191,Winneshiek County,IA,2015,0.4313,0.8904,0.2996,0.74,-1.68,204
19191,Winneshiek County,IA,2016,0.4285,0.8851,0.2995,0.7595,-2.32,211
19191,Winneshiek County,IA,2017,0.4501,0.8757,0.3069,0.7389,2.6,215
19191,Winneshiek County,IA,2018,0.4323,0.8705,0.2948,0.7485,-1.45,213
19191,Winneshiek County,IA,2019,0.4295,0.8772,0.3005,0.7439,-2.09,215
19191,Winneshiek County,IA,2020,0.4254,0.8731,0.2945,0.7338,-3.03,204
19191,Winneshiek County,IA,2021,0.4435,0.8826,0.3045,0.7457,1.1,215
19191,Winneshiek County,IA,2022,0.414,0.8875,0.2938,0.7445,-5.62,217
19191,Winneshiek County,IA,2023,0.439,0.8816,0.2969,0.6964,0.07,211
19191,Winneshiek County,IA,2024,0.4656,0.8776,0.3154,0.7307,6.14,215
19191,Winneshiek County,IA,2025,0.4567,0.8926,0.3205,0.8122,4.11,213
19193,Woodbury County,IA,2000,0.4152,0.8521,0.2773,0.6764,2.33,201
19193,Woodbury County,IA,2001,0.3758,0.8394,0.2466,0.6879,-7.38,211
19193,Woodbury County,IA,2002,0.4148,0.8408,0.2705,0.6626,2.24,216
19193,Woodbury County,IA,2003,0.4003,0.8408,0.2656,0.6757,-1.34,211
19193,Woodbury County,IA,2004,0.4172,0.8518,0.2773,0.7019,2.83,209
19193,Woodbury County,IA,2005,0.4033,0.8558,0.2698,0.7072,-0.6,206
19193,Woodbury County,IA,2006,0.4358,0.8361,0.287,0.6696,7.41,216
19193,Woodbury County,IA,2007,0.3865,0.8424,0.2523,0.6614,-4.74,219
19193,Woodbury County,IA,2008,0.389,0.8527,0.2592,0.6744,-4.12,213
19193,Woodbury County,IA,2009,0.3972,0.8607,0.2769,0.7337,-2.1,215
19193,Woodbury County,IA,2010,0.3799,0.8713,0.2635,0.7352,-6.37,208
19193,Woodbury County,IA,2011,0.391,0.8691,0.266,0.7,-3.63,211
19193,Woodbury County,IA,2012,0.4001,0.8346,0.2722,0.6783,-1.39,195
19193,Woodbury County,IA,2013,0.3976,0.869,0.2699,0.7171,-2.0,222
19193,Woodbury County,IA,2014,0.411,0.8551,0.28,0.696,1.3,226
19193,Woodbury County,IA,2015,0.4167,0.8827,0.2883,0.7557,2.7,215
19193,Woodbury County,IA,2016,0.409,0.8631,0.2839,0.7259,0.81,211
19193,Woodbury County,IA,2017,0.4366,0.8527,0.2905,0.6865,7.61,221
19193,Woodbury County,IA,2018,0.3994,0.8742,0.2754,0.7345,-1.56,204
19193,Woodbury County,IA,2019,0.4261,0.8733,0.296,0.7373,5.02,216
19193,Woodbury County,IA,2020,0.3993,0.8656,0.2797,0.7399,-1.58,206
19193,Woodbury County,IA,2021,0.4093,0.8705,0.2793,0.7152,0.88,206
19193,Woodbury County,IA,2022,0.4102,0.8606,0.2859,0.7021,1.1,216
19193,Woodbury County,IA,2023,0.3843,0.8492,0.2611,0.7007,-5.28,213
19193,Woodbury County,IA,2024,0.4226,0.8749,0.2873,0.7206,4.16,215
19193,Woodbury County,IA,2025,0.4207,0.8998,0.2969,0.7895,3.69,214
19195,Worth County,IA,2000,0.4096,0.8882,0.2656,0.7385,7.94,214
19195,Worth County,IA,2001,0.34,0.8822,0.2018,0.6948,-10.4,219
19195,Worth County,IA,2002,0.4271,0.8928,0.2677,0.7647,12.55,216
19195,Worth County,IA,2003,0.3779,0.8709,0.2331,0.6982,-0.42,212
19195,Worth County,IA,2004,0.4013,0.8863,0.2498,0.7124,5.75,221
19195,Worth County,IA,2005,0.3858,0.8946,0.2502,0.7603,1.67,216
19195,Worth County,IA,2006,0.4076,0.8825,0.2658,0.7498,7.41,215
19195,Worth County,IA,2007,0.3631,0.8783,0.2343,0.7229,-4.32,206
19195,Worth County,IA,2008,0.3532,0.8776,0.2309,0.7153,-6.92,221
19195,Worth County,IA,2009,0.363,0.8773,0.2464,0.7521,-4.34,220
19195,Worth County,IA,2010,0.3644,0.9004,0.2444,0.7588,-3.97,209
19195,Worth County,IA,2011,0.3666,0.8957,0.2417,0.739,-3.39,212
19195,Worth County,IA,2012,0.396,0.8568,0.2495,0.6879,4.35,201
19195,Worth County,IA,2013,0.3576,0.8209,0.217,0.6499,-5.77,231
19195,Worth County,IA,2014,0.3555,0.8821,0.2346,0.7482,-6.32,221
19195,Worth County,IA,2015,0.3825,0.9046,0.2554,0.7803,0.8,211
19195,Worth County,IA,2016,0.3782,0.9008,0.2504,0.7548,-0.34,208
19195,Worth County,IA,2017,0.3901,0.893,0.2482,0.7273,2.8,220
19195,Worth County,IA,2018,0.3436,0.894,0.2274,0.7494,-9.45,218
19195,Worth County,IA,2019,0.3581,0.8851,0.2393,0.737,-5.63,222
19195,Worth County,IA,2020,0.3823,0.892,0.2561,0.7381,0.74,208
19195,Worth County,IA,2021,0.3959,0.8955,0.2606,0.7585,4.33,211
19195,Worth County,IA,2022,0.3824,0.9066,0.2687,0.7748,0.77,218
19195,Worth County,IA,2023,0.3757,0.8876,0.2459,0.7059,-1.0,218
19195,Worth County,IA,2024,0.4084,0.8913,0.2668,0.7524,7.62,220
19195,Worth County,IA,2025,0.4005,0.9121,0.2685,0.7877,5.54,211
19197,Wright County,IA,2000,0.3901,0.8806,0.2424,0.7172,2.4,214
19197,Wright County,IA,2001,0.3418,0.8847,0.2012,0.6956,-10.28,223
19197,Wright County,IA,2002,0.4216,0.8882,0.2597,0.7282,10.67,210
19197,Wright County,IA,2003,0.3806,0.8762,0.233,0.7244,-0.09,212
19197,Wright County,IA,2004,0.3906,0.8883,0.2476,0.742,2.53,219
19197,Wright County,IA,2005,0.3703,0.8934,0.2351,0.7379,-2.8,214
19197,Wright County,IA,2006,0.3946,0.8873,0.2486,0.7461,3.58,213
19197,Wright County,IA,2007,0.3603,0.8851,0.2286,0.7337,-5.42,212
19197,Wright County,IA,2008,0.347,0.8766,0.2193,0.6928,-8.91,219
19197,Wright County,IA,2009,0.3682,0.8858,0.2433,0.7563,-3.35,218
19197,Wright County,IA,2010,0.3498,0.8736,0.216,0.6782,-8.18,210
19197,Wright County,IA,2011,0.3972,0.8998,0.2566,0.7694,4.26,213
19197,Wright County,IA,2012,0.3898,0.8749,0.2444,0.7036,2.32,199
19197,Wright County,IA,2013,0.3798,0.8763,0.2346,0.7103,-0.3,226
19197,Wright County,IA,2014,0.3572,0.8639,0.223,0.6807,-6.24,223
19197,Wright County,IA,2015,0.392,0.9045,0.255,0.7782,2.9,214
19197,Wright County,IA,2016,0.3828,0.8971,0.2497,0.7687,0.48,206
19197,Wright County,IA,2017,0.4105,0.8919,0.2553,0.7241,7.75,217
19197,Wright County,IA,2018,0.3708,0.8905,0.2305,0.7214,-2.67,212
19197,Wright County,IA,2019,0.3909,0.8993,0.2505,0.7423,2.61,221
19197,Wright County,IA,2020,0.3702,0.877,0.2372,0.7326,-2.82,204
19197,Wright County,IA,2021,0.3835,0.8988,0.2443,0.7433,0.67,210
19197,Wright County,IA,2022,0.3826,0.9062,0.2614,0.757,0.43,223
19197,Wright County,IA,2023,0.3782,0.8988,0.2475,0.7349,-0.72,210
19197,Wright County,IA,2024,0.4061,0.8854,0.2617,0.745,6.6,218
19197,Wright County,IA,2025,0.3985,0.9053,0.2669,0.8184,4.6,213
31001,Adams County,NE,2000,0.4032,0.8336,0.2686,0.6527,-0.22,205
31001,Adams County,NE,2001,0.3786,0.8224,0.2523,0.6696,-6.31,213
31001,Adams County,NE,2002,0.3951,0.7859,0.26,0.6342,-2.23,208
31001,Adams County,NE,2003,0.411,0.8117,0.2715,0.6456,1.71,206
31001,Adams County,NE,2004,0.4084,0.8388,0.2732,0.6788,1.06,207
31001,Adams County,NE,2005,0.3964,0.8333,0.268,0.6825,-1.91,209
31001,Adams County,NE,2006,0.4157,0.8496,0.2803,0.6791,2.87,207
31001,Adams County,NE,2007,0.3872,0.8403,0.2657,0.7017,-4.18,212
31001,Adams County,NE,2008,0.3902,0.8515,0.2583,0.6654,-3.44,216
31001,Adams County,NE,2009,0.4038,0.8572,0.276,0.6952,-0.07,207
31001,Adams County,NE,2010,0.3788,0.8636,0.2661,0.7192,-6.26,207
31001,Adams County,NE,2011,0.4024,0.8769,0.2859,0.7432,-0.42,213
31001,Adams County,NE,2012,0.3976,0.8321,0.2823,0.6984,-1.61,198
31001,Adams County,NE,2013,0.3958,0.8676,0.2796,0.7182,-2.05,224
31001,Adams County,NE,2014,0.4067,0.8513,0.2839,0.702,0.64,208
31001,Adams County,NE,2015,0.4169,0.8756,0.2947,0.736,3.17,208
31001,Adams County,NE,2016,0.4131,0.8588,0.2792,0.6981,2.23,209
31001,Adams County,NE,2017,0.4203,0.8687,0.2889,0.7226,4.01,218
31001,Adams County,NE,2018,0.4176,0.8816,0.2927,0.7458,3.34,206
31001,Adams County,NE,2019,0.4137,0.8737,0.2868,0.7124,2.38,215
31001,Adams County,NE,2020,0.3859,0.8507,0.2758,0.709,-4.5,210
31001,Adams County,NE,2021,0.4153,0.8803,0.2908,0.733,2.77,205
31001,Adams County,NE,2022,0.3981,0.8504,0.283,0.6894,-1.48,211
31001,Adams County,NE,2023,0.3978,0.8656,0.2762,0.7373,-1.56,204
31001,Adams County,NE,2024,0.4173,0.8828,0.2939,0.7341,3.27,215
31001,Adams County,NE,2025,0.4397,0.9018,0.3084,0.7565,8.81,210
31003,Antelope County,NE,2000,0.3903,0.8098,0.2614,0.6478,-5.18,205
31003,Antelope County,NE,2001,0.3872,0.8228,0.2569,0.6606,-5.94,212
31003,Antelope County,NE,2002,0.4177,0.7922,0.2804,0.6326,1.47,216
31003,Antelope County,NE,2003,0.4033,0.8116,0.2749,0.6473,-2.02,209
31003,Antelope County,NE,2004,0.4179,0.8254,0.2838,0.6798,1.52,209
31003,Antelope County,NE,2005,0.4109,0.8231,0.273,0.6606,-0.18,208
31003,Antelope County,NE,2006,0.4434,0.8347,0.2972,0.6668,7.72,218
31003,Antelope County,NE,2007,0.381,0.8174,0.2571,0.6572,-7.44,210
31003,Antelope County,NE,2008,0.3846,0.8379,0.259,0.6622,-6.57,213
31003,Antelope County,NE,2009,0.4169,0.8528,0.283,0.6861,1.28,214
31003,Antelope County,NE,2010,0.3802,0.8487,0.2654,0.6905,-7.64,208
31003,Antelope County,NE,2011,0.4032,0.8568,0.2799,0.7033,-2.05,211
31003,Antelope County,NE,2012,0.3977,0.8016,0.2822,0.6687,-3.39,196
31003,Antelope County,NE,2013,0.4183,0.8575,0.291,0.6996,1.62,220
31003,Antelope County,NE,2014,0.4292,0.8627,0.3042,0.7131,4.27,225
31003,Antelope County,NE,2015,0.4294,0.8703,0.2994,0.7284,4.32,205
31003,Antelope County,NE,2016,0.42,0.8689,0.2884,0.716,2.03,208
31003,Antelope County,NE,2017,0.4349,0.8556,0.2996,0.7016,5.65,219
31003,Antelope County,NE,2018,0.3954,0.8652,0.2727,0.7042,-3.94,207
31003,Antelope County,NE,2019,0.4127,0.8691,0.2882,0.71,0.26,215
31003,Antelope County,NE,2020,0.4116,0.8688,0.2933,0.7197,-0.01,210
31003,Antelope County,NE,2021,0.4259,0.8604,0.2974,0.7177,3.47,209
31003,Antelope County,NE,2022,0.409,0.8429,0.2879,0.6819,-0.64,211
31003,Antelope County,NE,2023,0.4,0.8686,0.2783,0.7199,-2.83,210
31003,Antelope County,NE,2024,0.4296,0.8685,0.2998,0.7084,4.36,212
31003,Antelope County,NE,2025,0.4522,0.8881,0.3164,0.716,9.85,212
31005,Arthur County,NE,2000,0.296,0.4592,0.183,0.3057,-5.88,173
31005,Arthur County,NE,2001,0.3146,0.5174,0.1931,0.3435,0.03,203
31005,Arthur County,NE,2002,0.2922,0.4347,0.187,0.2959,-7.09,195
31005,Arthur County,NE,2003,0.3244,0.5728,0.2044,0.3897,3.15,168
31005,Arthur County,NE,2004,0.3178,0.5175,0.1946,0.3326,1.05,204
31005,Arthur County,NE,2005,0.3225,0.5722,0.1928,0.3749,2.54,180
31005,Arthur County,NE,2006,0.2963,0.4709,0.1821,0.2914,-5.79,196
31005,Arthur County,NE,2007,0.3028,0.551,0.1903,0.3812,-3.72,187
31005,Arthur County,NE,2008,0.3082,0.5249,0.1899,0.3501,-2.0,176
31005,Arthur County,NE,2009,0.3338,0.6007,0.2034,0.3968,6.14,176
31005,Arthur County,NE,2010,0.3272,0.5542,0.196,0.3576,4.04,206
31005,Arthur County,NE,2011,0.3313,0.5869,0.1977,0.3677,5.34,200
31005,Arthur County,NE,2012,0.2669,0.4397,0.1729,0.2963,-15.14,152
31005,Arthur County,NE,2013,0.3017,0.5603,0.1902,0.3887,-4.07,201
31005,Arthur County,NE,2014,0.3336,0.5553,0.2073,0.3783,6.07,192
31005,Arthur County,NE,2015,0.3288,0.6193,0.1969,0.3964,4.55,185
31005,Arthur County,NE,2016,0.3273,0.5615,0.1949,0.3589,4.07,209
31005,Arthur County,NE,2017,0.3201,0.4973,0.1902,0.3297,1.78,203
31005,Arthur County,NE,2018,0.3161,0.5995,0.1882,0.3757,0.51,197
31005,Arthur County,NE,2019,0.2996,0.5417,0.178,0.3506,-4.74,200
31005,Arthur County,NE,2020,0.3154,0.5355,0.1993,0.3618,0.28,191
31005,Arthur County,NE,2021,0.3338,0.5404,0.2105,0.3734,6.14,179
31005,Arthur County,NE,2022,0.2822,0.4569,0.1803,0.3197,-10.27,174
31005,Arthur County,NE,2023,0.3002,0.5817,0.1881,0.3905,-4.55,198
31005,Arthur County,NE,2024,0.329,0.5659,0.1961,0.3723,4.61,187
31005,Arthur County,NE,2025,0.3553,0.6199,0.2038,0.3932,12.97,196
31007,Banner County,NE,2000,0.2758,0.4381,0.1739,0.3025,-5.1,155
31007,Banner County,NE,2001,0.2938,0.5402,0.1832,0.3665,1.1,165
31007,Banner County,NE,2002,0.2627,0.3938,0.1702,0.27,-9.6,239
31007,Banner County,NE,2003,0.2963,0.5609,0.1894,0.3691,1.96,158
31007,Banner County,NE,2004,0.312,0.4831,0.1912,0.3252,7.36,216
31007,Banner County,NE,2005,0.3409,0.5571,0.212,0.3703,17.3,179
31007,Banner County,NE,2006,0.2815,0.4357,0.1763,0.2943,-3.14,194
31007,Banner County,NE,2007,0.2475,0.506,0.1518,0.3418,-14.83,162
31007,Banner County,NE,2008,0.2806,0.5054,0.1689,0.3218,-3.44,193
31007,Banner County,NE,2009,0.285,0.5245,0.1767,0.3501,-1.93,184
31007,Banner County,NE,2010,0.2862,0.5192,0.1779,0.3446,-1.52,181
31007,Banner County,NE,2011,0.2863,0.5324,0.1786,0.3489,-1.48,176
31007,Banner County,NE,2012,0.2373,0.3959,0.1552,0.2721,-18.34,142
31007,Banner County,NE,2013,0.2913,0.4881,0.183,0.3298,0.24,221
31007,Banner County,NE,2014,0.3279,0.5905,0.2079,0.4283,12.83,170
31007,Banner County,NE,2015,0.3079,0.5624,0.192,0.3777,5.95,185
31007,Banner County,NE,2016,0.2895,0.5177,0.1822,0.3554,-0.38,170
31007,Banner County,NE,2017,0.3064,0.5094,0.1924,0.3525,5.43,169
31007,Banner County,NE,2018,0.2991,0.5714,0.1813,0.3738,2.92,162
31007,Banner County,NE,2019,0.3039,0.5706,0.1854,0.3814,4.57,186
31007,Banner County,NE,2020,0.2831,0.4956,0.1846,0.3445,-2.58,167
31007,Banner County,NE,2021,0.283,0.4919,0.1836,0.3394,-2.62,170
31007,Banner County,NE,2022,0.2531,0.4447,0.1651,0.3153,-12.91,160
31007,Banner County,NE,2023,0.3064,0.5962,0.192,0.4337,5.43,184
31007,Banner County,NE,2024,0.3068,0.4878,0.1929,0.3315,5.57,189
31007,Banner County,NE,2025,0.3116,0.5383,0.1938,0.3585,7.22,194
31009,Blaine County,NE,2000,0.314,0.5181,0.1896,0.3297,-8.92,191
31009,Blaine County,NE,2001,0.3185,0.5622,0.1924,0.3779,-7.61,197
31009,Blaine County,NE,2002,0.3131,0.4865,0.1966,0.3272,-9.18,182
31009,Blaine County,NE,2003,0.3237,0.5681,0.2069,0.3985,-6.1,174
31009,Blaine County,NE,2004,0.3478,0.5757,0.2155,0.395,0.89,216
31009,Blaine County,NE,2005,0.3409,0.6065,0.2072,0.3977,-1.11,173
31009,Blaine County,NE,2006,0.3286,0.5124,0.2057,0.3255,-4.68,209
31009,Blaine County,NE,2007,0.3176,0.579,0.2012,0.3993,-7.87,185
31009,Blaine County,NE,2008,0.336,0.5726,0.2102,0.3823,-2.54,193
31009,Blaine County,NE,2009,0.3517,0.6103,0.2132,0.405,2.02,181
31009,Blaine County,NE,2010,0.3696,0.6126,0.2216,0.404,7.21,189
31009,Blaine County,NE,2011,0.3548,0.6232,0.2124,0.4049,2.92,196
31009,Blaine County,NE,2012,0.3109,0.5204,0.1921,0.3401,-9.82,150
31009,Blaine County,NE,2013,0.354,0.6174,0.2169,0.4187,2.69,207
31009,Blaine County,NE,2014,0.359,0.5901,0.219,0.3816,4.14,210
31009,Blaine County,NE,2015,0.3615,0.6343,0.2188,0.4285,4.86,181
31009,Blaine County,NE,2016,0.3827,0.6142,0.2236,0.3909,11.01,208
31009,Blaine County,NE,2017,0.3585,0.5423,0.2145,0.362,3.99,201
31009,Blaine County,NE,2018,0.357,0.6651,0.2143,0.4242,3.56,183
31009,Blaine County,NE,2019,0.3699,0.6501,0.2242,0.4179,7.3,201
31009,Blaine County,NE,2020,0.3578,0.629,0.2258,0.4282,3.79,198
31009,Blaine County,NE,2021,0.3637,0.5659,0.2211,0.3735,5.5,202
31009,Blaine County,NE,2022,0.3289,0.564,0.2024,0.3623,-4.6,190
31009,Blaine County,NE,2023,0.3146,0.6232,0.1889,0.4044,-8.74,207
31009,Blaine County,NE,2024,0.3444,0.6283,0.2058,0.443,-0.1,187
31009,Blaine County,NE,2025,0.3841,0.6607,0.2224,0.4173,11.42,199
31011,Boone County,NE,2000,0.3832,0.7901,0.2524,0.6134,-6.05,202
31011,Boone County,NE,2001,0.3887,0.7959,0.2562,0.6346,-4.7,209
31011,Boone County,NE,2002,0.4042,0.7679,0.2649,0.5915,-0.9,212
31011,Boone County,NE,2003,0.4043,0.8037,0.2743,0.641,-0.88,204
31011,Boone County,NE,2004,0.4143,0.8104,0.2785,0.6661,1.57,211
31011,Boone County,NE,2005,0.4079,0.8204,0.2719,0.6654,0.0,203
31011,Boone County,NE,2006,0.4351,0.8297,0.2901,0.6551,6.67,226
31011,Boone County,NE,2007,0.3966,0.8279,0.2684,0.6679,-2.77,213
31011,Boone County,NE,2008,0.3951,0.8344,0.2666,0.6506,-3.13,215
31011,Boone County,NE,2009,0.4163,0.8526,0.2831,0.6823,2.06,218
31011,Boone County,NE,2010,0.381,0.8488,0.2707,0.7001,-6.59,206
31011,Boone County,NE,2011,0.3986,0.8494,0.2789,0.7039,-2.28,212
31011,Boone County,NE,2012,0.3783,0.7672,0.2654,0.6321,-7.25,192
31011,Boone County,NE,2013,0.4106,0.8616,0.2865,0.7031,0.67,220
31011,Boone County,NE,2014,0.4276,0.859,0.3056,0.7274,4.83,221
31011,Boone County,NE,2015,0.4313,0.8623,0.2981,0.7103,5.74,207
31011,Boone County,NE,2016,0.4135,0.8675,0.2862,0.7124,1.38,211
31011,Boone County,NE,2017,0.4261,0.8441,0.2919,0.691,4.47,220
31011,Boone County,NE,2018,0.4037,0.8719,0.2803,0.7201,-1.03,206
31011,Boone County,NE,2019,0.411,0.8807,0.2915,0.7273,0.76,217
31011,Boone County,NE,2020,0.4037,0.8702,0.2935,0.7508,-1.03,208
31011,Boone County,NE,2021,0.4172,0.8654,0.2916,0.7221,2.28,210
31011,Boone County,NE,2022,0.3943,0.8344,0.2775,0.6755,-3.33,210
31011,Boone County,NE,2023,0.3928,0.8589,0.2759,0.7145,-3.7,212
31011,Boone County,NE,2024,0.4237,0.8758,0.2985,0.7333,3.88,216
31011,Boone County,NE,2025,0.4459,0.8919,0.3175,0.7535,9.32,209
31013,Box Butte County,NE,2000,0.323,0.5684,0.2064,0.4218,0.26,173
31013,Box Butte County,NE,2001,0.3133,0.5999,0.1956,0.4272,-2.75,180
31013,Box Butte County,NE,2002,0.2852,0.4883,0.1877,0.3632,-11.47,219
31013,Box Butte County,NE,2003,0.3369,0.6335,0.2176,0.4624,4.57,180
31013,Box Butte County,NE,2004,0.3461,0.5727,0.2175,0.4133,7.43,226
31013,Box Butte County,NE,2005,0.353,0.6374,0.2221,0.4553,9.57,184
31013,Box Butte County,NE,2006,0.3176,0.5519,0.2022,0.4022,-1.42,202
31013,Box Butte County,NE,2007,0.2966,0.5782,0.1904,0.4269,-7.93,174
31013,Box Butte County,NE,2008,0.3091,0.5935,0.1946,0.4223,-4.05,201
31013,Box Butte County,NE,2009,0.3253,0.6271,0.2077,0.4446,0.97,186
31013,Box Butte County,NE,2010,0.3289,0.6162,0.2095,0.4499,2.09,196
31013,Box Butte County,NE,2011,0.3379,0.6361,0.2165,0.4557,4.89,188
31013,Box Butte County,NE,2012,0.2881,0.5241,0.1984,0.4091,-10.57,163
31013,Box Butte County,NE,2013,0.2945,0.5816,0.1923,0.4351,-8.59,190
31013,Box Butte County,NE,2014,0.3528,0.6772,0.2264,0.5133,9.51,182
31013,Box Butte County,NE,2015,0.3442,0.642,0.2199,0.4715,6.84,196
31013,Box Butte County,NE,2016,0.3235,0.6028,0.2105,0.4444,0.42,193
31013,Box Butte County,NE,2017,0.3339,0.6065,0.2147,0.4461,3.64,186
31013,Box Butte County,NE,2018,0.3248,0.6401,0.2037,0.465,0.82,181
31013,Box Butte County,NE,2019,0.3135,0.6568,0.2012,0.482,-2.69,196
31013,Box Butte County,NE,2020,0.307,0.6034,0.2054,0.4503,-4.71,179
31013,Box Butte County,NE,2021,0.3117,0.5728,0.2079,0.4317,-3.25,189
31013,Box Butte County,NE,2022,0.3148,0.5633,0.2107,0.4365,-2.29,192
31013,Box Butte County,NE,2023,0.3243,0.6619,0.207,0.4973,0.66,194
31013,Box Butte County,NE,2024,0.3234,0.5881,0.2094,0.4387,0.38,182
31013,Box Butte County,NE,2025,0.3468,0.6592,0.2185,0.4788,7.65,199
31015,Boyd County,NE,2000,0.3689,0.6779,0.2239,0.4612,-12.24,178
31015,Boyd County,NE,2001,0.4024,0.7713,0.2549,0.5839,-4.27,193
31015,Boyd County,NE,2002,0.3942,0.638,0.2418,0.4504,-6.22,188
31015,Boyd County,NE,2003,0.3991,0.7233,0.2416,0.5233,-5.05,165
31015,Boyd County,NE,2004,0.4322,0.7091,0.2569,0.4756,2.82,182
31015,Boyd County,NE,2005,0.4293,0.7582,0.2578,0.5277,2.13,170
31015,Boyd County,NE,2006,0.4485,0.6935,0.2702,0.4746,6.7,209
31015,Boyd County,NE,2007,0.3957,0.7308,0.2454,0.522,-5.86,177
31015,Boyd County,NE,2008,0.4215,0.7591,0.2596,0.5523,0.28,177
31015,Boyd County,NE,2009,0.4417,0.7618,0.2748,0.5543,5.08,193
31015,Boyd County,NE,2010,0.4265,0.78,0.2726,0.5654,1.47,192
31015,Boyd County,NE,2011,0.4284,0.7717,0.2742,0.5598,1.92,194
31015,Boyd County,NE,2012,0.3783,0.6557,0.2372,0.4558,-10.0,155
31015,Boyd County,NE,2013,0.4107,0.7899,0.2577,0.5899,-2.29,194
31015,Boyd County,NE,2014,0.43,0.744,0.2669,0.5316,2.3,204
31015,Boyd County,NE,2015,0.4471,0.7681,0.2797,0.568,6.37,196
31015,Boyd County,NE,2016,0.447,0.7583,0.2765,0.554,6.34,180
31015,Boyd County,NE,2017,0.4508,0.7395,0.2815,0.5289,7.25,210
31015,Boyd County,NE,2018,0.4404,0.8045,0.2846,0.6101,4.77,201
31015,Boyd County,NE,2019,0.4127,0.7933,0.2642,0.5831,-1.82,204
31015,Boyd County,NE,2020,0.4198,0.7944,0.2763,0.5989,-0.13,203
31015,Boyd County,NE,2021,0.43,0.729,0.2681,0.5158,2.3,207
31015,Boyd County,NE,2022,0.3864,0.7269,0.2395,0.4966,-8.07,179
31015,Boyd County,NE,2023,0.4,0.7887,0.2467,0.5661,-4.84,197
31015,Boyd County,NE,2024,0.4295,0.7689,0.2755,0.5849,2.18,189
31015,Boyd County,NE,2025,0.4576,0.7778,0.2748,0.5621,8.87,194
31017,Brown County,NE,2000,0.3325,0.5738,0.2002,0.3703,-6.87,198
31017,Brown County,NE,2001,0.3295,0.5965,0.1986,0.4029,-7.71,193
31017,Brown County,NE,2002,0.3229,0.5144,0.1976,0.3452,-9.56,199
31017,Brown County,NE,2003,0.3408,0.5829,0.2127,0.4005,-4.55,181
31017,Brown County,NE,2004,0.3558,0.5747,0.2143,0.3795,-0.34,200
31017,Brown County,NE,2005,0.3622,0.6394,0.2161,0.4229,1.45,179
31017,Brown County,NE,2006,0.3513,0.5456,0.2147,0.3668,-1.61,202
31017,Brown County,NE,2007,0.3269,0.5931,0.2035,0.4135,-8.44,186
31017,Brown County,NE,2008,0.3473,0.6219,0.2148,0.4202,-2.73,206
31017,Brown County,NE,2009,0.3745,0.6557,0.2285,0.4406,4.89,191
31017,Brown County,NE,2010,0.3677,0.6511,0.2188,0.4261,2.99,188
31017,Brown County,NE,2011,0.365,0.6452,0.2169,0.4224,2.23,199
31017,Brown County,NE,2012,0.3353,0.5588,0.2051,0.373,-6.09,157
31017,Brown County,NE,2013,0.3552,0.6392,0.2159,0.4363,-0.51,205
31017,Brown County,NE,2014,0.3708,0.6166,0.2236,0.4007,3.86,214
31017,Brown County,NE,2015,0.3766,0.6578,0.2265,0.4376,5.48,190
31017,Brown County,NE,2016,0.3939,0.6422,0.2302,0.4021,10.33,202
31017,Brown County,NE,2017,0.377,0.6004,0.2258,0.3947,5.59,223
31017,Brown County,NE,2018,0.3566,0.6783,0.2145,0.4549,-0.12,191
31017,Brown County,NE,2019,0.3605,0.6727,0.2149,0.4332,0.97,208
31017,Brown County,NE,2020,0.3678,0.6739,0.2289,0.4483,3.02,202
31017,Brown County,NE,2021,0.3866,0.6309,0.2324,0.4123,8.28,206
31017,Brown County,NE,2022,0.3311,0.558,0.2014,0.3655,-7.26,181
31017,Brown County,NE,2023,0.3359,0.6595,0.2057,0.4644,-5.92,204
31017,Brown County,NE,2024,0.3575,0.6595,0.2165,0.4609,0.13,187
31017,Brown County,NE,2025,0.4016,0.6896,0.2356,0.4508,12.48,206
31019,Buffalo County,NE,2000,0.3692,0.7437,0.2464,0.5688,-10.01,197
31019,Buffalo County,NE,2001,0.3874,0.7774,0.2527,0.6074,-5.57,199
31019,Buffalo County,NE,2002,0.3873,0.699,0.2543,0.5469,-5.6,206
31019,Buffalo County,NE,2003,0.4108,0.7728,0.2762,0.6197,0.13,189
31019,Buffalo County,NE,2004,0.4222,0.7636,0.2758,0.5883,2.91,202
31019,Buffalo County,NE,2005,0.4131,0.7817,0.2735,0.6125,0.69,202
31019,Buffalo County,NE,2006,0.4324,0.8013,0.2896,0.6196,5.4,220
31019,Buffalo County,NE,2007,0.3926,0.8046,0.2643,0.6381,-4.3,206
31019,Buffalo County,NE,2008,0.4,0.8023,0.2664,0.6097,-2.5,208
31019,Buffalo County,NE,2009,0.4254,0.8154,0.2853,0.6424,3.69,204
31019,Buffalo County,NE,2010,0.4099,0.8278,0.2783,0.659,-0.09,200
31019,Buffalo County,NE,2011,0.4052,0.8296,0.2774,0.6694,-1.23,209
31019,Buffalo County,NE,2012,0.385,0.7444,0.2664,0.5993,-6.16,180
31019,Buffalo County,NE,2013,0.4085,0.8121,0.2821,0.6477,-0.43,215
31019,Buffalo County,NE,2014,0.4263,0.8054,0.2912,0.6311,3.91,208
31019,Buffalo County,NE,2015,0.4253,0.8043,0.2875,0.6468,3.67,201
31019,Buffalo County,NE,2016,0.4304,0.8104,0.2832,0.6322,4.91,200
31019,Buffalo County,NE,2017,0.4283,0.8001,0.2882,0.6465,4.4,212
31019,Buffalo County,NE,2018,0.4119,0.8228,0.2826,0.6638,0.4,204
31019,Buffalo County,NE,2019,0.4226,0.8365,0.2902,0.6624,3.01,209
31019,Buffalo County,NE,2020,0.3787,0.8021,0.2697,0.6549,-7.69,202
31019,Buffalo County,NE,2021,0.4221,0.8139,0.2873,0.6457,2.89,204
31019,Buffalo County,NE,2022,0.3912,0.771,0.2686,0.5994,-4.65,206
31019,Buffalo County,NE,2023,0.3984,0.8195,0.2639,0.6331,-2.89,197
31019,Buffalo County,NE,2024,0.4272,0.8209,0.2951,0.6738,4.13,207
31019,Buffalo County,NE,2025,0.4553,0.8578,0.3077,0.6747,10.98,211
31021,Burt County,NE,2000,0.416,0.8811,0.2776,0.74,4.86,202
31021,Burt County,NE,2001,0.3747,0.8529,0.242,0.6826,-5.55,216
31021,Burt County,NE,2002,0.3897,0.8176,0.2419,0.6022,-1.77,216
31021,Burt County,NE,2003,0.3839,0.8458,0.2491,0.6597,-3.23,215
31021,Burt County,NE,2004,0.4022,0.8701,0.2658,0.7298,1.38,213
31021,Burt County,NE,2005,0.3848,0.8459,0.2457,0.6481,-3.01,209
31021,Burt County,NE,2006,0.4259,0.851,0.279,0.6894,7.35,214
31021,Burt County,NE,2007,0.3782,0.8587,0.2452,0.6748,-4.67,217
31021,Burt County,NE,2008,0.3743,0.8639,0.2423,0.6739,-5.65,217
31021,Burt County,NE,2009,0.3952,0.8839,0.2755,0.7539,-0.39,215
31021,Burt County,NE,2010,0.3667,0.8777,0.253,0.7318,-7.57,213
31021,Burt County,NE,2011,0.3832,0.8565,0.2603,0.7066,-3.41,215
31021,Burt County,NE,2012,0.3787,0.8315,0.2543,0.6643,-4.54,196
31021,Burt County,NE,2013,0.4036,0.8833,0.2756,0.7337,1.73,227
31021,Burt County,NE,2014,0.4068,0.8648,0.2765,0.6937,2.54,230
31021,Burt County,NE,2015,0.4182,0.8969,0.2904,0.7617,5.41,217
31021,Burt County,NE,2016,0.4006,0.8861,0.2726,0.7368,0.98,216
31021,Burt County,NE,2017,0.4327,0.8848,0.2901,0.7254,9.07,223
31021,Burt County,NE,2018,0.381,0.8777,0.2622,0.7365,-3.97,207
31021,Burt County,NE,2019,0.4122,0.8679,0.28,0.7095,3.9,219
31021,Burt County,NE,2020,0.3883,0.8785,0.2717,0.7544,-2.13,206
31021,Burt County,NE,2021,0.405,0.8994,0.2845,0.7655,2.08,211
31021,Burt County,NE,2022,0.4013,0.8709,0.2805,0.7046,1.15,207
31021,Burt County,NE,2023,0.3831,0.8749,0.2674,0.7386,-3.44,210
31021,Burt County,NE,2024,0.3988,0.8816,0.2726,0.738,0.52,216
31021,Burt County,NE,2025,0.4299,0.9155,0.301,0.8219,8.36,213
31023,Butler County,NE,2000,0.4231,0.8471,0.275,0.6527,1.93,202
31023,Butler County,NE,2001,0.3891,0.8126,0.2435,0.6217,-6.26,204
31023,Butler County,NE,2002,0.3948,0.7801,0.247,0.5876,-4.89,204
31023,Butler County,NE,2003,0.4071,0.8073,0.2625,0.6205,-1.92,205
31023,Butler County,NE,2004,0.4156,0.8559,0.2705,0.6908,0.12,208
31023,Butler County,NE,2005,0.3938,0.8206,0.2546,0.6463,-5.13,203
31023,Butler County,NE,2006,0.4385,0.8453,0.2816,0.6554,5.64,217
31023,Butler County,NE,2007,0.4001,0.8544,0.2623,0.6845,-3.61,216
31023,Butler County,NE,2008,0.3905,0.8462,0.2571,0.6636,-5.92,216
31023,Butler County,NE,2009,0.4224,0.8693,0.281,0.6938,1.76,211
31023,Butler County,NE,2010,0.3934,0.8667,0.2699,0.708,-5.22,209
31023,Butler County,NE,2011,0.4168,0.8725,0.29,0.7351,0.41,216
31023,Butler County,NE,2012,0.3954,0.8146,0.2647,0.6542,-4.74,193
31023,Butler County,NE,2013,0.4094,0.8632,0.278,0.7125,-1.37,216
31023,Butler County,NE,2014,0.4332,0.8707,0.2994,0.7231,4.36,219
31023,Butler County,NE,2015,0.4327,0.8857,0.2984,0.7331,4.24,214
31023,Butler County,NE,2016,0.4257,0.8799,0.288,0.7213,2.56,213
31023,Butler County,NE,2017,0.4414,0.8708,0.2981,0.7187,6.34,220
31023,Butler County,NE,2018,0.4117,0.8808,0.28,0.7325,-0.82,207
31023,Butler County,NE,2019,0.4352,0.8866,0.2975,0.7222,4.85,220
31023,Butler County,NE,2020,0.4033,0.8873,0.2868,0.7497,-2.84,209
31023,Butler County,NE,2021,0.4244,0.8799,0.2946,0.7391,2.24,215
31023,Butler County,NE,2022,0.415,0.8461,0.2919,0.6858,-0.02,207
31023,Butler County,NE,2023,0.403,0.8873,0.2764,0.733,-2.91,210
31023,Butler County,NE,2024,0.4281,0.8826,0.2972,0.7357,3.14,219
31023,Butler County,NE,2025,0.4485,0.907,0.3126,0.7567,8.05,208
31025,Cass County,NE,2000,0.4324,0.865,0.2827,0.688,3.31,203
31025,Cass County,NE,2001,0.3978,0.8284,0.2505,0.6316,-4.96,208
31025,Cass County,NE,2002,0.4195,0.7551,0.2595,0.5547,0.23,222
31025,Cass County,NE,2003,0.3951,0.796,0.2501,0.6056,-5.6,206
31025,Cass County,NE,2004,0.4215,0.8608,0.28,0.7133,0.7,212
31025,Cass County,NE,2005,0.399,0.8461,0.2635,0.6715,-4.67,217
31025,Cass County,NE,2006,0.4404,0.8339,0.2857,0.6627,5.22,215
31025,Cass County,NE,2007,0.3912,0.8322,0.2551,0.6505,-6.54,223
31025,Cass County,NE,2008,0.4026,0.8358,0.2643,0.6602,-3.81,216
31025,Cass County,NE,2009,0.4253,0.8746,0.2886,0.7204,1.61,211
31025,Cass County,NE,2010,0.3991,0.8641,0.279,0.7239,-4.65,211
31025,Cass County,NE,2011,0.4067,0.8515,0.2791,0.6935,-2.83,213
31025,Cass County,NE,2012,0.3939,0.7849,0.2604,0.6128,-5.89,194
31025,Cass County,NE,2013,0.4292,0.8558,0.2806,0.7113,2.54,217
31025,Cass County,NE,2014,0.4373,0.8604,0.2929,0.697,4.48,213
31025,Cass County,NE,2015,0.4385,0.8816,0.3027,0.738,4.77,219
31025,Cass County,NE,2016,0.4412,0.884,0.3,0.7288,5.41,217
31025,Cass County,NE,2017,0.4437,0.8763,0.2985,0.7169,6.01,215
31025,Cass County,NE,2018,0.4207,0.8744,0.2825,0.7214,0.51,206
31025,Cass County,NE,2019,0.4179,0.8799,0.2853,0.7189,-0.16,221
31025,Cass County,NE,2020,0.4122,0.8783,0.2871,0.7487,-1.52,214
31025,Cass County,NE,2021,0.4136,0.8733,0.2882,0.7258,-1.18,214
31025,Cass County,NE,2022,0.401,0.8256,0.2767,0.6491,-4.19,208
31025,Cass County,NE,2023,0.4294,0.8849,0.2991,0.7706,2.59,214
31025,Cass County,NE,2024,0.4291,0.8818,0.2957,0.7315,2.52,209
31025,Cass County,NE,2025,0.4441,0.9009,0.3064,0.7596,6.1,204
31027,Cedar County,NE,2000,0.4113,0.8168,0.2712,0.6286,1.02,218
31027,Cedar County,NE,2001,0.3907,0.8335,0.2557,0.6622,-4.04,210
31027,Cedar County,NE,2002,0.4172,0.7968,0.2722,0.6114,2.47,224
31027,Cedar County,NE,2003,0.4143,0.8092,0.2721,0.6267,1.76,207
31027,Cedar County,NE,2004,0.4289,0.8376,0.2856,0.6933,5.34,207
31027,Cedar County,NE,2005,0.4148,0.8341,0.2765,0.6718,1.88,208
31027,Cedar County,NE,2006,0.4478,0.8148,0.293,0.6406,9.98,208
31027,Cedar County,NE,2007,0.3857,0.8055,0.2505,0.6267,-5.27,207
31027,Cedar County,NE,2008,0.3772,0.832,0.2509,0.6579,-7.36,207
31027,Cedar County,NE,2009,0.4087,0.8548,0.2741,0.68,0.38,209
31027,Cedar County,NE,2010,0.3799,0.8714,0.2651,0.7261,-6.69,208
31027,Cedar County,NE,2011,0.3971,0.8646,0.2736,0.7025,-2.47,211
31027,Cedar County,NE,2012,0.3702,0.7573,0.2498,0.6044,-9.08,187
31027,Cedar County,NE,2013,0.4024,0.8666,0.2748,0.7218,-1.17,220
31027,Cedar County,NE,2014,0.4274,0.8734,0.3012,0.7315,4.97,223
31027,Cedar County,NE,2015,0.4237,0.8752,0.2965,0.743,4.06,208
31027,Cedar County,NE,2016,0.4108,0.8577,0.2816,0.7085,0.9,207
31027,Cedar County,NE,2017,0.4345,0.8457,0.2911,0.6681,6.72,225
31027,Cedar County,NE,2018,0.378,0.8798,0.2634,0.7258,-7.16,210
31027,Cedar County,NE,2019,0.4053,0.8792,0.2828,0.7288,-0.45,217
31027,Cedar County,NE,2020,0.4039,0.8687,0.2846,0.7108,-0.8,210
31027,Cedar County,NE,2021,0.4125,0.8628,0.2845,0.711,1.31,208
31027,Cedar County,NE,2022,0.3932,0.8338,0.2696,0.6597,-3.43,211
31027,Cedar County,NE,2023,0.3953,0.8773,0.2728,0.7305,-2.91,211
31027,Cedar County,NE,2024,0.4174,0.8749,0.2922,0.7178,2.52,216
31027,Cedar County,NE,2025,0.4377,0.9005,0.3077,0.7415,7.5,218
31029,Chase County,NE,2000,0.3482,0.6126,0.2278,0.4685,-1.36,193
31029,Chase County,NE,2001,0.3624,0.6829,0.2314,0.5183,2.66,191
31029,Chase County,NE,2002,0.3325,0.5994,0.2253,0.4786,-5.81,210
31029,Chase County,NE,2003,0.3556,0.6666,0.2358,0.5081,0.73,183
31029,Chase County,NE,2004,0.3645,0.6862,0.2355,0.513,3.25,216
31029,Chase County,NE,2005,0.355,0.6791,0.2311,0.5176,0.56,195
31029,Chase County,NE,2006,0.3562,0.6579,0.2331,0.4964,0.9,210
31029,Chase County,NE,2007,0.3122,0.6827,0.2038,0.5109,-11.56,192
31029,Chase County,NE,2008,0.3561,0.6756,0.2326,0.5063,0.87,201
31029,Chase County,NE,2009,0.3558,0.6919,0.228,0.5048,0.79,188
31029,Chase County,NE,2010,0.3688,0.7054,0.2415,0.5387,4.47,201
31029,Chase County,NE,2011,0.352,0.6819,0.2276,0.4887,-0.29,205
31029,Chase County,NE,2012,0.3205,0.6185,0.2187,0.4762,-9.21,173
31029,Chase County,NE,2013,0.3374,0.6679,0.2227,0.5086,-4.42,204
31029,Chase County,NE,2014,0.3698,0.7029,0.2482,0.5398,4.75,202
31029,Chase County,NE,2015,0.3569,0.6986,0.2317,0.532,1.1,200
31029,Chase County,NE,2016,0.375,0.6947,0.2447,0.5273,6.23,196
31029,Chase County,NE,2017,0.3679,0.6745,0.241,0.5115,4.22,202
31029,Chase County,NE,2018,0.3587,0.7123,0.2334,0.5362,1.61,199
31029,Chase County,NE,2019,0.3578,0.7104,0.2385,0.5475,1.36,210
31029,Chase County,NE,2020,0.3421,0.6661,0.231,0.5084,-3.09,209
31029,Chase County,NE,2021,0.3638,0.6962,0.2492,0.5458,3.05,188
31029,Chase County,NE,2022,0.314,0.5882,0.2173,0.459,-11.05,198
31029,Chase County,NE,2023,0.322,0.7253,0.2132,0.5506,-8.79,196
31029,Chase County,NE,2024,0.3602,0.6853,0.2314,0.4999,2.04,212
31029,Chase County,NE,2025,0.413,0.7268,0.2653,0.5477,16.99,212
31031,Cherry County,NE,2000,0.3098,0.5218,0.1909,0.3441,-2.93,185
31031,Cherry County,NE,2001,0.2966,0.5614,0.1804,0.3761,-7.06,199
31031,Cherry County,NE,2002,0.2807,0.4388,0.1777,0.2986,-12.05,191
31031,Cherry County,NE,2003,0.3029,0.5493,0.193,0.3792,-5.09,176
31031,Cherry County,NE,2004,0.3231,0.5214,0.1998,0.3426,1.24,205
31031,Cherry County,NE,2005,0.3312,0.5669,0.2031,0.3755,3.78,177
31031,Cherry County,NE,2006,0.308,0.5031,0.1904,0.3273,-3.49,191
31031,Cherry County,NE,2007,0.2889,0.5377,0.1818,0.3731,-9.48,172
31031,Cherry County,NE,2008,0.318,0.5413,0.1996,0.3657,-0.36,190
31031,Cherry County,NE,2009,0.328,0.5738,0.2053,0.3851,2.77,196
31031,Cherry County,NE,2010,0.3222,0.5858,0.198,0.3901,0.96,186
31031,Cherry County,NE,2011,0.33,0.6009,0.2022,0.3972,3.4,200
31031,Cherry County,NE,2012,0.2837,0.4595,0.1811,0.3089,-11.11,156
31031,Cherry County,NE,2013,0.3068,0.6009,0.1925,0.4031,-3.87,208
31031,Cherry County,NE,2014,0.3311,0.5609,0.2051,0.3747,3.75,191
31031,Cherry County,NE,2015,0.3396,0.6276,0.2057,0.4025,6.41,189
31031,Cherry County,NE,2016,0.335,0.5943,0.2007,0.3821,4.97,202
31031,Cherry County,NE,2017,0.3356,0.5389,0.2024,0.355,5.16,205
31031,Cherry County,NE,2018,0.3192,0.6056,0.1926,0.3958,0.02,192
31031,Cherry County,NE,2019,0.3228,0.599,0.1944,0.3891,1.14,206
31031,Cherry County,NE,2020,0.3371,0.5804,0.2101,0.3822,5.63,200
31031,Cherry County,NE,2021,0.3438,0.547,0.2107,0.3624,7.72,190
31031,Cherry County,NE,2022,0.3012,0.5052,0.1873,0.3303,-5.62,186
31031,Cherry County,NE,2023,0.3134,0.6163,0.1917,0.4127,-1.8,192
31031,Cherry County,NE,2024,0.3294,0.5995,0.1978,0.3893,3.21,186
31031,Cherry County,NE,2025,0.3597,0.6265,0.213,0.4156,12.71,195
31033,Cheyenne County,NE,2000,0.2849,0.4915,0.1808,0.36,-5.11,160
31033,Cheyenne County,NE,2001,0.2916,0.5709,0.1808,0.4131,-2.88,188
31033,Cheyenne County,NE,2002,0.2854,0.4461,0.1868,0.3202,-4.95,215
31033,Cheyenne County,NE,2003,0.3084,0.5657,0.1999,0.413,2.71,170
31033,Cheyenne County,NE,2004,0.3231,0.533,0.2015,0.3782,7.61,214
31033,Cheyenne County,NE,2005,0.3344,0.5742,0.2092,0.4074,11.37,184
31033,Cheyenne County,NE,2006,0.2999,0.5002,0.1897,0.3565,-0.12,183
31033,Cheyenne County,NE,2007,0.2718,0.585,0.1707,0.4313,-9.48,171
31033,Cheyenne County,NE,2008,0.2906,0.5377,0.1799,0.3672,-3.21,201
31033,Cheyenne County,NE,2009,0.3076,0.5729,0.1909,0.3881,2.45,182
31033,Cheyenne County,NE,2010,0.3037,0.5731,0.1914,0.4064,1.15,185
31033,Cheyenne County,NE,2011,0.3202,0.5823,0.203,0.4098,6.64,195
31033,Cheyenne County,NE,2012,0.2586,0.464,0.1701,0.3342,-13.87,150
31033,Cheyenne County,NE,2013,0.2833,0.5009,0.1794,0.3575,-5.65,216
31033,Cheyenne County,NE,2014,0.3146,0.5911,0.2013,0.4313,4.78,198
31033,Cheyenne County,NE,2015,0.3104,0.5939,0.1935,0.4146,3.38,186
31033,Cheyenne County,NE,2016,0.3114,0.5846,0.1976,0.418,3.71,186
31033,Cheyenne County,NE,2017,0.3161,0.5455,0.2011,0.3911,5.28,179
31033,Cheyenne County,NE,2018,0.3079,0.5907,0.1911,0.4169,2.55,176
31033,Cheyenne County,NE,2019,0.3116,0.594,0.197,0.4183,3.78,192
31033,Cheyenne County,NE,2020,0.2751,0.505,0.1829,0.3716,-8.38,178
31033,Cheyenne County,NE,2021,0.295,0.5519,0.1946,0.4042,-1.75,193
31033,Cheyenne County,NE,2022,0.2605,0.4516,0.1736,0.336,-13.24,179
31033,Cheyenne County,NE,2023,0.2939,0.6309,0.1884,0.4869,-2.11,198
31033,Cheyenne County,NE,2024,0.316,0.5628,0.2009,0.4065,5.25,196
31033,Cheyenne County,NE,2025,0.3305,0.5993,0.2071,0.4214,10.07,213
31035,Clay County,NE,2000,0.4268,0.8541,0.2847,0.6854,2.07,205
31035,Clay County,NE,2001,0.403,0.8388,0.2599,0.6695,-3.62,207
31035,Clay County,NE,2002,0.4054,0.8004,0.2594,0.6295,-3.05,204
31035,Clay County,NE,2003,0.4275,0.8307,0.2775,0.6628,2.23,204
31035,Clay County,NE,2004,0.4156,0.8458,0.2729,0.6765,-0.61,204
31035,Clay County,NE,2005,0.4105,0.846,0.2706,0.6818,-1.83,208
31035,Clay County,NE,2006,0.4296,0.8505,0.2846,0.6818,2.74,211
31035,Clay County,NE,2007,0.401,0.8476,0.2686,0.7004,-4.1,206
31035,Clay County,NE,2008,0.4068,0.8641,0.27,0.6855,-2.72,211
31035,Clay County,NE,2009,0.4142,0.8565,0.2798,0.6904,-0.95,204
31035,Clay County,NE,2010,0.3891,0.8742,0.2692,0.7239,-6.95,202
31035,Clay County,NE,2011,0.4125,0.8777,0.2919,0.7486,-1.35,211
31035,Clay County,NE,2012,0.4059,0.8389,0.2821,0.6917,-2.93,197
31035,Clay County,NE,2013,0.4064,0.8646,0.2787,0.7146,-2.81,220
31035,Clay County,NE,2014,0.4367,0.8799,0.3042,0.738,4.43,207
31035,Clay County,NE,2015,0.4277,0.8821,0.2936,0.7289,2.28,206
31035,Clay County,NE,2016,0.4228,0.8652,0.2839,0.7004,1.11,206
31035,Clay County,NE,2017,0.4347,0.8668,0.2969,0.7226,3.96,214
31035,Clay County,NE,2018,0.431,0.8866,0.297,0.75,3.07,204
31035,Clay County,NE,2019,0.4237,0.8874,0.2915,0.7239,1.33,213
31035,Clay County,NE,2020,0.4126,0.8738,0.2916,0.7265,-1.33,208
31035,Clay County,NE,2021,0.426,0.8898,0.2989,0.75,1.88,200
31035,Clay County,NE,2022,0.4112,0.8639,0.2895,0.699,-1.66,208
31035,Clay County,NE,2023,0.4101,0.8661,0.2806,0.7255,-1.93,206
31035,Clay County,NE,2024,0.4269,0.8829,0.2963,0.73,2.09,206
31035,Clay County,NE,2025,0.4544,0.9076,0.3165,0.7592,8.67,208
31037,Colfax County,NE,2000,0.4173,0.8567,0.2743,0.6788,0.99,205
31037,Colfax County,NE,2001,0.3931,0.8442,0.2551,0.6687,-4.87,211
31037,Colfax County,NE,2002,0.3927,0.7793,0.2499,0.5976,-4.97,210
31037,Colfax County,NE,2003,0.4079,0.8284,0.2684,0.6275,-1.29,214
31037,Colfax County,NE,2004,0.4223,0.8653,0.2819,0.7315,2.2,213
31037,Colfax County,NE,2005,0.4015,0.835,0.2657,0.6702,-2.84,203
31037,Colfax County,NE,2006,0.4395,0.8547,0.2869,0.6701,6.36,216
31037,Colfax County,NE,2007,0.4007,0.8576,0.2658,0.6945,-3.03,217
31037,Colfax County,NE,2008,0.3867,0.8429,0.2544,0.6515,-6.42,215
31037,Colfax County,NE,2009,0.4174,0.8778,0.2832,0.713,1.01,215
31037,Colfax County,NE,2010,0.387,0.8706,0.2643,0.7019,-6.35,209
31037,Colfax County,NE,2011,0.4061,0.8667,0.2853,0.741,-1.72,215
31037,Colfax County,NE,2012,0.3833,0.7935,0.2581,0.6383,-7.24,192
31037,Colfax County,NE,2013,0.4134,0.8817,0.2815,0.7173,0.04,220
31037,Colfax County,NE,2014,0.4281,0.8728,0.3002,0.7262,3.6,223
31037,Colfax County,NE,2015,0.4388,0.8919,0.3064,0.7452,6.19,210
31037,Colfax County,NE,2016,0.4243,0.8829,0.2941,0.7372,2.68,213
31037,Colfax County,NE,2017,0.4468,0.8779,0.3035,0.7132,8.13,225
31037,Colfax County,NE,2018,0.4064,0.8874,0.284,0.743,-1.65,212
31037,Colfax County,NE,2019,0.4314,0.881,0.2983,0.7142,4.4,222
31037,Colfax County,NE,2020,0.4012,0.88,0.2841,0.7354,-2.91,210
31037,Colfax County,NE,2021,0.4212,0.8836,0.295,0.7462,1.93,214
31037,Colfax County,NE,2022,0.4066,0.8474,0.2846,0.6715,-1.6,206
31037,Colfax County,NE,2023,0.4031,0.8887,0.2817,0.7569,-2.45,214
31037,Colfax County,NE,2024,0.4196,0.8797,0.2953,0.7416,1.54,226
31037,Colfax County,NE,2025,0.4473,0.9039,0.3161,0.7725,8.25,212
31039,Cuming County,NE,2000,0.4137,0.8743,0.2803,0.7129,0.82,202
31039,Cuming County,NE,2001,0.396,0.8609,0.2667,0.7165,-3.49,215
31039,Cuming County,NE,2002,0.3958,0.8179,0.2571,0.6201,-3.54,220
31039,Cuming County,NE,2003,0.4046,0.8387,0.2704,0.6531,-1.4,215
31039,Cuming County,NE,2004,0.4195,0.8754,0.2863,0.7599,2.24,214
31039,Cuming County,NE,2005,0.4113,0.8626,0.2754,0.695,0.24,209
31039,Cuming County,NE,2006,0.4469,0.8674,0.3011,0.7134,8.91,216
31039,Cuming County,NE,2007,0.3963,0.8679,0.2666,0.701,-3.42,217
31039,Cuming County,NE,2008,0.3786,0.8497,0.2533,0.6764,-7.73,213
31039,Cuming County,NE,2009,0.4072,0.8922,0.2867,0.7591,-0.76,210
31039,Cuming County,NE,2010,0.3827,0.8912,0.2709,0.7512,-6.73,212
31039,Cuming County,NE,2011,0.4047,0.8851,0.285,0.7565,-1.37,214
31039,Cuming County,NE,2012,0.3771,0.8024,0.2556,0.6488,-8.1,192
31039,Cuming County,NE,2013,0.4174,0.8958,0.2923,0.7602,1.72,226
31039,Cuming County,NE,2014,0.4224,0.8815,0.2998,0.7378,2.94,232
31039,Cuming County,NE,2015,0.4342,0.9013,0.3093,0.7825,5.82,214
31039,Cuming County,NE,2016,0.4197,0.8933,0.2973,0.77,2.28,211
31039,Cuming County,NE,2017,0.4427,0.8926,0.3096,0.7532,7.89,227
31039,Cuming County,NE,2018,0.3957,0.8893,0.2804,0.764,-3.56,210
31039,Cuming County,NE,2019,0.4273,0.8828,0.3006,0.7372,4.14,216
31039,Cuming County,NE,2020,0.399,0.8717,0.2808,0.7243,-2.76,209
31039,Cuming County,NE,2021,0.4147,0.896,0.2943,0.7735,1.07,211
31039,Cuming County,NE,2022,0.403,0.8593,0.2847,0.6936,-1.79,209
31039,Cuming County,NE,2023,0.3934,0.8754,0.2747,0.7387,-4.13,208
31039,Cuming County,NE,2024,0.4191,0.8937,0.3012,0.7721,2.14,218
31039,Cuming County,NE,2025,0.4455,0.9164,0.3197,0.7979,8.57,212
31041,Custer County,NE,2000,0.3432,0.6295,0.2197,0.4418,-15.25,191
31041,Custer County,NE,2001,0.3871,0.7154,0.2451,0.5304,-4.41,189
31041,Custer County,NE,2002,0.365,0.5993,0.2333,0.4274,-9.87,208
31041,Custer County,NE,2003,0.4008,0.723,0.2594,0.5378,-1.03,177
31041,Custer County,NE,2004,0.4079,0.6775,0.2529,0.4725,0.72,199
31041,Custer County,NE,2005,0.3985,0.7305,0.2492,0.5278,-1.6,188
31041,Custer County,NE,2006,0.3935,0.6478,0.2508,0.4558,-2.83,224
31041,Custer County,NE,2007,0.3851,0.7435,0.2493,0.5499,-4.91,189
31041,Custer County,NE,2008,0.416,0.7298,0.2677,0.528,2.72,192
31041,Custer County,NE,2009,0.4289,0.7596,0.2779,0.5586,5.91,196
31041,Custer County,NE,2010,0.43,0.7639,0.2824,0.5724,6.18,196
31041,Custer County,NE,2011,0.402,0.7634,0.2632,0.5686,-0.74,194
31041,Custer County,NE,2012,0.3561,0.6478,0.2359,0.4768,-12.07,160
31041,Custer County,NE,2013,0.4147,0.7648,0.2701,0.5741,2.4,196
31041,Custer County,NE,2014,0.4202,0.7396,0.27,0.527,3.76,207
31041,Custer County,NE,2015,0.4201,0.7535,0.2705,0.5585,3.73,193
31041,Custer County,NE,2016,0.4366,0.7611,0.2761,0.5469,7.81,197
31041,Custer County,NE,2017,0.4205,0.6927,0.2655,0.5058,3.83,193
31041,Custer County,NE,2018,0.4076,0.7808,0.2625,0.5616,0.65,193
31041,Custer County,NE,2019,0.4209,0.7886,0.2807,0.5827,3.93,206
31041,Custer County,NE,2020,0.3964,0.7466,0.2697,0.5576,-2.12,199
31041,Custer County,NE,2021,0.4263,0.7268,0.276,0.5361,5.27,192
31041,Custer County,NE,2022,0.3801,0.6976,0.2528,0.5057,-6.14,203
31041,Custer County,NE,2023,0.3804,0.76,0.2406,0.557,-6.07,195
31041,Custer County,NE,2024,0.4273,0.7769,0.2766,0.5936,5.51,195
31041,Custer County,NE,2025,0.4642,0.8001,0.2907,0.5734,14.62,206
31043,Dakota County,NE,2000,0.4181,0.8561,0.2841,0.6965,3.25,204
31043,Dakota County,NE,2001,0.3849,0.8467,0.257,0.6997,-4.94,210
31043,Dakota County,NE,2002,0.4039,0.8296,0.2609,0.6494,-0.25,213
31043,Dakota County,NE,2003,0.3962,0.8379,0.2631,0.669,-2.15,209
31043,Dakota County,NE,2004,0.4135,0.8575,0.276,0.7199,2.12,208
31043,Dakota County,NE,2005,0.4078,0.857,0.2726,0.7111,0.71,203
31043,Dakota County,NE,2006,0.4393,0.8512,0.2915,0.6886,8.49,212
31043,Dakota County,NE,2007,0.3929,0.8505,0.2603,0.6826,-2.97,214
31043,Dakota County,NE,2008,0.3845,0.8598,0.2598,0.6861,-5.04,211
31043,Dakota County,NE,2009,0.3977,0.8661,0.2762,0.7314,-1.78,213
31043,Dakota County,NE,2010,0.3753,0.8802,0.2579,0.7448,-7.32,208
31043,Dakota County,NE,2011,0.3827,0.8503,0.2553,0.6746,-5.49,207
31043,Dakota County,NE,2012,0.3883,0.807,0.2588,0.6465,-4.11,192
31043,Dakota County,NE,2013,0.4112,0.8771,0.2802,0.7372,1.55,224
31043,Dakota County,NE,2014,0.4132,0.869,0.2881,0.7231,2.04,222
31043,Dakota County,NE,2015,0.4181,0.8897,0.2937,0.7789,3.25,213
31043,Dakota County,NE,2016,0.402,0.8713,0.2798,0.7383,-0.72,210
31043,Dakota County,NE,2017,0.4325,0.8584,0.2878,0.6858,6.81,222
31043,Dakota County,NE,2018,0.3907,0.8826,0.2721,0.7336,-3.51,208
31043,Dakota County,NE,2019,0.4253,0.8848,0.2992,0.7597,5.03,214
31043,Dakota County,NE,2020,0.4123,0.8831,0.2913,0.7435,1.82,212
31043,Dakota County,NE,2021,0.4097,0.8764,0.2809,0.7293,1.18,205
31043,Dakota County,NE,2022,0.3946,0.8459,0.2673,0.6553,-2.55,211
31043,Dakota County,NE,2023,0.3797,0.8793,0.2643,0.7575,-6.23,208
31043,Dakota County,NE,2024,0.4205,0.888,0.2948,0.7464,3.85,219
31043,Dakota County,NE,2025,0.4331,0.9035,0.305,0.7691,6.96,218
31045,Dawes County,NE,2000,0.3208,0.5578,0.1967,0.3785,1.25,160
31045,Dawes County,NE,2001,0.3058,0.5848,0.1831,0.3684,-3.49,169
31045,Dawes County,NE,2002,0.2854,0.4504,0.1728,0.2896,-9.93,202
31045,Dawes County,NE,2003,0.3415,0.6232,0.2078,0.403,7.78,163
31045,Dawes County,NE,2004,0.3352,0.5215,0.2008,0.3213,5.79,278
31045,Dawes County,NE,2005,0.3662,0.6164,0.2183,0.3927,15.57,172
31045,Dawes County,NE,2006,0.3113,0.4911,0.1838,0.3168,-1.75,194
31045,Dawes County,NE,2007,0.2752,0.5256,0.1636,0.3403,-13.15,147
31045,Dawes County,NE,2008,0.3071,0.5992,0.1843,0.39,-3.08,168
31045,Dawes County,NE,2009,0.3246,0.605,0.193,0.3849,2.44,172
31045,Dawes County,NE,2010,0.3136,0.6216,0.1921,0.418,-1.03,176
31045,Dawes County,NE,2011,0.3297,0.6241,0.1996,0.3991,4.05,180
31045,Dawes County,NE,2012,0.256,0.4377,0.1602,0.2844,-19.21,137
31045,Dawes County,NE,2013,0.2886,0.544,0.1781,0.375,-8.92,184
31045,Dawes County,NE,2014,0.3691,0.668,0.2233,0.4646,16.49,162
31045,Dawes County,NE,2015,0.3449,0.6328,0.2095,0.4121,8.85,183
31045,Dawes County,NE,2016,0.3013,0.5365,0.1835,0.3537,-4.91,165
31045,Dawes County,NE,2017,0.3262,0.5956,0.1951,0.3926,2.95,166
31045,Dawes County,NE,2018,0.3165,0.6064,0.1876,0.3964,-0.11,171
31045,Dawes County,NE,2019,0.3305,0.6481,0.1975,0.4366,4.31,185
31045,Dawes County,NE,2020,0.2913,0.5556,0.1833,0.3709,-8.06,155
31045,Dawes County,NE,2021,0.3028,0.5622,0.1896,0.3744,-4.44,159
31045,Dawes County,NE,2022,0.3039,0.5403,0.1871,0.3712,-4.09,163
31045,Dawes County,NE,2023,0.3449,0.6354,0.209,0.4417,8.85,185
31045,Dawes County,NE,2024,0.307,0.566,0.1844,0.3883,-3.11,159
31045,Dawes County,NE,2025,0.3388,0.6198,0.1967,0.3837,6.93,177
31047,Dawson County,NE,2000,0.3699,0.7063,0.2439,0.5287,-10.06,191
31047,Dawson County,NE,2001,0.3957,0.7705,0.2532,0.5849,-3.78,193
31047,Dawson County,NE,2002,0.3796,0.6717,0.2514,0.5146,-7.7,212
31047,Dawson County,NE,2003,0.4165,0.7776,0.2771,0.6082,1.27,189
31047,Dawson County,NE,2004,0.4217,0.7502,0.2736,0.562,2.54,204
31047,Dawson County,NE,2005,0.4129,0.7707,0.2696,0.591,0.4,197
31047,Dawson County,NE,2006,0.4198,0.7544,0.2792,0.5727,2.08,223
31047,Dawson County,NE,2007,0.3867,0.7991,0.2589,0.6174,-5.97,200
31047,Dawson County,NE,2008,0.4104,0.7906,0.2709,0.5941,-0.21,205
31047,Dawson County,NE,2009,0.4324,0.8124,0.2912,0.6332,5.14,196
31047,Dawson County,NE,2010,0.4257,0.8111,0.2856,0.6415,3.51,199
31047,Dawson County,NE,2011,0.4097,0.8102,0.2765,0.6354,-0.38,205
31047,Dawson County,NE,2012,0.3778,0.7128,0.2593,0.5542,-8.14,179
31047,Dawson County,NE,2013,0.4074,0.7909,0.2809,0.6343,-0.94,206
31047,Dawson County,NE,2014,0.4262,0.7953,0.2875,0.612,3.63,208
31047,Dawson County,NE,2015,0.4225,0.7978,0.2868,0.6319,2.73,199
31047,Dawson County,NE,2016,0.4315,0.8075,0.2865,0.6287,4.92,195
31047,Dawson County,NE,2017,0.4198,0.7693,0.2786,0.6029,2.08,199
31047,Dawson County,NE,2018,0.4043,0.8084,0.2732,0.6353,-1.69,197
31047,Dawson County,NE,2019,0.4227,0.8175,0.2894,0.6355,2.78,208
31047,Dawson County,NE,2020,0.3913,0.786,0.2723,0.6185,-4.85,200
31047,Dawson County,NE,2021,0.4314,0.7922,0.2926,0.6226,4.9,197
31047,Dawson County,NE,2022,0.384,0.7329,0.2681,0.5851,-6.63,198
31047,Dawson County,NE,2023,0.3925,0.8062,0.2572,0.619,-4.56,197
31047,Dawson County,NE,2024,0.4326,0.8086,0.2908,0.6463,5.19,204
31047,Dawson County,NE,2025,0.4679,0.8428,0.3072,0.6539,13.77,211
31049,Deuel County,NE,2000,0.3064,0.523,0.1895,0.371,-3.83,172
31049,Deuel County,NE,2001,0.3071,0.5826,0.1909,0.4283,-3.61,190
31049,Deuel County,NE,2002,0.3112,0.511,0.2012,0.3684,-2.32,205
31049,Deuel County,NE,2003,0.3263,0.6055,0.2081,0.4471,2.42,169
31049,Deuel County,NE,2004,0.3335,0.5633,0.2067,0.4023,4.68,212
31049,Deuel County,NE,2005,0.3305,0.5808,0.2062,0.4123,3.74,183
31049,Deuel County,NE,2006,0.3091,0.5184,0.1948,0.3756,-2.98,179
31049,Deuel County,NE,2007,0.2894,0.6211,0.1848,0.4673,-9.16,180
31049,Deuel County,NE,2008,0.3188,0.5745,0.199,0.3963,0.06,191
31049,Deuel County,NE,2009,0.3388,0.6041,0.2098,0.4192,6.34,174
31049,Deuel County,NE,2010,0.3241,0.5927,0.2049,0.4278,1.73,194
31049,Deuel County,NE,2011,0.3456,0.6145,0.2152,0.4254,8.48,197
31049,Deuel County,NE,2012,0.2713,0.4886,0.1781,0.3512,-14.85,143
31049,Deuel County,NE,2013,0.2917,0.5304,0.1858,0.383,-8.44,207
31049,Deuel County,NE,2014,0.3228,0.597,0.2058,0.4343,1.32,200
31049,Deuel County,NE,2015,0.3321,0.6438,0.2084,0.456,4.24,203
31049,Deuel County,NE,2016,0.3561,0.6509,0.2252,0.4731,11.77,185
31049,Deuel County,NE,2017,0.3402,0.5962,0.2149,0.4318,6.78,186
31049,Deuel County,NE,2018,0.3273,0.638,0.2027,0.4551,2.73,183
31049,Deuel County,NE,2019,0.3288,0.6494,0.2099,0.4796,3.2,198
31049,Deuel County,NE,2020,0.2977,0.5569,0.1983,0.4169,-6.56,182
31049,Deuel County,NE,2021,0.3331,0.6251,0.2218,0.466,4.55,194
31049,Deuel County,NE,2022,0.2658,0.467,0.1779,0.3493,-16.57,179
31049,Deuel County,NE,2023,0.2926,0.6635,0.1872,0.5067,-8.16,195
31049,Deuel County,NE,2024,0.3392,0.6329,0.2174,0.474,6.47,194
31049,Deuel County,NE,2025,0.344,0.6378,0.2174,0.4605,7.97,207
31051,Dixon County,NE,2000,0.4157,0.8293,0.2735,0.6492,2.92,208
31051,Dixon County,NE,2001,0.3871,0.8324,0.2519,0.6556,-4.16,210
31051,Dixon County,NE,2002,0.4188,0.8043,0.2712,0.6097,3.69,220
31051,Dixon County,NE,2003,0.4009,0.8045,0.262,0.619,-0.74,207
31051,Dixon County,NE,2004,0.4211,0.8366,0.2729,0.6813,4.26,206
31051,Dixon County,NE,2005,0.4094,0.8317,0.2701,0.6696,1.36,205
31051,Dixon County,NE,2006,0.4481,0.8257,0.2901,0.6385,10.95,212
31051,Dixon County,NE,2007,0.3881,0.8192,0.2485,0.6278,-3.91,213
31051,Dixon County,NE,2008,0.379,0.8443,0.2549,0.6636,-6.16,210
31051,Dixon County,NE,2009,0.3967,0.8498,0.2672,0.6844,-1.78,211
31051,Dixon County,NE,2010,0.3731,0.8738,0.2574,0.7245,-7.62,208
31051,Dixon County,NE,2011,0.3866,0.8567,0.2648,0.6954,-4.28,209
31051,Dixon County,NE,2012,0.3769,0.7678,0.2486,0.6002,-6.68,191
31051,Dixon County,NE,2013,0.3987,0.8634,0.2691,0.7,-1.28,226
31051,Dixon County,NE,2014,0.4226,0.8732,0.297,0.731,4.63,223
31051,Dixon County,NE,2015,0.4208,0.8858,0.2939,0.7482,4.19,209
31051,Dixon County,NE,2016,0.4048,0.8674,0.2803,0.7285,0.23,211
31051,Dixon County,NE,2017,0.434,0.8587,0.2935,0.687,7.46,226
31051,Dixon County,NE,2018,0.3781,0.8853,0.264,0.7271,-6.39,210
31051,Dixon County,NE,2019,0.4117,0.8836,0.2918,0.7496,1.93,217
31051,Dixon County,NE,2020,0.4011,0.8771,0.2859,0.7285,-0.69,211
31051,Dixon County,NE,2021,0.403,0.868,0.2769,0.7155,-0.22,204
31051,Dixon County,NE,2022,0.3924,0.8508,0.2697,0.6707,-2.84,214
31051,Dixon County,NE,2023,0.3887,0.8869,0.2719,0.7507,-3.76,209
31051,Dixon County,NE,2024,0.4122,0.8845,0.2908,0.7298,2.06,219
31051,Dixon County,NE,2025,0.4315,0.9053,0.3059,0.7591,6.84,217
31053,Dodge County,NE,2000,0.4198,0.8731,0.2751,0.7111,5.12,204
31053,Dodge County,NE,2001,0.3815,0.8437,0.2401,0.6677,-4.47,213
31053,Dodge County,NE,2002,0.3947,0.8154,0.2441,0.6144,-1.16,213
31053,Dodge County,NE,2003,0.3879,0.8132,0.2456,0.6182,-2.87,211
31053,Dodge County,NE,2004,0.404,0.8689,0.2659,0.7353,1.17,211
31053,Dodge County,NE,2005,0.3876,0.8405,0.2475,0.655,-2.94,209
31053,Dodge County,NE,2006,0.4275,0.8556,0.2744,0.6696,7.05,218
31053,Dodge County,NE,2007,0.3785,0.8585,0.2451,0.6778,-5.22,220
31053,Dodge County,NE,2008,0.3697,0.8386,0.2345,0.6453,-7.42,217
31053,Dodge County,NE,2009,0.4081,0.8818,0.2765,0.7321,2.19,210
31053,Dodge County,NE,2010,0.3727,0.8625,0.2501,0.6973,-6.67,215
31053,Dodge County,NE,2011,0.3923,0.8679,0.2644,0.7266,-1.76,216
31053,Dodge County,NE,2012,0.3818,0.8292,0.2567,0.6661,-4.39,196
31053,Dodge County,NE,2013,0.4,0.8785,0.2702,0.7268,0.16,224
31053,Dodge County,NE,2014,0.407,0.8548,0.2739,0.6877,1.92,228
31053,Dodge County,NE,2015,0.4205,0.8855,0.2889,0.7474,5.3,217
31053,Dodge County,NE,2016,0.4023,0.8732,0.2694,0.7174,0.74,216
31053,Dodge County,NE,2017,0.4339,0.8793,0.2876,0.7087,8.65,222
31053,Dodge County,NE,2018,0.3854,0.8729,0.2621,0.7198,-3.49,207
31053,Dodge County,NE,2019,0.417,0.8676,0.2809,0.6944,4.42,222
31053,Dodge County,NE,2020,0.3939,0.8767,0.2744,0.7413,-1.36,209
31053,Dodge County,NE,2021,0.4019,0.8754,0.2794,0.7402,0.64,214
31053,Dodge County,NE,2022,0.3974,0.8403,0.2723,0.6543,-0.49,207
31053,Dodge County,NE,2023,0.391,0.8841,0.2708,0.7581,-2.09,211
31053,Dodge County,NE,2024,0.4027,0.8696,0.2793,0.736,0.84,219
31053,Dodge County,NE,2025,0.4239,0.8966,0.2957,0.7867,6.15,211
31055,Douglas County,NE,2000,0.4307,0.7452,0.2832,0.5787,4.67,203
31055,Douglas County,NE,2001,0.3872,0.7117,0.2507,0.5497,-5.9,205
31055,Douglas County,NE,2002,0.4207,0.7019,0.2718,0.5366,2.24,216
31055,Douglas County,NE,2003,0.3846,0.6982,0.2529,0.5468,-6.53,193
31055,Douglas County,NE,2004,0.4226,0.7332,0.2786,0.5814,2.7,200
31055,Douglas County,NE,2005,0.3974,0.7092,0.261,0.5524,-3.42,197
31055,Douglas County,NE,2006,0.4368,0.7162,0.2789,0.5314,6.15,220
31055,Douglas County,NE,2007,0.3837,0.7162,0.2494,0.5372,-6.75,223
31055,Douglas County,NE,2008,0.3881,0.6957,0.2515,0.5232,-5.68,206
31055,Douglas County,NE,2009,0.4108,0.7379,0.2754,0.5888,-0.17,208
31055,Douglas County,NE,2010,0.3948,0.7296,0.2647,0.5716,-4.05,202
31055,Douglas County,NE,2011,0.4045,0.7331,0.2693,0.5769,-1.7,208
31055,Douglas County,NE,2012,0.3985,0.6891,0.2595,0.5337,-3.15,169
31055,Douglas County,NE,2013,0.4155,0.7268,0.2708,0.5734,0.98,213
31055,Douglas County,NE,2014,0.4213,0.7243,0.277,0.5709,2.39,215
31055,Douglas County,NE,2015,0.4355,0.7407,0.2878,0.591,5.84,207
31055,Douglas County,NE,2016,0.4222,0.733,0.2773,0.5753,2.61,211
31055,Douglas County,NE,2017,0.4436,0.7171,0.2844,0.5527,7.81,209
31055,Douglas County,NE,2018,0.4107,0.7263,0.2685,0.5651,-0.19,207
31055,Douglas County,NE,2019,0.4206,0.7252,0.2739,0.5551,2.22,211
31055,Douglas County,NE,2020,0.4001,0.7144,0.2655,0.5703,-2.77,197
31055,Douglas County,NE,2021,0.4137,0.7138,0.275,0.5598,0.54,208
31055,Douglas County,NE,2022,0.3984,0.6946,0.2651,0.5321,-3.18,195
31055,Douglas County,NE,2023,0.4057,0.7316,0.2623,0.5527,-1.4,213
31055,Douglas County,NE,2024,0.4252,0.7099,0.2763,0.5572,3.33,201
31055,Douglas County,NE,2025,0.4256,0.7247,0.2825,0.6038,3.43,204
31057,Dundy County,NE,2000,0.3188,0.5322,0.2062,0.3937,-5.24,184
31057,Dundy County,NE,2001,0.3455,0.621,0.2202,0.4629,2.7,187
31057,Dundy County,NE,2002,0.3056,0.5072,0.2053,0.3936,-9.16,218
31057,Dundy County,NE,2003,0.3339,0.6121,0.2205,0.4571,-0.75,173
31057,Dundy County,NE,2004,0.3425,0.6255,0.2185,0.4592,1.8,214
31057,Dundy County,NE,2005,0.3528,0.6142,0.2252,0.4499,4.87,187
31057,Dundy County,NE,2006,0.3276,0.5755,0.2094,0.4138,-2.62,211
31057,Dundy County,NE,2007,0.3061,0.6274,0.1968,0.4621,-9.02,197
31057,Dundy County,NE,2008,0.3253,0.5914,0.2079,0.4267,-3.31,193
31057,Dundy County,NE,2009,0.345,0.6409,0.2173,0.4546,2.55,185
31057,Dundy County,NE,2010,0.3507,0.6314,0.2212,0.4573,4.24,203
31057,Dundy County,NE,2011,0.3448,0.638,0.2155,0.4378,2.49,200
31057,Dundy County,NE,2012,0.3087,0.5364,0.2014,0.3933,-8.24,165
31057,Dundy County,NE,2013,0.3242,0.6033,0.2096,0.4414,-3.64,208
31057,Dundy County,NE,2014,0.3431,0.6307,0.2222,0.4524,1.98,200
31057,Dundy County,NE,2015,0.3489,0.6466,0.2205,0.4744,3.71,191
31057,Dundy County,NE,2016,0.3547,0.6174,0.2251,0.4479,5.43,192
31057,Dundy County,NE,2017,0.3525,0.6074,0.2217,0.437,4.78,193
31057,Dundy County,NE,2018,0.3516,0.6326,0.2212,0.4576,4.51,195
31057,Dundy County,NE,2019,0.3433,0.6357,0.2205,0.4627,2.04,208
31057,Dundy County,NE,2020,0.3275,0.6058,0.2148,0.4394,-2.65,213
31057,Dundy County,NE,2021,0.3326,0.622,0.2214,0.4648,-1.14,175
31057,Dundy County,NE,2022,0.2959,0.5098,0.1985,0.3739,-12.05,214
31057,Dundy County,NE,2023,0.3271,0.6817,0.2104,0.4863,-2.77,198
31057,Dundy County,NE,2024,0.3476,0.6214,0.2156,0.4307,3.32,204
31057,Dundy County,NE,2025,0.3909,0.6598,0.24,0.4658,16.19,208
31059,Fillmore County,NE,2000,0.4123,0.8561,0.2751,0.6943,0.99,206
31059,Fillmore County,NE,2001,0.3942,0.8448,0.247,0.6592,-3.44,211
31059,Fillmore County,NE,2002,0.4018,0.808,0.2523,0.6358,-1.58,205
31059,Fillmore County,NE,2003,0.4063,0.8314,0.2651,0.6794,-0.48,208
31059,Fillmore County,NE,2004,0.403,0.8573,0.2648,0.6865,-1.28,208
31059,Fillmore County,NE,2005,0.4014,0.8528,0.2635,0.6875,-1.68,212
31059,Fillmore County,NE,2006,0.4216,0.8605,0.2765,0.6915,3.27,211
31059,Fillmore County,NE,2007,0.3931,0.8634,0.2608,0.703,-3.71,211
31059,Fillmore County,NE,2008,0.3989,0.8706,0.2694,0.72,-2.29,213
31059,Fillmore County,NE,2009,0.4064,0.8778,0.2768,0.7206,-0.45,205
31059,Fillmore County,NE,2010,0.3802,0.8847,0.2639,0.7297,-6.87,205
31059,Fillmore County,NE,2011,0.4126,0.8921,0.29,0.7506,1.07,211
31059,Fillmore County,NE,2012,0.3929,0.8496,0.2696,0.6971,-3.76,198
31059,Fillmore County,NE,2013,0.4021,0.8777,0.2751,0.7332,-1.5,217
31059,Fillmore County,NE,2014,0.4243,0.8863,0.2973,0.7507,3.93,209
31059,Fillmore County,NE,2015,0.4136,0.8942,0.2817,0.7336,1.31,210
31059,Fillmore County,NE,2016,0.406,0.8894,0.2728,0.7269,-0.55,210
31059,Fillmore County,NE,2017,0.4243,0.8777,0.2919,0.7478,3.93,214
31059,Fillmore County,NE,2018,0.4214,0.896,0.2868,0.76,3.22,201
31059,Fillmore County,NE,2019,0.414,0.9048,0.2874,0.7585,1.41,214
31059,Fillmore County,NE,2020,0.4045,0.8979,0.2844,0.7481,-0.92,211
31059,Fillmore County,NE,2021,0.4123,0.8956,0.2899,0.7582,0.99,203
31059,Fillmore County,NE,2022,0.4109,0.8847,0.2924,0.7318,0.65,211
31059,Fillmore County,NE,2023,0.3983,0.8935,0.2775,0.7587,-2.44,208
31059,Fillmore County,NE,2024,0.4129,0.8887,0.2866,0.7308,1.14,206
31059,Fillmore County,NE,2025,0.445,0.9195,0.3087,0.7693,9.0,207
31061,Franklin County,NE,2000,0.3857,0.7145,0.2469,0.5265,-5.52,199
31061,Franklin County,NE,2001,0.3921,0.7515,0.25,0.571,-3.96,192
31061,Franklin County,NE,2002,0.3829,0.6706,0.246,0.5098,-6.21,190
31061,Franklin County,NE,2003,0.4174,0.7485,0.2732,0.5815,2.24,182
31061,Franklin County,NE,2004,0.4163,0.7562,0.2677,0.5696,1.97,206
31061,Franklin County,NE,2005,0.414,0.7599,0.2671,0.5741,1.41,206
31061,Franklin County,NE,2006,0.4083,0.7322,0.2667,0.5469,0.01,216
31061,Franklin County,NE,2007,0.408,0.7676,0.2673,0.5984,-0.06,195
31061,Franklin County,NE,2008,0.4,0.7677,0.2631,0.5827,-2.02,202
31061,Franklin County,NE,2009,0.4003,0.7727,0.2615,0.5855,-1.95,201
31061,Franklin County,NE,2010,0.4175,0.7997,0.2778,0.6177,2.27,199
31061,Franklin County,NE,2011,0.4201,0.7928,0.2811,0.6133,2.9,211
31061,Franklin County,NE,2012,0.3919,0.7182,0.2626,0.5554,-4.0,181
31061,Franklin County,NE,2013,0.3852,0.7548,0.2544,0.5676,-5.65,208
31061,Franklin County,NE,2014,0.4101,0.7605,0.2719,0.5741,0.45,215
31061,Franklin County,NE,2015,0.4027,0.7861,0.267,0.6128,-1.36,197
31061,Franklin County,NE,2016,0.42,0.7749,0.2694,0.5843,2.88,195
31061,Franklin County,NE,2017,0.4242,0.7875,0.2783,0.6123,3.91,212
31061,Franklin County,NE,2018,0.4168,0.7966,0.2767,0.6135,2.09,222
31061,Franklin County,NE,2019,0.4247,0.8117,0.286,0.631,4.03,210
31061,Franklin County,NE,2020,0.3973,0.7778,0.2729,0.6172,-2.68,209
31061,Franklin County,NE,2021,0.4222,0.7991,0.2835,0.6248,3.42,203
31061,Franklin County,NE,2022,0.3959,0.7629,0.2691,0.5691,-3.03,211
31061,Franklin County,NE,2023,0.3977,0.7889,0.2619,0.601,-2.58,199
31061,Franklin County,NE,2024,0.4208,0.801,0.2828,0.64,3.07,204
31061,Franklin County,NE,2025,0.4424,0.8193,0.287,0.6169,8.36,213
31063,Frontier County,NE,2000,0.3228,0.5908,0.2044,0.4179,-12.68,199
31063,Frontier County,NE,2001,0.373,0.6861,0.2291,0.51,0.9,187
31063,Frontier County,NE,2002,0.3175,0.5304,0.201,0.3822,-14.11,176
31063,Frontier County,NE,2003,0.367,0.6905,0.2352,0.512,-0.72,174
31063,Frontier County,NE,2004,0.3658,0.6715,0.2277,0.4715,-1.04,215
31063,Frontier County,NE,2005,0.3781,0.6783,0.2338,0.4888,2.28,187
31063,Frontier County,NE,2006,0.3679,0.6379,0.2369,0.4569,-0.48,223
31063,Frontier County,NE,2007,0.3514,0.7226,0.2261,0.5334,-4.94,194
31063,Frontier County,NE,2008,0.3759,0.7072,0.2413,0.5086,1.69,200
31063,Frontier County,NE,2009,0.387,0.7268,0.2454,0.5253,4.69,191
31063,Frontier County,NE,2010,0.3917,0.7257,0.2484,0.5357,5.96,195
31063,Frontier County,NE,2011,0.3846,0.7256,0.2436,0.5257,4.04,202
31063,Frontier County,NE,2012,0.3301,0.5695,0.2163,0.4169,-10.7,178
31063,Frontier County,NE,2013,0.3379,0.6362,0.2187,0.4637,-8.59,204
31063,Frontier County,NE,2014,0.3804,0.6893,0.2431,0.4985,2.91,198
31063,Frontier County,NE,2015,0.3834,0.7179,0.2456,0.5351,3.72,199
31063,Frontier County,NE,2016,0.3926,0.7238,0.2493,0.536,6.21,194
31063,Frontier County,NE,2017,0.3747,0.6592,0.2303,0.467,1.36,200
31063,Frontier County,NE,2018,0.3741,0.736,0.2383,0.5402,1.2,200
31063,Frontier County,NE,2019,0.3972,0.7547,0.2575,0.5522,7.45,207
31063,Frontier County,NE,2020,0.3593,0.6972,0.2386,0.5133,-2.8,202
31063,Frontier County,NE,2021,0.3859,0.7146,0.2509,0.5304,4.39,195
31063,Frontier County,NE,2022,0.3264,0.592,0.2141,0.4318,-11.7,194
31063,Frontier County,NE,2023,0.3687,0.7533,0.2324,0.5535,-0.26,197
31063,Frontier County,NE,2024,0.3993,0.7208,0.2518,0.5311,8.02,200
31063,Frontier County,NE,2025,0.4184,0.7476,0.2532,0.5262,13.19,209
31065,Furnas County,NE,2000,0.3544,0.6219,0.2288,0.4617,-6.58,202
31065,Furnas County,NE,2001,0.3695,0.7155,0.2351,0.55,-2.6,185
31065,Furnas County,NE,2002,0.3307,0.5666,0.2141,0.4181,-12.83,174
31065,Furnas County,NE,2003,0.3866,0.7159,0.2537,0.5559,1.9,169
31065,Furnas County,NE,2004,0.381,0.6928,0.2459,0.5191,0.43,212
31065,Furnas County,NE,2005,0.391,0.678,0.2482,0.5082,3.06,188
31065,Furnas County,NE,2006,0.3893,0.6671,0.252,0.4905,2.62,212
31065,Furnas County,NE,2007,0.352,0.7328,0.2317,0.5706,-7.22,183
31065,Furnas County,NE,2008,0.3711,0.6994,0.2403,0.5165,-2.18,202
31065,Furnas County,NE,2009,0.3955,0.7377,0.2567,0.5488,4.25,193
31065,Furnas County,NE,2010,0.3951,0.7348,0.2587,0.5629,4.14,193
31065,Furnas County,NE,2011,0.3868,0.7212,0.2533,0.5524,1.96,203
31065,Furnas County,NE,2012,0.3398,0.6325,0.227,0.4823,-10.43,160
31065,Furnas County,NE,2013,0.3346,0.6139,0.2184,0.4463,-11.8,219
31065,Furnas County,NE,2014,0.4006,0.7151,0.265,0.5481,5.59,199
31065,Furnas County,NE,2015,0.3939,0.7384,0.2613,0.5705,3.83,205
31065,Furnas County,NE,2016,0.4152,0.7623,0.2731,0.5903,9.44,196
31065,Furnas County,NE,2017,0.4024,0.744,0.2598,0.5712,6.07,209
31065,Furnas County,NE,2018,0.3935,0.7703,0.2587,0.5885,3.72,211
31065,Furnas County,NE,2019,0.3794,0.7636,0.2581,0.5898,0.01,205
31065,Furnas County,NE,2020,0.3669,0.7619,0.2514,0.5842,-3.29,206
31065,Furnas County,NE,2021,0.3872,0.7648,0.2634,0.6101,2.06,199
31065,Furnas County,NE,2022,0.3448,0.6482,0.2341,0.48,-9.11,205
31065,Furnas County,NE,2023,0.3694,0.7376,0.2357,0.5418,-2.63,198
31065,Furnas County,NE,2024,0.4138,0.77,0.2732,0.5916,9.07,202
31065,Furnas County,NE,2025,0.4193,0.7819,0.2671,0.5917,10.52,208
31067,Gage County,NE,2000,0.4243,0.799,0.267,0.6082,-0.82,201
31067,Gage County,NE,2001,0.4247,0.8135,0.2604,0.6151,-0.73,210
31067,Gage County,NE,2002,0.4278,0.7355,0.2606,0.5399,-0.0,204
31067,Gage County,NE,2003,0.4291,0.7655,0.2677,0.577,0.3,196
31067,Gage County,NE,2004,0.434,0.8148,0.2754,0.6288,1.45,202
31067,Gage County,NE,2005,0.4224,0.7988,0.2654,0.598,-1.26,212
31067,Gage County,NE,2006,0.4532,0.8122,0.2907,0.6314,5.94,214
31067,Gage County,NE,2007,0.4076,0.7752,0.2547,0.576,-4.72,205
31067,Gage County,NE,2008,0.4203,0.8208,0.2658,0.6251,-1.75,213
31067,Gage County,NE,2009,0.423,0.829,0.2705,0.6306,-1.12,205
31067,Gage County,NE,2010,0.4153,0.8258,0.2723,0.6431,-2.92,207
31067,Gage County,NE,2011,0.4272,0.8329,0.278,0.643,-0.14,209
31067,Gage County,NE,2012,0.4098,0.7544,0.2619,0.5759,-4.21,189
31067,Gage County,NE,2013,0.4438,0.8518,0.2875,0.6636,3.74,222
31067,Gage County,NE,2014,0.4357,0.8446,0.2855,0.6619,1.84,206
31067,Gage County,NE,2015,0.4393,0.8559,0.2872,0.6734,2.69,216
31067,Gage County,NE,2016,0.4467,0.8382,0.2838,0.6368,4.42,213
31067,Gage County,NE,2017,0.437,0.8306,0.2774,0.6363,2.15,208
31067,Gage County,NE,2018,0.4342,0.858,0.2812,0.6756,1.49,207
31067,Gage County,NE,2019,0.4328,0.8723,0.2861,0.6734,1.17,227
31067,Gage County,NE,2020,0.4129,0.8717,0.2744,0.7015,-3.48,215
31067,Gage County,NE,2021,0.4197,0.8509,0.2822,0.672,-1.9,207
31067,Gage County,NE,2022,0.3993,0.8424,0.2705,0.6552,-6.66,206
31067,Gage County,NE,2023,0.4103,0.8651,0.2743,0.7021,-4.09,214
31067,Gage County,NE,2024,0.4306,0.8697,0.2887,0.6946,0.65,200
31067,Gage County,NE,2025,0.462,0.8956,0.3111,0.7559,7.99,205
31069,Garden County,NE,2000,0.2883,0.4572,0.1804,0.315,-2.14,169
31069,Garden County,NE,2001,0.2828,0.5066,0.1732,0.3393,-4.01,188
31069,Garden County,NE,2002,0.2634,0.3966,0.1717,0.2746,-10.59,193
31069,Garden County,NE,2003,0.3015,0.5443,0.1942,0.373,2.34,168
31069,Garden County,NE,2004,0.3049,0.4862,0.1879,0.3298,3.49,206
31069,Garden County,NE,2005,0.3081,0.5395,0.1874,0.355,4.58,185
31069,Garden County,NE,2006,0.29,0.4609,0.1787,0.3061,-1.56,192
31069,Garden County,NE,2007,0.2711,0.5159,0.1699,0.3621,-7.98,184
31069,Garden County,NE,2008,0.2816,0.502,0.1744,0.3305,-4.42,189
31069,Garden County,NE,2009,0.309,0.5526,0.1928,0.3738,4.89,184
31069,Garden County,NE,2010,0.2958,0.528,0.1835,0.3528,0.4,190
31069,Garden County,NE,2011,0.3085,0.5503,0.1877,0.352,4.72,195
31069,Garden County,NE,2012,0.2465,0.4036,0.1588,0.2742,-16.33,149
31069,Garden County,NE,2013,0.2864,0.5293,0.182,0.369,-2.79,200
31069,Garden County,NE,2014,0.3117,0.5355,0.1961,0.368,5.8,183
31069,Garden County,NE,2015,0.3097,0.5849,0.1884,0.3831,5.12,186
31069,Garden County,NE,2016,0.3088,0.5392,0.1878,0.3553,4.82,206
31069,Garden County,NE,2017,0.3073,0.513,0.1882,0.3407,4.31,210
31069,Garden County,NE,2018,0.3038,0.576,0.1801,0.3684,3.12,192
31069,Garden County,NE,2019,0.2915,0.542,0.1757,0.3623,-1.05,205
31069,Garden County,NE,2020,0.2883,0.4928,0.1846,0.3397,-2.14,187
31069,Garden County,NE,2021,0.3056,0.526,0.1938,0.3624,3.73,184
31069,Garden County,NE,2022,0.2725,0.4587,0.1739,0.3157,-7.5,190
31069,Garden County,NE,2023,0.2831,0.572,0.1717,0.3885,-3.91,186
31069,Garden County,NE,2024,0.3131,0.5559,0.191,0.3809,6.28,187
31069,Garden County,NE,2025,0.3265,0.5737,0.1937,0.3817,10.83,189
31071,Garfield County,NE,2000,0.3603,0.6215,0.2239,0.4174,-5.85,205
31071,Garfield County,NE,2001,0.3498,0.6194,0.2162,0.4298,-8.59,207
31071,Garfield County,NE,2002,0.3503,0.5846,0.2194,0.3984,-8.46,179
31071,Garfield County,NE,2003,0.3593,0.6421,0.2265,0.4474,-6.11,178
31071,Garfield County,NE,2004,0.3772,0.6218,0.2298,0.4179,-1.43,196
31071,Garfield County,NE,2005,0.373,0.654,0.2298,0.4537,-2.53,181
31071,Garfield County,NE,2006,0.3679,0.5638,0.2284,0.3697,-3.86,229
31071,Garfield County,NE,2007,0.3511,0.648,0.22,0.4536,-8.25,194
31071,Garfield County,NE,2008,0.3657,0.6613,0.2307,0.457,-4.44,198
31071,Garfield County,NE,2009,0.3937,0.6636,0.2411,0.4483,2.88,199
31071,Garfield County,NE,2010,0.3827,0.6742,0.2345,0.4489,0.01,193
31071,Garfield County,NE,2011,0.3918,0.6833,0.2392,0.4628,2.39,193
31071,Garfield County,NE,2012,0.358,0.5984,0.2234,0.3986,-6.45,158
31071,Garfield County,NE,2013,0.3849,0.66,0.2399,0.4654,0.58,210
31071,Garfield County,NE,2014,0.3968,0.6808,0.2458,0.4487,3.69,217
31071,Garfield County,NE,2015,0.4,0.6936,0.2461,0.4832,4.53,188
31071,Garfield County,NE,2016,0.4121,0.6864,0.2457,0.4531,7.69,207
31071,Garfield County,NE,2017,0.406,0.6327,0.2423,0.4262,6.1,197
31071,Garfield County,NE,2018,0.4085,0.7178,0.2467,0.4804,6.75,197
31071,Garfield County,NE,2019,0.4011,0.728,0.2458,0.484,4.82,200
31071,Garfield County,NE,2020,0.3927,0.6836,0.2455,0.4709,2.62,198
31071,Garfield County,NE,2021,0.4036,0.6655,0.2449,0.4379,5.47,203
31071,Garfield County,NE,2022,0.371,0.6242,0.2315,0.4177,-3.05,204
31071,Garfield County,NE,2023,0.3691,0.6883,0.2225,0.4581,-3.55,204
31071,Garfield County,NE,2024,0.3924,0.6992,0.245,0.5178,2.54,187
31071,Garfield County,NE,2025,0.4305,0.7453,0.2631,0.4995,12.5,207
31073,Gosper County,NE,2000,0.3475,0.6684,0.2256,0.4949,-10.11,201
31073,Gosper County,NE,2001,0.3818,0.7443,0.2424,0.5711,-1.23,199
31073,Gosper County,NE,2002,0.3459,0.6267,0.2247,0.4763,-10.52,189
31073,Gosper County,NE,2003,0.3894,0.7484,0.2557,0.5819,0.73,185
31073,Gosper County,NE,2004,0.3856,0.7266,0.2455,0.5329,-0.25,211
31073,Gosper County,NE,2005,0.3935,0.7285,0.2526,0.5534,1.79,194
31073,Gosper County,NE,2006,0.3947,0.7452,0.2597,0.5529,2.1,228
31073,Gosper County,NE,2007,0.361,0.7605,0.2396,0.5884,-6.62,197
31073,Gosper County,NE,2008,0.3722,0.7527,0.2438,0.5578,-3.72,202
31073,Gosper County,NE,2009,0.4004,0.7807,0.263,0.5905,3.58,196
31073,Gosper County,NE,2010,0.3962,0.7763,0.2618,0.6023,2.49,195
31073,Gosper County,NE,2011,0.3877,0.7749,0.2592,0.611,0.29,205
31073,Gosper County,NE,2012,0.3561,0.6747,0.2401,0.5182,-7.88,177
31073,Gosper County,NE,2013,0.3532,0.7128,0.2395,0.556,-8.63,202
31073,Gosper County,NE,2014,0.406,0.7637,0.2693,0.5727,5.03,206
31073,Gosper County,NE,2015,0.3969,0.7664,0.2641,0.596,2.67,200
31073,Gosper County,NE,2016,0.4088,0.7822,0.2696,0.6094,5.75,196
31073,Gosper County,NE,2017,0.4026,0.755,0.2641,0.5862,4.15,214
31073,Gosper County,NE,2018,0.3899,0.786,0.2597,0.6042,0.86,202
31073,Gosper County,NE,2019,0.3979,0.7952,0.2725,0.6136,2.93,208
31073,Gosper County,NE,2020,0.3751,0.7767,0.2603,0.604,-2.97,204
31073,Gosper County,NE,2021,0.4057,0.788,0.2774,0.6253,4.95,200
31073,Gosper County,NE,2022,0.3632,0.7004,0.25,0.5435,-6.05,201
31073,Gosper County,NE,2023,0.3822,0.7912,0.2445,0.5911,-1.13,198
31073,Gosper County,NE,2024,0.4211,0.7907,0.277,0.6039,8.93,202
31073,Gosper County,NE,2025,0.4363,0.8137,0.2801,0.6181,12.86,210
31077,Greeley County,NE,2000,0.3638,0.6957,0.2334,0.5082,-11.66,212
31077,Greeley County,NE,2001,0.3822,0.7176,0.2471,0.543,-7.19,197
31077,Greeley County,NE,2002,0.3842,0.6645,0.2459,0.4932,-6.7,188
31077,Greeley County,NE,2003,0.4053,0.7483,0.265,0.5569,-1.58,192
31077,Greeley County,NE,2004,0.4208,0.7397,0.2676,0.5477,2.18,196
31077,Greeley County,NE,2005,0.4031,0.7649,0.2562,0.5688,-2.12,190
31077,Greeley County,NE,2006,0.4269,0.7464,0.2737,0.5305,3.66,226
31077,Greeley County,NE,2007,0.4022,0.7686,0.261,0.577,-2.33,197
31077,Greeley County,NE,2008,0.4026,0.766,0.2632,0.572,-2.24,205
31077,Greeley County,NE,2009,0.4236,0.7883,0.2754,0.5824,2.86,215
31077,Greeley County,NE,2010,0.3917,0.7908,0.261,0.6053,-4.88,200
31077,Greeley County,NE,2011,0.4044,0.7898,0.2693,0.6036,-1.8,209
31077,Greeley County,NE,2012,0.372,0.6966,0.2511,0.53,-9.67,173
31077,Greeley County,NE,2013,0.4183,0.803,0.2805,0.6233,1.58,212
31077,Greeley County,NE,2014,0.4363,0.7989,0.2932,0.6101,5.95,214
31077,Greeley County,NE,2015,0.4255,0.7859,0.2807,0.6095,3.32,197
31077,Greeley County,NE,2016,0.4286,0.787,0.2763,0.5934,4.08,203
31077,Greeley County,NE,2017,0.4324,0.7529,0.2799,0.5658,5.0,201
31077,Greeley County,NE,2018,0.4269,0.815,0.2869,0.6197,3.66,207
31077,Greeley County,NE,2019,0.4238,0.8289,0.2886,0.6405,2.91,212
31077,Greeley County,NE,2020,0.4044,0.7918,0.2841,0.6443,-1.8,205
31077,Greeley County,NE,2021,0.4309,0.7863,0.2831,0.5864,4.64,206
31077,Greeley County,NE,2022,0.3899,0.7499,0.2636,0.5708,-5.32,200
31077,Greeley County,NE,2023,0.4027,0.784,0.2612,0.5832,-2.21,200
31077,Greeley County,NE,2024,0.4373,0.815,0.2915,0.6346,6.19,209
31077,Greeley County,NE,2025,0.4673,0.8411,0.3091,0.6417,13.47,210
31079,Hall County,NE,2000,0.3921,0.8115,0.2572,0.619,-4.74,204
31079,Hall County,NE,2001,0.381,0.7998,0.248,0.6406,-7.44,206
31079,Hall County,NE,2002,0.4048,0.7786,0.2603,0.6117,-1.66,202
31079,Hall County,NE,2003,0.4157,0.8061,0.2739,0.6368,0.99,199
31079,Hall County,NE,2004,0.4212,0.8202,0.2768,0.6443,2.33,202
31079,Hall County,NE,2005,0.4125,0.8176,0.2713,0.6429,0.21,203
31079,Hall County,NE,2006,0.4305,0.8345,0.2822,0.6463,4.59,210
31079,Hall County,NE,2007,0.3984,0.8316,0.2663,0.6682,-3.21,210
31079,Hall County,NE,2008,0.3977,0.8245,0.254,0.6126,-3.38,213
31079,Hall County,NE,2009,0.4184,0.8398,0.2759,0.6549,1.65,208
31079,Hall County,NE,2010,0.3898,0.8416,0.2645,0.6687,-5.3,201
31079,Hall County,NE,2011,0.401,0.8489,0.2722,0.6874,-2.58,209
31079,Hall County,NE,2012,0.3931,0.789,0.2659,0.6315,-4.5,187
31079,Hall County,NE,2013,0.4087,0.8406,0.2799,0.6709,-0.71,221
31079,Hall County,NE,2014,0.4276,0.8447,0.2914,0.6717,3.88,207
31079,Hall County,NE,2015,0.4259,0.8486,0.2888,0.686,3.47,204
31079,Hall County,NE,2016,0.4273,0.8374,0.2772,0.6547,3.81,204
31079,Hall County,NE,2017,0.4301,0.8392,0.2856,0.6755,4.49,216
31079,Hall County,NE,2018,0.412,0.8504,0.2812,0.7064,0.09,202
31079,Hall County,NE,2019,0.4249,0.8502,0.283,0.6658,3.23,209
31079,Hall County,NE,2020,0.3922,0.8312,0.2732,0.6808,-4.72,207
31079,Hall County,NE,2021,0.4237,0.8509,0.2852,0.6746,2.93,204
31079,Hall County,NE,2022,0.4048,0.818,0.2784,0.6331,-1.66,208
31079,Hall County,NE,2023,0.4001,0.838,0.2712,0.6847,-2.8,205
31079,Hall County,NE,2024,0.4203,0.8531,0.2874,0.6877,2.11,208
31079,Hall County,NE,2025,0.4483,0.8733,0.3015,0.6893,8.91,209
31081,Hamilton County,NE,2000,0.4126,0.8539,0.2746,0.687,-0.21,204
31081,Hamilton County,NE,2001,0.3902,0.8525,0.2516,0.683,-5.63,207
31081,Hamilton County,NE,2002,0.4159,0.8425,0.2705,0.6821,0.59,208
31081,Hamilton County,NE,2003,0.4168,0.8458,0.2715,0.6767,0.81,208
31081,Hamilton County,NE,2004,0.4152,0.8674,0.2767,0.7068,0.42,203
31081,Hamilton County,NE,2005,0.4058,0.8674,0.2733,0.722,-1.85,204
31081,Hamilton County,NE,2006,0.4251,0.8722,0.2833,0.7082,2.81,212
31081,Hamilton County,NE,2007,0.3931,0.8721,0.2646,0.7214,-4.93,213
31081,Hamilton County,NE,2008,0.3918,0.8737,0.2553,0.6741,-5.24,216
31081,Hamilton County,NE,2009,0.4165,0.8904,0.2857,0.7343,0.73,206
31081,Hamilton County,NE,2010,0.3845,0.8868,0.2724,0.757,-7.01,204
31081,Hamilton County,NE,2011,0.4077,0.8984,0.2888,0.7614,-1.4,211
31081,Hamilton County,NE,2012,0.4023,0.8524,0.2802,0.7127,-2.7,196
31081,Hamilton County,NE,2013,0.4069,0.8817,0.2833,0.7371,-1.59,222
31081,Hamilton County,NE,2014,0.4259,0.8884,0.3002,0.7512,3.01,217
31081,Hamilton County,NE,2015,0.4266,0.9025,0.2985,0.753,3.18,207
31081,Hamilton County,NE,2016,0.4209,0.8849,0.2838,0.7237,1.8,206
31081,Hamilton County,NE,2017,0.432,0.8888,0.298,0.7535,4.48,216
31081,Hamilton County,NE,2018,0.4173,0.8981,0.2906,0.7812,0.93,206
31081,Hamilton County,NE,2019,0.4278,0.9064,0.2985,0.7475,3.47,212
31081,Hamilton County,NE,2020,0.4047,0.892,0.2914,0.7542,-2.12,209
31081,Hamilton County,NE,2021,0.4219,0.8944,0.2962,0.7697,2.04,206
31081,Hamilton County,NE,2022,0.414,0.8812,0.2956,0.7281,0.13,210
31081,Hamilton County,NE,2023,0.4082,0.8856,0.2864,0.7628,-1.27,206
31081,Hamilton County,NE,2024,0.4204,0.904,0.3007,0.7676,1.68,211
31081,Hamilton County,NE,2025,0.4461,0.923,0.3188,0.7921,7.89,206
31083,Harlan County,NE,2000,0.368,0.6825,0.2407,0.5219,-3.71,202
31083,Harlan County,NE,2001,0.3667,0.7196,0.2369,0.5608,-4.05,197
31083,Harlan County,NE,2002,0.343,0.6248,0.2245,0.4855,-10.25,183
31083,Harlan County,NE,2003,0.3944,0.7324,0.2615,0.5828,3.2,182
31083,Harlan County,NE,2004,0.3886,0.7281,0.2525,0.5573,1.68,210
31083,Harlan County,NE,2005,0.3918,0.7229,0.2551,0.5573,2.52,200
31083,Harlan County,NE,2006,0.3853,0.6988,0.2548,0.5336,0.82,209
31083,Harlan County,NE,2007,0.3702,0.7549,0.2446,0.596,-3.13,191
31083,Harlan County,NE,2008,0.3683,0.7276,0.2433,0.5527,-3.63,204
31083,Harlan County,NE,2009,0.3839,0.7551,0.2525,0.5753,0.45,199
31083,Harlan County,NE,2010,0.3899,0.7642,0.2609,0.5923,2.02,199
31083,Harlan County,NE,2011,0.3979,0.7667,0.2675,0.6006,4.12,204
31083,Harlan County,NE,2012,0.3594,0.6882,0.2457,0.5441,-5.96,180
31083,Harlan County,NE,2013,0.3455,0.6788,0.2308,0.518,-9.59,211
31083,Harlan County,NE,2014,0.3952,0.7442,0.267,0.5782,3.41,206
31083,Harlan County,NE,2015,0.3833,0.7593,0.256,0.5941,0.3,202
31083,Harlan County,NE,2016,0.4031,0.7757,0.2648,0.5999,5.48,198
31083,Harlan County,NE,2017,0.3999,0.7756,0.264,0.6101,4.64,210
31083,Harlan County,NE,2018,0.3937,0.7848,0.2657,0.612,3.02,212
31083,Harlan County,NE,2019,0.3889,0.7838,0.2631,0.605,1.76,209
31083,Harlan County,NE,2020,0.3713,0.7734,0.26,0.6168,-2.84,207
31083,Harlan County,NE,2021,0.4005,0.7994,0.2744,0.6413,4.8,203
31083,Harlan County,NE,2022,0.3666,0.7417,0.2543,0.5639,-4.07,209
31083,Harlan County,NE,2023,0.3741,0.7818,0.2463,0.5865,-2.11,200
31083,Harlan County,NE,2024,0.3955,0.7825,0.2703,0.6295,3.49,206
31083,Harlan County,NE,2025,0.4113,0.7834,0.2661,0.5925,7.62,207
31085,Hayes County,NE,2000,0.3172,0.5245,0.1984,0.3663,-9.88,188
31085,Hayes County,NE,2001,0.366,0.6528,0.2235,0.4889,3.99,175
31085,Hayes County,NE,2002,0.304,0.4985,0.1959,0.3662,-13.63,177
31085,Hayes County,NE,2003,0.3461,0.6406,0.2243,0.4778,-1.67,173
31085,Hayes County,NE,2004,0.3548,0.643,0.2212,0.45,0.8,218
31085,Hayes County,NE,2005,0.3575,0.6525,0.2213,0.4658,1.57,185
31085,Hayes County,NE,2006,0.3507,0.6023,0.2241,0.4355,-0.36,218
31085,Hayes County,NE,2007,0.3337,0.6817,0.2138,0.4969,-5.19,190
31085,Hayes County,NE,2008,0.3605,0.6438,0.229,0.4584,2.42,196
31085,Hayes County,NE,2009,0.3665,0.6866,0.2314,0.4883,4.13,188
31085,Hayes County,NE,2010,0.3772,0.6852,0.2382,0.4897,7.17,200
31085,Hayes County,NE,2011,0.3755,0.6903,0.2361,0.4757,6.69,204
31085,Hayes County,NE,2012,0.3172,0.557,0.2109,0.4108,-9.88,167
31085,Hayes County,NE,2013,0.3269,0.6134,0.2103,0.4524,-7.12,195
31085,Hayes County,NE,2014,0.3607,0.669,0.2329,0.483,2.48,200
31085,Hayes County,NE,2015,0.3577,0.6853,0.224,0.4903,1.63,198
31085,Hayes County,NE,2016,0.3573,0.6541,0.2235,0.4665,1.51,190
31085,Hayes County,NE,2017,0.3626,0.6319,0.2263,0.4512,3.02,198
31085,Hayes County,NE,2018,0.3629,0.7021,0.2285,0.4988,3.11,199
31085,Hayes County,NE,2019,0.3806,0.7099,0.2456,0.5175,8.13,209
31085,Hayes County,NE,2020,0.3445,0.633,0.226,0.4591,-2.12,196
31085,Hayes County,NE,2021,0.3537,0.6613,0.2326,0.4928,0.49,183
31085,Hayes County,NE,2022,0.2879,0.507,0.1904,0.3831,-18.2,184
31085,Hayes County,NE,2023,0.3397,0.7289,0.2192,0.5399,-3.49,192
31085,Hayes County,NE,2024,0.3723,0.6737,0.2293,0.4729,5.78,206
31085,Hayes County,NE,2025,0.4175,0.7158,0.2577,0.5029,18.62,215
31087,Hitchcock County,NE,2000,0.2937,0.4891,0.1847,0.349,-13.15,182
31087,Hitchcock County,NE,2001,0.344,0.6457,0.213,0.4899,1.73,175
31087,Hitchcock County,NE,2002,0.2999,0.4798,0.1924,0.3467,-11.31,185
31087,Hitchcock County,NE,2003,0.335,0.6133,0.2162,0.4543,-0.93,169
31087,Hitchcock County,NE,2004,0.3482,0.6471,0.2195,0.4632,2.97,218
31087,Hitchcock County,NE,2005,0.3631,0.6373,0.2241,0.4533,7.37,183
31087,Hitchcock County,NE,2006,0.3423,0.5829,0.2184,0.4194,1.22,217
31087,Hitchcock County,NE,2007,0.3165,0.6502,0.2036,0.4824,-6.41,188
31087,Hitchcock County,NE,2008,0.334,0.6152,0.212,0.4393,-1.23,190
31087,Hitchcock County,NE,2009,0.3509,0.6406,0.222,0.4593,3.77,187
31087,Hitchcock County,NE,2010,0.3607,0.6604,0.2269,0.475,6.66,197
31087,Hitchcock County,NE,2011,0.3487,0.6412,0.2159,0.4429,3.12,202
31087,Hitchcock County,NE,2012,0.3049,0.5363,0.2005,0.3959,-9.84,159
31087,Hitchcock County,NE,2013,0.3127,0.5678,0.2003,0.4138,-7.53,210
31087,Hitchcock County,NE,2014,0.3536,0.6309,0.2277,0.4567,4.57,207
31087,Hitchcock County,NE,2015,0.337,0.6378,0.2127,0.4584,-0.34,196
31087,Hitchcock County,NE,2016,0.3633,0.6454,0.2299,0.4756,7.43,193
31087,Hitchcock County,NE,2017,0.361,0.6297,0.2246,0.45,6.75,191
31087,Hitchcock County,NE,2018,0.3461,0.6561,0.2181,0.4748,2.35,200
31087,Hitchcock County,NE,2019,0.3602,0.684,0.2318,0.5058,6.52,197
31087,Hitchcock County,NE,2020,0.318,0.579,0.2083,0.4208,-5.96,194
31087,Hitchcock County,NE,2021,0.324,0.6309,0.2137,0.4735,-4.19,180
31087,Hitchcock County,NE,2022,0.2685,0.4383,0.1763,0.3254,-20.6,188
31087,Hitchcock County,NE,2023,0.3405,0.6804,0.2172,0.4946,0.69,202
31087,Hitchcock County,NE,2024,0.3737,0.6704,0.2348,0.4846,10.51,192
31087,Hitchcock County,NE,2025,0.3917,0.6791,0.2405,0.4838,15.83,215
31089,Holt County,NE,2000,0.3624,0.6785,0.228,0.477,-10.25,191
31089,Holt County,NE,2001,0.3846,0.7303,0.2419,0.5392,-4.75,205
31089,Holt County,NE,2002,0.378,0.6391,0.2416,0.4647,-6.39,193
31089,Holt County,NE,2003,0.384,0.7045,0.2449,0.5172,-4.9,181
31089,Holt County,NE,2004,0.409,0.7016,0.2575,0.5041,1.29,195
31089,Holt County,NE,2005,0.4036,0.7298,0.2501,0.5211,-0.05,184
31089,Holt County,NE,2006,0.4158,0.6759,0.2616,0.4787,2.97,222
31089,Holt County,NE,2007,0.3735,0.7146,0.2354,0.5171,-7.5,194
31089,Holt County,NE,2008,0.3864,0.7381,0.2439,0.5298,-4.31,194
31089,Holt County,NE,2009,0.4227,0.7404,0.2681,0.5369,4.68,197
31089,Holt County,NE,2010,0.3936,0.7552,0.2478,0.531,-2.52,193
31089,Holt County,NE,2011,0.4163,0.7598,0.2634,0.5413,3.1,196
31089,Holt County,NE,2012,0.3911,0.6898,0.2547,0.4979,-3.14,168
31089,Holt County,NE,2013,0.3981,0.7311,0.257,0.5448,-1.41,208
31089,Holt County,NE,2014,0.4149,0.7262,0.2677,0.5185,2.75,218
31089,Holt County,NE,2015,0.4288,0.7607,0.2766,0.5718,6.19,195
31089,Holt County,NE,2016,0.4311,0.7521,0.2699,0.5445,6.76,192
31089,Holt County,NE,2017,0.4389,0.7297,0.2767,0.5307,8.7,210
31089,Holt County,NE,2018,0.4177,0.7684,0.2639,0.5578,3.45,198
31089,Holt County,NE,2019,0.4005,0.7792,0.2526,0.5588,-0.81,204
31089,Holt County,NE,2020,0.4084,0.7704,0.2679,0.5715,1.14,199
31089,Holt County,NE,2021,0.4169,0.7285,0.2663,0.5265,3.25,198
31089,Holt County,NE,2022,0.3824,0.683,0.2483,0.4947,-5.3,189
31089,Holt County,NE,2023,0.3778,0.7469,0.2383,0.5482,-6.44,206
31089,Holt County,NE,2024,0.4129,0.7573,0.2659,0.5754,2.26,191
31089,Holt County,NE,2025,0.4491,0.7858,0.284,0.5671,11.22,206
31093,Howard County,NE,2000,0.3833,0.7322,0.2498,0.5402,-9.85,217
31093,Howard County,NE,2001,0.3889,0.7439,0.25,0.5678,-8.53,196
31093,Howard County,NE,2002,0.4023,0.6885,0.2548,0.5107,-5.38,197
31093,Howard County,NE,2003,0.4133,0.7606,0.2704,0.5746,-2.8,191
31093,Howard County,NE,2004,0.4338,0.7605,0.2772,0.5678,2.03,201
31093,Howard County,NE,2005,0.4247,0.7785,0.2711,0.5853,-0.11,195
31093,Howard County,NE,2006,0.4492,0.7849,0.2916,0.5824,5.65,223
31093,Howard County,NE,2007,0.4184,0.7911,0.2729,0.6053,-1.6,203
31093,Howard County,NE,2008,0.4191,0.7939,0.2717,0.5873,-1.43,204
31093,Howard County,NE,2009,0.4413,0.8038,0.2869,0.6042,3.79,207
31093,Howard County,NE,2010,0.4042,0.8108,0.2717,0.6279,-4.94,200
31093,Howard County,NE,2011,0.4149,0.8192,0.2765,0.6278,-2.42,213
31093,Howard County,NE,2012,0.3908,0.7231,0.2591,0.5492,-8.09,176
31093,Howard County,NE,2013,0.4242,0.819,0.2847,0.6323,-0.23,217
31093,Howard County,NE,2014,0.4473,0.8113,0.2986,0.6172,5.2,212
31093,Howard County,NE,2015,0.4437,0.8115,0.2933,0.6378,4.35,198
31093,Howard County,NE,2016,0.4583,0.8062,0.2951,0.6168,7.79,202
31093,Howard County,NE,2017,0.4528,0.7896,0.2956,0.606,6.49,212
31093,Howard County,NE,2018,0.4313,0.8291,0.2887,0.6567,1.44,205
31093,Howard County,NE,2019,0.4411,0.8332,0.2959,0.6411,3.74,213
31093,Howard County,NE,2020,0.4112,0.807,0.287,0.653,-3.29,203
31093,Howard County,NE,2021,0.4387,0.8063,0.2888,0.6109,3.18,209
31093,Howard County,NE,2022,0.4013,0.7541,0.2688,0.5722,-5.62,196
31093,Howard County,NE,2023,0.4123,0.8092,0.2703,0.6187,-3.03,207
31093,Howard County,NE,2024,0.4402,0.826,0.2933,0.647,3.53,210
31093,Howard County,NE,2025,0.4683,0.8528,0.3101,0.6571,10.14,210
31095,Jefferson County,NE,2000,0.4197,0.7635,0.2666,0.582,-2.45,202
31095,Jefferson County,NE,2001,0.4212,0.7849,0.2582,0.589,-2.1,202
31095,Jefferson County,NE,2002,0.4218,0.7249,0.259,0.5415,-1.96,195
31095,Jefferson County,NE,2003,0.4386,0.7646,0.2777,0.5882,1.95,192
31095,Jefferson County,NE,2004,0.436,0.7972,0.2776,0.6165,1.34,199
31095,Jefferson County,NE,2005,0.4328,0.7898,0.2753,0.5985,0.6,212
31095,Jefferson County,NE,2006,0.4505,0.8012,0.2871,0.6152,4.71,210
31095,Jefferson County,NE,2007,0.417,0.7905,0.2674,0.6095,-3.07,207
31095,Jefferson County,NE,2008,0.4248,0.8205,0.2728,0.6252,-1.26,213
31095,Jefferson County,NE,2009,0.4206,0.8123,0.2715,0.628,-2.24,202
31095,Jefferson County,NE,2010,0.4219,0.8217,0.277,0.6483,-1.93,198
31095,Jefferson County,NE,2011,0.4354,0.8369,0.2841,0.6417,1.2,206
31095,Jefferson County,NE,2012,0.4154,0.7607,0.2704,0.5925,-3.45,184
31095,Jefferson County,NE,2013,0.4432,0.8467,0.2876,0.6615,3.02,215
31095,Jefferson County,NE,2014,0.4375,0.8324,0.288,0.6499,1.69,202
31095,Jefferson County,NE,2015,0.4302,0.8464,0.2813,0.669,-0.01,209
31095,Jefferson County,NE,2016,0.4394,0.8299,0.2797,0.6412,2.13,210
31095,Jefferson County,NE,2017,0.4316,0.7891,0.2731,0.5939,0.32,206
31095,Jefferson County,NE,2018,0.4396,0.8411,0.2825,0.6565,2.18,207
31095,Jefferson County,NE,2019,0.4374,0.8605,0.2904,0.668,1.67,217
31095,Jefferson County,NE,2020,0.424,0.8608,0.2825,0.6893,-1.45,207
31095,Jefferson County,NE,2021,0.4255,0.8198,0.2823,0.6361,-1.1,202
31095,Jefferson County,NE,2022,0.4137,0.8385,0.2801,0.6563,-3.84,205
31095,Jefferson County,NE,2023,0.4066,0.8123,0.2644,0.6345,-5.49,206
31095,Jefferson County,NE,2024,0.4363,0.8458,0.2872,0.6696,1.41,198
31095,Jefferson County,NE,2025,0.4651,0.8704,0.3112,0.7345,8.11,206
31097,Johnson County,NE,2000,0.4481,0.7881,0.2685,0.5746,0.4,204
31097,Johnson County,NE,2001,0.448,0.7982,0.2654,0.5752,0.37,206
31097,Johnson County,NE,2002,0.4391,0.715,0.2594,0.4947,-1.62,194
31097,Johnson County,NE,2003,0.4527,0.77,0.2752,0.5625,1.43,191
31097,Johnson County,NE,2004,0.4489,0.8069,0.2777,0.6091,0.58,195
31097,Johnson County,NE,2005,0.4259,0.7646,0.2597,0.5541,-4.58,204
31097,Johnson County,NE,2006,0.4683,0.7817,0.2876,0.5703,4.92,208
31097,Johnson County,NE,2007,0.4387,0.7914,0.2711,0.5814,-1.71,197
31097,Johnson County,NE,2008,0.4332,0.7857,0.2679,0.5801,-2.94,208
31097,Johnson County,NE,2009,0.4476,0.8141,0.278,0.5988,0.28,206
31097,Johnson County,NE,2010,0.4298,0.8209,0.278,0.621,-3.7,209
31097,Johnson County,NE,2011,0.4411,0.8081,0.2835,0.6108,-1.17,204
31097,Johnson County,NE,2012,0.4278,0.736,0.2642,0.5455,-4.15,178
31097,Johnson County,NE,2013,0.4619,0.8373,0.2908,0.637,3.49,213
31097,Johnson County,NE,2014,0.4528,0.8408,0.2908,0.6355,1.45,200
31097,Johnson County,NE,2015,0.457,0.8391,0.2878,0.639,2.39,215
31097,Johnson County,NE,2016,0.4765,0.8198,0.297,0.6128,6.76,210
31097,Johnson County,NE,2017,0.4657,0.8231,0.2938,0.6326,4.34,209
31097,Johnson County,NE,2018,0.454,0.8318,0.2844,0.6303,1.72,203
31097,Johnson County,NE,2019,0.444,0.8487,0.2864,0.6485,-0.52,222
31097,Johnson County,NE,2020,0.4359,0.8615,0.2835,0.691,-2.34,209
31097,Johnson County,NE,2021,0.439,0.8427,0.2867,0.6531,-1.64,210
31097,Johnson County,NE,2022,0.4083,0.8116,0.2674,0.6071,-8.52,204
31097,Johnson County,NE,2023,0.4434,0.8651,0.2869,0.6784,-0.66,215
31097,Johnson County,NE,2024,0.4426,0.8542,0.2876,0.6716,-0.84,200
31097,Johnson County,NE,2025,0.4743,0.8807,0.3172,0.7597,6.27,202
31099,Kearney County,NE,2000,0.3863,0.8342,0.2599,0.6576,-4.06,205
31099,Kearney County,NE,2001,0.3759,0.8359,0.2492,0.673,-6.65,214
31099,Kearney County,NE,2002,0.3932,0.8024,0.2634,0.6551,-2.35,209
31099,Kearney County,NE,2003,0.3983,0.8237,0.2702,0.6633,-1.08,206
31099,Kearney County,NE,2004,0.4061,0.8529,0.2732,0.6895,0.85,213
31099,Kearney County,NE,2005,0.3982,0.8443,0.2701,0.6879,-1.11,214
31099,Kearney County,NE,2006,0.4058,0.8606,0.2792,0.6965,0.78,212
31099,Kearney County,NE,2007,0.3765,0.8555,0.2589,0.7001,-6.5,216
31099,Kearney County,NE,2008,0.38,0.8632,0.2568,0.6801,-5.63,219
31099,Kearney County,NE,2009,0.4029,0.8684,0.2797,0.7189,0.06,210
31099,Kearney County,NE,2010,0.3885,0.8669,0.2667,0.6911,-3.52,213
31099,Kearney County,NE,2011,0.3948,0.8752,0.2778,0.7325,-1.95,216
31099,Kearney County,NE,2012,0.4011,0.8412,0.2863,0.7026,-0.39,203
31099,Kearney County,NE,2013,0.3983,0.8716,0.2827,0.7201,-1.08,219
31099,Kearney County,NE,2014,0.4121,0.8556,0.2926,0.7113,2.34,214
31099,Kearney County,NE,2015,0.4171,0.8744,0.2932,0.7402,3.59,209
31099,Kearney County,NE,2016,0.4167,0.8647,0.2838,0.705,3.49,210
31099,Kearney County,NE,2017,0.4202,0.8751,0.294,0.7414,4.36,219
31099,Kearney County,NE,2018,0.4104,0.8823,0.288,0.7321,1.92,210
31099,Kearney County,NE,2019,0.4171,0.8802,0.294,0.7265,3.59,215
31099,Kearney County,NE,2020,0.3793,0.8453,0.2761,0.7184,-5.8,208
31099,Kearney County,NE,2021,0.4201,0.886,0.2985,0.7405,4.33,207
31099,Kearney County,NE,2022,0.4068,0.8612,0.2931,0.6996,1.03,214
31099,Kearney County,NE,2023,0.4014,0.8837,0.2802,0.7278,-0.31,203
31099,Kearney County,NE,2024,0.4197,0.8719,0.2983,0.7224,4.23,224
31099,Kearney County,NE,2025,0.4423,0.9049,0.3085,0.7361,9.85,214
31101,Keith County,NE,2000,0.3093,0.5214,0.1937,0.3675,-5.05,176
31101,Keith County,NE,2001,0.3337,0.6035,0.2037,0.4283,2.44,194
31101,Keith County,NE,2002,0.3095,0.5189,0.1992,0.3762,-4.99,213
31101,Keith County,NE,2003,0.3308,0.6173,0.2088,0.4375,1.55,178
31101,Keith County,NE,2004,0.3327,0.5753,0.2056,0.4013,2.14,213
31101,Keith County,NE,2005,0.332,0.6069,0.2052,0.4317,1.92,184
31101,Keith County,NE,2006,0.3172,0.5403,0.2001,0.3845,-2.62,200
31101,Keith County,NE,2007,0.3077,0.6245,0.1968,0.4593,-5.54,191
31101,Keith County,NE,2008,0.3211,0.5794,0.2011,0.4035,-1.43,190
31101,Keith County,NE,2009,0.3415,0.6363,0.2129,0.4415,4.84,182
31101,Keith County,NE,2010,0.3272,0.6168,0.2035,0.4355,0.45,197
31101,Keith County,NE,2011,0.3326,0.6316,0.2063,0.4323,2.11,197
31101,Keith County,NE,2012,0.2817,0.5178,0.1892,0.3801,-13.52,164
31101,Keith County,NE,2013,0.3099,0.6147,0.1992,0.4384,-4.86,200
31101,Keith County,NE,2014,0.3375,0.6124,0.2168,0.4398,3.61,206
31101,Keith County,NE,2015,0.3375,0.6595,0.2089,0.4523,3.61,195
31101,Keith County,NE,2016,0.3375,0.6154,0.2115,0.4343,3.61,192
31101,Keith County,NE,2017,0.3333,0.5898,0.2082,0.4175,2.32,203
31101,Keith County,NE,2018,0.3238,0.6573,0.1997,0.4538,-0.6,197
31101,Keith County,NE,2019,0.3335,0.6371,0.2097,0.452,2.38,208
31101,Keith County,NE,2020,0.3262,0.6004,0.2131,0.4339,0.14,194
31101,Keith County,NE,2021,0.3504,0.6329,0.2302,0.4689,7.57,192
31101,Keith County,NE,2022,0.2828,0.5165,0.1888,0.3873,-13.18,180
31101,Keith County,NE,2023,0.3092,0.6667,0.1974,0.4836,-5.08,197
31101,Keith County,NE,2024,0.3396,0.6239,0.2113,0.4355,4.25,196
31101,Keith County,NE,2025,0.3711,0.6666,0.2288,0.4706,13.92,204
31103,Keya Paha County,NE,2000,0.3605,0.6494,0.2174,0.4268,-10.1,189
31103,Keya Paha County,NE,2001,0.3754,0.7023,0.2326,0.4932,-6.38,201
31103,Keya Paha County,NE,2002,0.3597,0.5678,0.2224,0.3842,-10.3,225
31103,Keya Paha County,NE,2003,0.3813,0.6596,0.2348,0.4509,-4.91,166
31103,Keya Paha County,NE,2004,0.3924,0.6269,0.2326,0.4064,-2.15,181
31103,Keya Paha County,NE,2005,0.4147,0.6985,0.2456,0.4613,3.42,176
31103,Keya Paha County,NE,2006,0.4099,0.6211,0.2471,0.4139,2.22,225
31103,Keya Paha County,NE,2007,0.3809,0.6797,0.2368,0.4732,-5.01,180
31103,Keya Paha County,NE,2008,0.3982,0.6897,0.2432,0.4741,-0.7,184
31103,Keya Paha County,NE,2009,0.4177,0.7076,0.2559,0.4952,4.16,188
31103,Keya Paha County,NE,2010,0.4058,0.7208,0.2472,0.484,1.2,178
31103,Keya Paha County,NE,2011,0.4186,0.7164,0.2542,0.4772,4.39,197
31103,Keya Paha County,NE,2012,0.3817,0.6169,0.2343,0.4102,-4.81,156
31103,Keya Paha County,NE,2013,0.386,0.7263,0.2379,0.5156,-3.74,195
31103,Keya Paha County,NE,2014,0.4039,0.6826,0.2452,0.45,0.72,196
31103,Keya Paha County,NE,2015,0.4244,0.7135,0.2563,0.4788,5.83,194
31103,Keya Paha County,NE,2016,0.4353,0.6989,0.261,0.4561,8.55,189
31103,Keya Paha County,NE,2017,0.4221,0.6574,0.2577,0.4442,5.26,220
31103,Keya Paha County,NE,2018,0.407,0.7432,0.2532,0.5409,1.5,182
31103,Keya Paha County,NE,2019,0.4018,0.7418,0.2487,0.5128,0.2,205
31103,Keya Paha County,NE,2020,0.4063,0.7438,0.2626,0.5191,1.32,199
31103,Keya Paha County,NE,2021,0.4338,0.6936,0.2686,0.4734,8.18,194
31103,Keya Paha County,NE,2022,0.3668,0.6636,0.2267,0.4428,-8.53,175
31103,Keya Paha County,NE,2023,0.3852,0.7507,0.2368,0.5141,-3.94,196
31103,Keya Paha County,NE,2024,0.4087,0.728,0.2482,0.494,1.92,183
31103,Keya Paha County,NE,2025,0.448,0.7228,0.264,0.5188,11.72,195
31105,Kimball County,NE,2000,0.26,0.3862,0.1677,0.277,-4.83,175
31105,Kimball County,NE,2001,0.2826,0.4909,0.1764,0.3369,3.44,180
31105,Kimball County,NE,2002,0.2443,0.3667,0.1607,0.2584,-10.58,224
31105,Kimball County,NE,2003,0.2864,0.5018,0.1879,0.3611,4.83,181
31105,Kimball County,NE,2004,0.2865,0.4582,0.1788,0.3106,4.87,223
31105,Kimball County,NE,2005,0.2964,0.4961,0.1839,0.3383,8.5,182
31105,Kimball County,NE,2006,0.261,0.4185,0.1653,0.2873,-4.46,203
31105,Kimball County,NE,2007,0.2479,0.4778,0.1574,0.3336,-9.26,190
31105,Kimball County,NE,2008,0.2578,0.4686,0.1588,0.3035,-5.63,229
31105,Kimball County,NE,2009,0.2661,0.5017,0.1696,0.3458,-2.6,185
31105,Kimball County,NE,2010,0.2699,0.5083,0.1705,0.3477,-1.21,184
31105,Kimball County,NE,2011,0.2767,0.488,0.175,0.3336,1.28,190
31105,Kimball County,NE,2012,0.235,0.3811,0.1554,0.2779,-13.98,160
31105,Kimball County,NE,2013,0.2717,0.4636,0.1732,0.3159,-0.55,233
31105,Kimball County,NE,2014,0.2918,0.5348,0.1866,0.3829,6.81,196
31105,Kimball County,NE,2015,0.2915,0.5368,0.1797,0.3592,6.7,191
31105,Kimball County,NE,2016,0.2709,0.4875,0.1714,0.339,-0.84,182
31105,Kimball County,NE,2017,0.2841,0.4621,0.1792,0.3229,3.99,181
31105,Kimball County,NE,2018,0.2879,0.516,0.1774,0.347,5.38,173
31105,Kimball County,NE,2019,0.292,0.5496,0.1823,0.3697,6.88,192
31105,Kimball County,NE,2020,0.2664,0.4533,0.1724,0.3178,-2.49,183
31105,Kimball County,NE,2021,0.2664,0.4752,0.173,0.3356,-2.49,180
31105,Kimball County,NE,2022,0.2375,0.3998,0.1539,0.281,-13.06,202
31105,Kimball County,NE,2023,0.2916,0.587,0.1857,0.4398,6.74,197
31105,Kimball County,NE,2024,0.286,0.4717,0.1811,0.3231,4.69,208
31105,Kimball County,NE,2025,0.2946,0.505,0.184,0.3375,7.84,224
31107,Knox County,NE,2000,0.4163,0.745,0.2611,0.5363,-2.3,198
31107,Knox County,NE,2001,0.401,0.7723,0.2562,0.5864,-5.89,195
31107,Knox County,NE,2002,0.4209,0.7175,0.266,0.5288,-1.22,209
31107,Knox County,NE,2003,0.4301,0.766,0.2717,0.5757,0.94,186
31107,Knox County,NE,2004,0.4421,0.7735,0.2802,0.5817,3.75,190
31107,Knox County,NE,2005,0.4279,0.7829,0.2679,0.5768,0.42,188
31107,Knox County,NE,2006,0.4591,0.745,0.2861,0.545,7.74,193
31107,Knox County,NE,2007,0.4018,0.762,0.2559,0.5731,-5.7,193
31107,Knox County,NE,2008,0.3987,0.7726,0.2538,0.5805,-6.43,190
31107,Knox County,NE,2009,0.4372,0.7921,0.2768,0.5877,2.6,201
31107,Knox County,NE,2010,0.4093,0.8136,0.27,0.6214,-3.94,197
31107,Knox County,NE,2011,0.4181,0.8027,0.2723,0.6118,-1.88,197
31107,Knox County,NE,2012,0.3824,0.6985,0.247,0.5233,-10.26,169
31107,Knox County,NE,2013,0.4347,0.8131,0.2843,0.6412,2.02,206
31107,Knox County,NE,2014,0.4415,0.8042,0.2908,0.6152,3.61,215
31107,Knox County,NE,2015,0.4432,0.8127,0.2906,0.6395,4.01,196
31107,Knox County,NE,2016,0.4346,0.7869,0.2778,0.602,1.99,188
31107,Knox County,NE,2017,0.4585,0.7793,0.2933,0.5778,7.6,211
31107,Knox County,NE,2018,0.4146,0.8278,0.2733,0.6418,-2.7,206
31107,Knox County,NE,2019,0.4194,0.8261,0.2773,0.6391,-1.57,207
31107,Knox County,NE,2020,0.4244,0.8234,0.285,0.6448,-0.4,205
31107,Knox County,NE,2021,0.4365,0.7851,0.2815,0.5972,2.44,206
31107,Knox County,NE,2022,0.4046,0.7638,0.2589,0.5571,-5.05,193
31107,Knox County,NE,2023,0.4102,0.7994,0.2592,0.5962,-3.73,200
31107,Knox County,NE,2024,0.4425,0.8129,0.2894,0.6311,3.85,200
31107,Knox County,NE,2025,0.4691,0.8415,0.3034,0.6459,10.09,213
31109,Lancaster County,NE,2000,0.4295,0.7959,0.2773,0.6176,0.74,204
31109,Lancaster County,NE,2001,0.4131,0.7716,0.2571,0.581,-3.11,205
31109,Lancaster County,NE,2002,0.4256,0.7231,0.2663,0.5333,-0.18,215
31109,Lancaster County,NE,2003,0.4202,0.7558,0.2694,0.5714,-1.44,197
31109,Lancaster County,NE,2004,0.4295,0.7948,0.2795,0.6275,0.74,204
31109,Lancaster County,NE,2005,0.4079,0.7664,0.2579,0.5701,-4.33,206
31109,Lancaster County,NE,2006,0.4472,0.7762,0.2861,0.5949,4.89,209
31109,Lancaster County,NE,2007,0.4028,0.7715,0.2564,0.5775,-5.52,211
31109,Lancaster County,NE,2008,0.4166,0.785,0.2666,0.5954,-2.29,212
31109,Lancaster County,NE,2009,0.4284,0.8043,0.2745,0.6121,0.48,202
31109,Lancaster County,NE,2010,0.4034,0.8107,0.2723,0.6436,-5.38,206
31109,Lancaster County,NE,2011,0.4292,0.8169,0.2876,0.6478,0.67,211
31109,Lancaster County,NE,2012,0.3977,0.7304,0.2605,0.5637,-6.72,182
31109,Lancaster County,NE,2013,0.4334,0.802,0.284,0.65,1.65,214
31109,Lancaster County,NE,2014,0.4418,0.8057,0.2874,0.6167,3.62,209
31109,Lancaster County,NE,2015,0.4425,0.8163,0.2948,0.6479,3.79,218
31109,Lancaster County,NE,2016,0.4482,0.8227,0.2934,0.6428,5.12,212
31109,Lancaster County,NE,2017,0.4474,0.8192,0.2933,0.6474,4.94,214
31109,Lancaster County,NE,2018,0.432,0.8188,0.2829,0.6503,1.32,205
31109,Lancaster County,NE,2019,0.4342,0.8336,0.2906,0.6505,1.84,220
31109,Lancaster County,NE,2020,0.4192,0.8373,0.2827,0.68,-1.68,208
31109,Lancaster County,NE,2021,0.4253,0.8113,0.289,0.6474,-0.25,208
31109,Lancaster County,NE,2022,0.4013,0.7824,0.2681,0.5918,-5.88,200
31109,Lancaster County,NE,2023,0.4146,0.8232,0.2736,0.6559,-2.76,214
31109,Lancaster County,NE,2024,0.4325,0.8242,0.2876,0.6546,1.44,202
31109,Lancaster County,NE,2025,0.4617,0.8433,0.31,0.7009,8.29,204
31111,Lincoln County,NE,2000,0.323,0.5467,0.2004,0.373,-13.28,188
31111,Lincoln County,NE,2001,0.3724,0.6541,0.2264,0.4608,-0.02,196
31111,Lincoln County,NE,2002,0.3279,0.5375,0.2055,0.3805,-11.96,178
31111,Lincoln County,NE,2003,0.3668,0.6626,0.2311,0.4788,-1.52,177
31111,Lincoln County,NE,2004,0.3677,0.6331,0.2246,0.4282,-1.28,217
31111,Lincoln County,NE,2005,0.371,0.6706,0.2275,0.4756,-0.39,187
31111,Lincoln County,NE,2006,0.3617,0.6096,0.2277,0.4228,-2.89,223
31111,Lincoln County,NE,2007,0.3385,0.6699,0.21,0.4674,-9.12,188
31111,Lincoln County,NE,2008,0.3814,0.669,0.2366,0.4589,2.4,189
31111,Lincoln County,NE,2009,0.381,0.6871,0.2345,0.4714,2.29,188
31111,Lincoln County,NE,2010,0.3966,0.6856,0.2432,0.4841,6.48,197
31111,Lincoln County,NE,2011,0.385,0.7012,0.2375,0.4821,3.37,200
31111,Lincoln County,NE,2012,0.3369,0.5828,0.216,0.4171,-9.55,162
31111,Lincoln County,NE,2013,0.3658,0.6646,0.2277,0.4732,-1.79,196
31111,Lincoln County,NE,2014,0.3915,0.6763,0.2452,0.4735,5.11,198
31111,Lincoln County,NE,2015,0.3924,0.7024,0.2401,0.489,5.35,193
31111,Lincoln County,NE,2016,0.3947,0.6802,0.24,0.4696,5.97,202
31111,Lincoln County,NE,2017,0.3813,0.6199,0.2305,0.4246,2.37,197
31111,Lincoln County,NE,2018,0.3597,0.7108,0.2205,0.489,-3.43,191
31111,Lincoln County,NE,2019,0.3928,0.7087,0.2451,0.4888,5.46,208
31111,Lincoln County,NE,2020,0.3712,0.655,0.2387,0.4651,-0.34,201
31111,Lincoln County,NE,2021,0.3972,0.6688,0.2507,0.48,6.64,189
31111,Lincoln County,NE,2022,0.3437,0.5897,0.217,0.4183,-7.72,190
31111,Lincoln County,NE,2023,0.3588,0.7059,0.2224,0.502,-3.67,193
31111,Lincoln County,NE,2024,0.3946,0.6934,0.2403,0.4879,5.94,192
31111,Lincoln County,NE,2025,0.4303,0.7174,0.2551,0.4906,15.53,211
31113,Logan County,NE,2000,0.3228,0.5491,0.2011,0.3687,-9.17,197
31113,Logan County,NE,2001,0.356,0.6342,0.2175,0.4358,0.17,201
31113,Logan County,NE,2002,0.3127,0.5096,0.1955,0.3521,-12.01,176
31113,Logan County,NE,2003,0.3339,0.6112,0.2126,0.4417,-6.05,175
31113,Logan County,NE,2004,0.3423,0.568,0.21,0.3778,-3.69,219
31113,Logan County,NE,2005,0.3477,0.6304,0.2138,0.4334,-2.17,178
31113,Logan County,NE,2006,0.3356,0.526,0.2123,0.3622,-5.57,203
31113,Logan County,NE,2007,0.3261,0.6172,0.205,0.4409,-8.24,185
31113,Logan County,NE,2008,0.3593,0.6137,0.2246,0.4082,1.1,179
31113,Logan County,NE,2009,0.3679,0.6447,0.2277,0.4439,3.52,188
31113,Logan County,NE,2010,0.3813,0.6476,0.2344,0.4492,7.29,198
31113,Logan County,NE,2011,0.3604,0.6586,0.2203,0.4484,1.41,195
31113,Logan County,NE,2012,0.3115,0.5334,0.1998,0.3749,-12.35,156
31113,Logan County,NE,2013,0.3645,0.672,0.2266,0.4684,2.56,201
31113,Logan County,NE,2014,0.3646,0.6235,0.2277,0.4236,2.59,210
31113,Logan County,NE,2015,0.3823,0.6866,0.238,0.482,7.57,199
31113,Logan County,NE,2016,0.3958,0.6671,0.2376,0.4464,11.37,207
31113,Logan County,NE,2017,0.3633,0.5757,0.2204,0.3992,2.22,205
31113,Logan County,NE,2018,0.3522,0.7062,0.2163,0.4618,-0.9,187
31113,Logan County,NE,2019,0.3708,0.6808,0.2293,0.4521,4.33,203
31113,Logan County,NE,2020,0.3652,0.643,0.2367,0.4547,2.76,191
31113,Logan County,NE,2021,0.3801,0.6235,0.2398,0.4401,6.95,200
31113,Logan County,NE,2022,0.34,0.5899,0.2155,0.3988,-4.33,195
31113,Logan County,NE,2023,0.3262,0.6535,0.2028,0.4522,-8.22,194
31113,Logan County,NE,2024,0.3687,0.6799,0.2242,0.4588,3.74,192
31113,Logan County,NE,2025,0.4092,0.7118,0.2448,0.4851,15.14,205
31115,Loup County,NE,2000,0.3278,0.5601,0.1981,0.3608,-9.11,192
31115,Loup County,NE,2001,0.3297,0.5779,0.2003,0.3925,-8.58,199
31115,Loup County,NE,2002,0.3239,0.5277,0.2028,0.3547,-10.19,172
31115,Loup County,NE,2003,0.3399,0.6125,0.2128,0.4219,-5.75,178
31115,Loup County,NE,2004,0.3632,0.5989,0.2195,0.3921,0.71,199
31115,Loup County,NE,2005,0.3529,0.6385,0.2127,0.4373,-2.15,179
31115,Loup County,NE,2006,0.3522,0.554,0.2151,0.3505,-2.34,227
31115,Loup County,NE,2007,0.3305,0.6217,0.2052,0.4209,-8.36,185
31115,Loup County,NE,2008,0.3524,0.6189,0.2181,0.4139,-2.29,197
31115,Loup County,NE,2009,0.3727,0.6348,0.224,0.434,3.34,189
31115,Loup County,NE,2010,0.377,0.6305,0.2304,0.4215,4.54,188
31115,Loup County,NE,2011,0.369,0.6624,0.2225,0.4313,2.32,185
31115,Loup County,NE,2012,0.3278,0.555,0.2022,0.3664,-9.11,153
31115,Loup County,NE,2013,0.3672,0.6308,0.2256,0.4474,1.82,197
31115,Loup County,NE,2014,0.3787,0.6307,0.2292,0.4092,5.01,216
31115,Loup County,NE,2015,0.3691,0.6556,0.2216,0.4414,2.35,183
31115,Loup County,NE,2016,0.3913,0.6474,0.2298,0.4195,8.5,207
31115,Loup County,NE,2017,0.3743,0.5806,0.2259,0.3924,3.79,200
31115,Loup County,NE,2018,0.3838,0.68,0.2315,0.4529,6.42,194
31115,Loup County,NE,2019,0.3894,0.6839,0.2424,0.4664,7.97,195
31115,Loup County,NE,2020,0.3779,0.6664,0.2362,0.4496,4.79,194
31115,Loup County,NE,2021,0.3752,0.6023,0.2235,0.3861,4.04,196
31115,Loup County,NE,2022,0.3403,0.5684,0.2107,0.3768,-5.64,198
31115,Loup County,NE,2023,0.3417,0.6596,0.2055,0.4359,-5.25,209
31115,Loup County,NE,2024,0.3599,0.6595,0.2172,0.4589,-0.21,183
31115,Loup County,NE,2025,0.4089,0.7139,0.2428,0.4675,13.38,206
31117,McPherson County,NE,2000,0.3025,0.4697,0.1814,0.3011,-6.67,196
31117,McPherson County,NE,2001,0.3188,0.521,0.1896,0.3312,-1.64,201
31117,McPherson County,NE,2002,0.2937,0.4498,0.1841,0.3005,-9.39,195
31117,McPherson County,NE,2003,0.3178,0.5518,0.1961,0.3742,-1.95,176
31117,McPherson County,NE,2004,0.3107,0.5031,0.1872,0.3167,-4.14,217
31117,McPherson County,NE,2005,0.3281,0.5752,0.1993,0.395,1.22,176
31117,McPherson County,NE,2006,0.2972,0.4371,0.1817,0.2751,-8.31,196
31117,McPherson County,NE,2007,0.3074,0.5587,0.1942,0.3855,-5.16,192
31117,McPherson County,NE,2008,0.3182,0.5376,0.1948,0.35,-1.83,178
31117,McPherson County,NE,2009,0.3391,0.6067,0.2038,0.401,4.62,183
31117,McPherson County,NE,2010,0.3435,0.5737,0.2016,0.3739,5.98,194
31117,McPherson County,NE,2011,0.3292,0.6018,0.1934,0.3731,1.56,199
31117,McPherson County,NE,2012,0.277,0.4482,0.171,0.2918,-14.54,151
31117,McPherson County,NE,2013,0.3219,0.5819,0.1945,0.3831,-0.69,196
31117,McPherson County,NE,2014,0.3366,0.5551,0.2057,0.3621,3.85,194
31117,McPherson County,NE,2015,0.3417,0.6064,0.2006,0.3817,5.42,192
31117,McPherson County,NE,2016,0.3529,0.5947,0.2101,0.3827,8.88,212
31117,McPherson County,NE,2017,0.3294,0.5102,0.1946,0.324,1.63,211
31117,McPherson County,NE,2018,0.3236,0.6401,0.1903,0.393,-0.16,192
31117,McPherson County,NE,2019,0.3305,0.5932,0.1963,0.375,1.97,203
31117,McPherson County,NE,2020,0.3349,0.5509,0.2064,0.3647,3.32,196
31117,McPherson County,NE,2021,0.3487,0.5863,0.2115,0.3854,7.58,201
31117,McPherson County,NE,2022,0.3055,0.4837,0.1865,0.3151,-5.75,190
31117,McPherson County,NE,2023,0.315,0.601,0.1922,0.4018,-2.82,198
31117,McPherson County,NE,2024,0.3362,0.6158,0.1938,0.3676,3.72,189
31117,McPherson County,NE,2025,0.3673,0.6351,0.2103,0.4182,13.32,202
31119,Madison County,NE,2000,0.3912,0.8322,0.2629,0.6602,-3.42,207
31119,Madison County,NE,2001,0.3879,0.8308,0.2556,0.6631,-4.23,216
31119,Madison County,NE,2002,0.4037,0.8093,0.2677,0.6278,-0.33,222
31119,Madison County,NE,2003,0.4022,0.8302,0.2733,0.6613,-0.7,214
31119,Madison County,NE,2004,0.4061,0.8413,0.2758,0.7077,0.26,213
31119,Madison County,NE,2005,0.4124,0.8341,0.277,0.6835,1.82,213
31119,Madison County,NE,2006,0.4439,0.8491,0.2954,0.6771,9.59,223
31119,Madison County,NE,2007,0.3932,0.844,0.2635,0.6763,-2.92,219
31119,Madison County,NE,2008,0.3764,0.8333,0.2523,0.6487,-7.07,216
31119,Madison County,NE,2009,0.4075,0.8636,0.2794,0.6995,0.61,218
31119,Madison County,NE,2010,0.376,0.8651,0.2649,0.7137,-7.17,209
31119,Madison County,NE,2011,0.3916,0.863,0.2756,0.7142,-3.32,216
31119,Madison County,NE,2012,0.3748,0.765,0.2592,0.6253,-7.47,196
31119,Madison County,NE,2013,0.4128,0.8712,0.2861,0.7109,1.91,224
31119,Madison County,NE,2014,0.4226,0.8692,0.3002,0.7313,4.33,224
31119,Madison County,NE,2015,0.4281,0.8833,0.2993,0.7429,5.69,209
31119,Madison County,NE,2016,0.4103,0.877,0.2828,0.7168,1.3,210
31119,Madison County,NE,2017,0.4266,0.8691,0.2943,0.7185,5.32,224
31119,Madison County,NE,2018,0.3854,0.8723,0.2655,0.7229,-4.85,206
31119,Madison County,NE,2019,0.4166,0.8735,0.2924,0.7232,2.85,218
31119,Madison County,NE,2020,0.4024,0.8645,0.285,0.7262,-0.65,211
31119,Madison County,NE,2021,0.411,0.8649,0.2873,0.7258,1.47,213
31119,Madison County,NE,2022,0.3929,0.8356,0.2738,0.6636,-3.0,208
31119,Madison County,NE,2023,0.3969,0.8811,0.2781,0.7278,-2.01,213
31119,Madison County,NE,2024,0.4192,0.8735,0.294,0.72,3.49,219
31119,Madison County,NE,2025,0.4395,0.8955,0.3115,0.7555,8.51,214
31121,Merrick County,NE,2000,0.4076,0.8008,0.2622,0.6091,-2.86,207
31121,Merrick County,NE,2001,0.3883,0.8066,0.2473,0.6302,-7.46,204
31121,Merrick County,NE,2002,0.4161,0.7791,0.2627,0.595,-0.83,205
31121,Merrick County,NE,2003,0.4183,0.7974,0.2706,0.6061,-0.31,202
31121,Merrick County,NE,2004,0.4241,0.8152,0.2724,0.6351,1.08,204
31121,Merrick County,NE,2005,0.4127,0.816,0.2665,0.6376,-1.64,200
31121,Merrick County,NE,2006,0.4403,0.8348,0.2835,0.6462,4.94,217
31121,Merrick County,NE,2007,0.407,0.8317,0.263,0.6483,-3.0,213
31121,Merrick County,NE,2008,0.402,0.8212,0.253,0.5943,-4.19,217
31121,Merrick County,NE,2009,0.426,0.8444,0.2758,0.6528,1.53,210
31121,Merrick County,NE,2010,0.3926,0.8393,0.2642,0.6653,-6.43,205
31121,Merrick County,NE,2011,0.415,0.8513,0.2744,0.6648,-1.09,214
31121,Merrick County,NE,2012,0.4003,0.7811,0.2637,0.6091,-4.6,190
31121,Merrick County,NE,2013,0.4134,0.8449,0.2774,0.6706,-1.47,220
31121,Merrick County,NE,2014,0.4311,0.8407,0.2918,0.666,2.74,218
31121,Merrick County,NE,2015,0.4386,0.8533,0.293,0.6756,4.53,207
31121,Merrick County,NE,2016,0.4364,0.8358,0.2827,0.6552,4.01,209
31121,Merrick County,NE,2017,0.4421,0.8368,0.2894,0.664,5.37,215
31121,Merrick County,NE,2018,0.4177,0.8592,0.278,0.6984,-0.45,208
31121,Merrick County,NE,2019,0.4316,0.8491,0.2821,0.6478,2.86,215
31121,Merrick County,NE,2020,0.4164,0.8438,0.2846,0.6821,-0.76,209
31121,Merrick County,NE,2021,0.4353,0.8454,0.2899,0.6764,3.74,210
31121,Merrick County,NE,2022,0.4084,0.8101,0.2778,0.6269,-2.67,203
31121,Merrick County,NE,2023,0.4024,0.8387,0.2699,0.6776,-4.1,210
31121,Merrick County,NE,2024,0.432,0.8544,0.2864,0.6627,2.96,213
31121,Merrick County,NE,2025,0.4536,0.8734,0.3041,0.6947,8.11,210
31123,Morrill County,NE,2000,0.2927,0.4951,0.1906,0.3609,-5.32,166
31123,Morrill County,NE,2001,0.305,0.5691,0.1912,0.3918,-1.34,175
31123,Morrill County,NE,2002,0.2704,0.4291,0.1823,0.3166,-12.54,219
31123,Morrill County,NE,2003,0.3261,0.5904,0.216,0.4247,5.48,173
31123,Morrill County,NE,2004,0.3309,0.5354,0.2074,0.3691,7.03,201
31123,Morrill County,NE,2005,0.332,0.5853,0.2092,0.3993,7.39,184
31123,Morrill County,NE,2006,0.3001,0.484,0.1927,0.3436,-2.93,202
31123,Morrill County,NE,2007,0.2791,0.5484,0.1788,0.3879,-9.72,167
31123,Morrill County,NE,2008,0.2929,0.5336,0.1851,0.3647,-5.26,197
31123,Morrill County,NE,2009,0.3141,0.5814,0.2018,0.4015,1.6,191
31123,Morrill County,NE,2010,0.3101,0.57,0.1988,0.3994,0.31,187
31123,Morrill County,NE,2011,0.3149,0.5765,0.2007,0.3932,1.86,188
31123,Morrill County,NE,2012,0.2612,0.4391,0.1759,0.3236,-15.51,159
31123,Morrill County,NE,2013,0.3003,0.5297,0.1929,0.3759,-2.86,206
31123,Morrill County,NE,2014,0.3456,0.6103,0.2205,0.4346,11.79,178
31123,Morrill County,NE,2015,0.3302,0.6018,0.207,0.4109,6.81,188
31123,Morrill County,NE,2016,0.3194,0.5581,0.2011,0.3866,3.31,194
31123,Morrill County,NE,2017,0.3249,0.5526,0.2067,0.3862,5.09,186
31123,Morrill County,NE,2018,0.3125,0.5894,0.1911,0.3969,1.08,177
31123,Morrill County,NE,2019,0.3108,0.5867,0.1936,0.3985,0.53,195
31123,Morrill County,NE,2020,0.2997,0.535,0.1987,0.383,-3.06,173
31123,Morrill County,NE,2021,0.3048,0.5345,0.2007,0.3808,-1.41,181
31123,Morrill County,NE,2022,0.2796,0.4961,0.185,0.357,-9.56,178
31123,Morrill County,NE,2023,0.3107,0.5995,0.1954,0.4254,0.5,185
31123,Morrill County,NE,2024,0.3318,0.5529,0.2095,0.3822,7.33,184
31123,Morrill County,NE,2025,0.3382,0.6091,0.208,0.4024,9.4,183
31125,Nance County,NE,2000,0.3905,0.7404,0.2505,0.5497,-8.2,203
31125,Nance County,NE,2001,0.3968,0.7717,0.2516,0.5965,-6.72,194
31125,Nance County,NE,2002,0.4135,0.7201,0.2594,0.5422,-2.79,194
31125,Nance County,NE,2003,0.4166,0.7695,0.2673,0.5758,-2.06,195
31125,Nance County,NE,2004,0.4236,0.7891,0.27,0.6131,-0.42,198
31125,Nance County,NE,2005,0.4181,0.7961,0.2667,0.6135,-1.71,194
31125,Nance County,NE,2006,0.4564,0.8179,0.2926,0.6236,7.29,220
31125,Nance County,NE,2007,0.4192,0.812,0.2722,0.6328,-1.45,210
31125,Nance County,NE,2008,0.414,0.8144,0.2687,0.6119,-2.67,211
31125,Nance County,NE,2009,0.4331,0.8295,0.2807,0.636,1.82,209
31125,Nance County,NE,2010,0.4014,0.8318,0.2707,0.6565,-5.64,205
31125,Nance County,NE,2011,0.418,0.8409,0.2802,0.6565,-1.73,214
31125,Nance County,NE,2012,0.3894,0.7352,0.2584,0.5696,-8.46,180
31125,Nance County,NE,2013,0.4297,0.846,0.2908,0.6792,1.02,218
31125,Nance County,NE,2014,0.4438,0.8377,0.3013,0.6629,4.33,216
31125,Nance County,NE,2015,0.4482,0.8407,0.2962,0.6596,5.37,205
31125,Nance County,NE,2016,0.4441,0.831,0.2906,0.6499,4.4,206
31125,Nance County,NE,2017,0.4548,0.8122,0.2952,0.6216,6.92,218
31125,Nance County,NE,2018,0.427,0.8574,0.2853,0.6797,0.38,207
31125,Nance County,NE,2019,0.4379,0.8558,0.2967,0.6706,2.94,216
31125,Nance County,NE,2020,0.4291,0.8396,0.2962,0.6847,0.88,208
31125,Nance County,NE,2021,0.439,0.8297,0.289,0.6547,3.2,211
31125,Nance County,NE,2022,0.3963,0.7669,0.2652,0.5858,-6.84,197
31125,Nance County,NE,2023,0.4015,0.7959,0.2606,0.6069,-5.61,211
31125,Nance County,NE,2024,0.4508,0.8577,0.2999,0.6718,5.98,214
31125,Nance County,NE,2025,0.467,0.8721,0.3138,0.6979,9.78,209
31127,Nemaha County,NE,2000,0.4496,0.853,0.282,0.6654,3.78,205
31127,Nemaha County,NE,2001,0.4278,0.8453,0.2618,0.6566,-1.25,215
31127,Nemaha County,NE,2002,0.4211,0.7371,0.2493,0.5215,-2.8,198
31127,Nemaha County,NE,2003,0.4356,0.8107,0.2723,0.614,0.55,203
31127,Nemaha County,NE,2004,0.4364,0.8564,0.2795,0.6779,0.73,207
31127,Nemaha County,NE,2005,0.4176,0.8426,0.2664,0.6546,-3.61,215
31127,Nemaha County,NE,2006,0.4468,0.822,0.282,0.6459,3.13,205
31127,Nemaha County,NE,2007,0.4196,0.8455,0.2692,0.663,-3.14,215
31127,Nemaha County,NE,2008,0.4109,0.8243,0.2603,0.6489,-5.15,216
31127,Nemaha County,NE,2009,0.4368,0.8678,0.2895,0.7112,0.83,210
31127,Nemaha County,NE,2010,0.4088,0.8498,0.2745,0.6798,-5.64,209
31127,Nemaha County,NE,2011,0.4196,0.8467,0.2778,0.6714,-3.14,205
31127,Nemaha County,NE,2012,0.4235,0.784,0.2682,0.5963,-2.24,192
31127,Nemaha County,NE,2013,0.4366,0.8715,0.2783,0.6768,0.78,220
31127,Nemaha County,NE,2014,0.4393,0.8717,0.2877,0.693,1.4,204
31127,Nemaha County,NE,2015,0.4429,0.8723,0.2908,0.7004,2.23,220
31127,Nemaha County,NE,2016,0.4634,0.8656,0.3005,0.6803,6.97,216
31127,Nemaha County,NE,2017,0.4589,0.871,0.2975,0.6921,5.93,214
31127,Nemaha County,NE,2018,0.4387,0.8728,0.2875,0.7208,1.27,203
31127,Nemaha County,NE,2019,0.4099,0.8473,0.2688,0.6736,-5.38,221
31127,Nemaha County,NE,2020,0.4292,0.8893,0.2881,0.7471,-0.93,211
31127,Nemaha County,NE,2021,0.4307,0.8852,0.2883,0.7118,-0.58,215
31127,Nemaha County,NE,2022,0.4129,0.8575,0.2819,0.6904,-4.69,209
31127,Nemaha County,NE,2023,0.4446,0.8991,0.3008,0.7518,2.63,216
31127,Nemaha County,NE,2024,0.4449,0.8843,0.2967,0.728,2.7,205
31127,Nemaha County,NE,2025,0.4576,0.9111,0.3114,0.7973,5.63,208
31129,Nuckolls County,NE,2000,0.3941,0.7215,0.2544,0.5465,-5.95,199
31129,Nuckolls County,NE,2001,0.4136,0.768,0.2642,0.5936,-1.3,201
31129,Nuckolls County,NE,2002,0.4043,0.6849,0.256,0.5092,-3.52,189
31129,Nuckolls County,NE,2003,0.44,0.7516,0.2837,0.5739,5.0,185
31129,Nuckolls County,NE,2004,0.4183,0.7712,0.2715,0.5995,-0.18,196
31129,Nuckolls County,NE,2005,0.4225,0.7623,0.2721,0.5764,0.83,211
31129,Nuckolls County,NE,2006,0.4302,0.7463,0.278,0.5716,2.66,206
31129,Nuckolls County,NE,2007,0.4262,0.7719,0.2755,0.5977,1.71,192
31129,Nuckolls County,NE,2008,0.4142,0.7925,0.2772,0.6319,-1.16,206
31129,Nuckolls County,NE,2009,0.4043,0.7722,0.2648,0.5898,-3.52,201
31129,Nuckolls County,NE,2010,0.4085,0.8067,0.2717,0.6353,-2.52,195
31129,Nuckolls County,NE,2011,0.4197,0.7984,0.2843,0.631,0.16,207
31129,Nuckolls County,NE,2012,0.4034,0.7759,0.2713,0.6117,-3.73,188
31129,Nuckolls County,NE,2013,0.4167,0.8269,0.2783,0.63,-0.56,222
31129,Nuckolls County,NE,2014,0.435,0.8162,0.2917,0.6423,3.81,203
31129,Nuckolls County,NE,2015,0.4251,0.8188,0.2848,0.6459,1.45,204
31129,Nuckolls County,NE,2016,0.44,0.8129,0.2873,0.6281,5.0,215
31129,Nuckolls County,NE,2017,0.434,0.8236,0.2904,0.6647,3.57,215
31129,Nuckolls County,NE,2018,0.4257,0.8202,0.2799,0.6511,1.59,208
31129,Nuckolls County,NE,2019,0.4227,0.8438,0.2862,0.6571,0.87,215
31129,Nuckolls County,NE,2020,0.4159,0.8518,0.289,0.6783,-0.75,208
31129,Nuckolls County,NE,2021,0.4205,0.8424,0.283,0.6646,0.35,209
31129,Nuckolls County,NE,2022,0.4006,0.8162,0.2741,0.6323,-4.4,206
31129,Nuckolls County,NE,2023,0.3818,0.7652,0.247,0.5717,-8.89,204
31129,Nuckolls County,NE,2024,0.4314,0.8337,0.2836,0.6475,2.95,203
31129,Nuckolls County,NE,2025,0.4464,0.8751,0.2977,0.6941,6.53,210
31131,Otoe County,NE,2000,0.4381,0.8494,0.2755,0.6565,2.62,204
31131,Otoe County,NE,2001,0.4118,0.8232,0.253,0.6249,-3.54,212
31131,Otoe County,NE,2002,0.4107,0.6912,0.2463,0.492,-3.8,214
31131,Otoe County,NE,2003,0.4163,0.7825,0.2598,0.5844,-2.48,200
31131,Otoe County,NE,2004,0.4343,0.8553,0.2822,0.6833,1.73,208
31131,Otoe County,NE,2005,0.4052,0.8197,0.2557,0.6184,-5.08,214
31131,Otoe County,NE,2006,0.4476,0.8213,0.2869,0.6432,4.85,208
31131,Otoe County,NE,2007,0.4119,0.8217,0.2652,0.6286,-3.52,220
31131,Otoe County,NE,2008,0.4107,0.8072,0.2609,0.612,-3.8,217
31131,Otoe County,NE,2009,0.4339,0.8611,0.2864,0.6834,1.64,212
31131,Otoe County,NE,2010,0.4069,0.853,0.277,0.69,-4.69,211
31131,Otoe County,NE,2011,0.4252,0.8501,0.2871,0.6872,-0.4,211
31131,Otoe County,NE,2012,0.4059,0.767,0.2605,0.5857,-4.92,193
31131,Otoe County,NE,2013,0.434,0.8486,0.281,0.6942,1.66,218
31131,Otoe County,NE,2014,0.4428,0.8596,0.2898,0.6711,3.72,202
31131,Otoe County,NE,2015,0.4421,0.8637,0.2935,0.6923,3.56,223
31131,Otoe County,NE,2016,0.4644,0.877,0.307,0.699,8.78,218
31131,Otoe County,NE,2017,0.4517,0.8698,0.2995,0.6956,5.81,216
31131,Otoe County,NE,2018,0.4294,0.8595,0.2805,0.6852,0.58,201
31131,Otoe County,NE,2019,0.416,0.8683,0.2786,0.6928,-2.56,225
31131,Otoe County,NE,2020,0.4204,0.8848,0.2862,0.7454,-1.52,213
31131,Otoe County,NE,2021,0.4212,0.8834,0.2876,0.7108,-1.34,218
31131,Otoe County,NE,2022,0.3969,0.8167,0.2695,0.6326,-7.03,205
31131,Otoe County,NE,2023,0.4355,0.8952,0.299,0.7601,2.01,215
31131,Otoe County,NE,2024,0.4329,0.8808,0.2945,0.7166,1.4,208
31131,Otoe County,NE,2025,0.4538,0.9016,0.3128,0.7818,6.3,206
31133,Pawnee County,NE,2000,0.4761,0.7895,0.282,0.5578,3.91,197
31133,Pawnee County,NE,2001,0.4734,0.7989,0.2773,0.5631,3.32,203
31133,Pawnee County,NE,2002,0.4615,0.7439,0.2711,0.5179,0.72,185
31133,Pawnee County,NE,2003,0.4678,0.7654,0.2807,0.5393,2.1,183
31133,Pawnee County,NE,2004,0.4634,0.7962,0.2802,0.5814,1.14,185
31133,Pawnee County,NE,2005,0.4514,0.7648,0.2743,0.5557,-1.48,202
31133,Pawnee County,NE,2006,0.4862,0.7844,0.2968,0.5615,6.12,205
31133,Pawnee County,NE,2007,0.4528,0.7886,0.2797,0.5754,-1.17,202
31133,Pawnee County,NE,2008,0.4454,0.7988,0.2746,0.5832,-2.79,206
31133,Pawnee County,NE,2009,0.4524,0.8011,0.2786,0.5728,-1.26,202
31133,Pawnee County,NE,2010,0.4459,0.8099,0.2839,0.6025,-2.68,200
31133,Pawnee County,NE,2011,0.4419,0.7976,0.2799,0.5878,-3.55,202
31133,Pawnee County,NE,2012,0.4512,0.745,0.2747,0.5324,-1.52,178
31133,Pawnee County,NE,2013,0.468,0.8351,0.2908,0.6198,2.14,215
31133,Pawnee County,NE,2014,0.4492,0.8269,0.2843,0.6156,-1.96,205
31133,Pawnee County,NE,2015,0.458,0.8217,0.2821,0.6065,-0.04,211
31133,Pawnee County,NE,2016,0.4879,0.8169,0.3018,0.606,6.49,209
31133,Pawnee County,NE,2017,0.4611,0.7958,0.284,0.5925,0.64,197
31133,Pawnee County,NE,2018,0.4677,0.8353,0.2911,0.6278,2.08,204
31133,Pawnee County,NE,2019,0.4546,0.8456,0.2854,0.6175,-0.78,228
31133,Pawnee County,NE,2020,0.4423,0.8599,0.2851,0.6733,-3.47,213
31133,Pawnee County,NE,2021,0.4498,0.8324,0.2894,0.6334,-1.83,207
31133,Pawnee County,NE,2022,0.4135,0.8209,0.2695,0.618,-9.75,197
31133,Pawnee County,NE,2023,0.4475,0.8574,0.2882,0.6723,-2.33,220
31133,Pawnee County,NE,2024,0.4596,0.8516,0.2943,0.6589,0.31,199
31133,Pawnee County,NE,2025,0.4841,0.8802,0.3101,0.7236,5.66,206
31135,Perkins County,NE,2000,0.3413,0.6089,0.2173,0.4505,-2.51,191
31135,Perkins County,NE,2001,0.3626,0.6978,0.2262,0.5306,3.58,199
31135,Perkins County,NE,2002,0.3421,0.6244,0.2246,0.4858,-2.28,203
31135,Perkins County,NE,2003,0.3571,0.6661,0.2287,0.4954,2.01,188
31135,Perkins County,NE,2004,0.3646,0.6795,0.2304,0.5015,4.15,223
31135,Perkins County,NE,2005,0.3638,0.675,0.232,0.5161,3.92,193
31135,Perkins County,NE,2006,0.3569,0.6493,0.2295,0.4923,1.95,202
31135,Perkins County,NE,2007,0.3155,0.7061,0.204,0.536,-9.88,192
31135,Perkins County,NE,2008,0.3592,0.693,0.232,0.515,2.61,208
31135,Perkins County,NE,2009,0.3576,0.6924,0.2276,0.5013,2.15,194
31135,Perkins County,NE,2010,0.355,0.7077,0.2316,0.5412,1.41,208
31135,Perkins County,NE,2011,0.3592,0.7213,0.2336,0.532,2.61,207
31135,Perkins County,NE,2012,0.3166,0.6192,0.2178,0.482,-9.56,183
31135,Perkins County,NE,2013,0.3278,0.6811,0.2151,0.5103,-6.36,211
31135,Perkins County,NE,2014,0.3649,0.7141,0.2444,0.5565,4.24,208
31135,Perkins County,NE,2015,0.3586,0.7378,0.2339,0.5581,2.44,214
31135,Perkins County,NE,2016,0.3786,0.7305,0.2475,0.5605,8.15,204
31135,Perkins County,NE,2017,0.3605,0.7087,0.2346,0.5329,2.98,210
31135,Perkins County,NE,2018,0.3394,0.7549,0.2187,0.5614,-3.05,204
31135,Perkins County,NE,2019,0.35,0.7458,0.2335,0.5827,-0.02,209
31135,Perkins County,NE,2020,0.3409,0.6974,0.2329,0.5253,-2.62,214
31135,Perkins County,NE,2021,0.3535,0.7006,0.2446,0.5571,0.98,202
31135,Perkins County,NE,2022,0.297,0.5646,0.2067,0.4396,-15.16,196
31135,Perkins County,NE,2023,0.3134,0.756,0.2067,0.5831,-10.48,203
31135,Perkins County,NE,2024,0.3649,0.7493,0.2369,0.5551,4.24,218
31135,Perkins County,NE,2025,0.4009,0.7696,0.2617,0.5781,14.52,218
31137,Phelps County,NE,2000,0.3736,0.8264,0.2551,0.6639,-7.02,207
31137,Phelps County,NE,2001,0.378,0.8463,0.2499,0.6881,-5.93,214
31137,Phelps County,NE,2002,0.393,0.8094,0.2668,0.6697,-2.19,209
31137,Phelps County,NE,2003,0.4076,0.8421,0.28,0.6913,1.44,209
31137,Phelps County,NE,2004,0.407,0.8534,0.2757,0.6931,1.29,218
31137,Phelps County,NE,2005,0.4041,0.8419,0.2756,0.6941,0.57,213
31137,Phelps County,NE,2006,0.4114,0.8585,0.2855,0.7058,2.39,217
31137,Phelps County,NE,2007,0.3674,0.8589,0.2552,0.7116,-8.56,212
31137,Phelps County,NE,2008,0.3798,0.8607,0.2599,0.6813,-5.48,215
31137,Phelps County,NE,2009,0.4051,0.8744,0.2831,0.7283,0.82,205
31137,Phelps County,NE,2010,0.3972,0.8733,0.2775,0.7261,-1.15,209
31137,Phelps County,NE,2011,0.3967,0.8655,0.2779,0.7212,-1.27,214
31137,Phelps County,NE,2012,0.3951,0.8324,0.2847,0.7035,-1.67,202
31137,Phelps County,NE,2013,0.391,0.8561,0.2827,0.7262,-2.69,214
31137,Phelps County,NE,2014,0.4114,0.8648,0.2973,0.7313,2.39,217
31137,Phelps County,NE,2015,0.4117,0.8737,0.2923,0.7445,2.46,208
31137,Phelps County,NE,2016,0.412,0.8722,0.2856,0.717,2.54,209
31137,Phelps County,NE,2017,0.418,0.8741,0.2946,0.7524,4.03,218
31137,Phelps County,NE,2018,0.408,0.8758,0.2916,0.7428,1.54,208
31137,Phelps County,NE,2019,0.4013,0.8763,0.2849,0.7216,-0.13,213
31137,Phelps County,NE,2020,0.3903,0.8681,0.2864,0.7456,-2.86,209
31137,Phelps County,NE,2021,0.4184,0.8846,0.3018,0.7557,4.13,206
31137,Phelps County,NE,2022,0.4049,0.8638,0.2946,0.7162,0.77,213
31137,Phelps County,NE,2023,0.4002,0.8889,0.2785,0.727,-0.4,201
31137,Phelps County,NE,2024,0.4181,0.8584,0.295,0.7107,4.05,221
31137,Phelps County,NE,2025,0.4457,0.8972,0.3123,0.7427,10.92,209
31139,Pierce County,NE,2000,0.3869,0.8177,0.2554,0.6367,-4.44,204
31139,Pierce County,NE,2001,0.3907,0.845,0.2582,0.6814,-3.5,214
31139,Pierce County,NE,2002,0.4132,0.8049,0.2764,0.6327,2.06,224
31139,Pierce County,NE,2003,0.4099,0.8285,0.2753,0.6588,1.24,213
31139,Pierce County,NE,2004,0.4137,0.8415,0.2822,0.7015,2.18,208
31139,Pierce County,NE,2005,0.4087,0.8372,0.2738,0.6756,0.95,213
31139,Pierce County,NE,2006,0.4433,0.8451,0.2965,0.6767,9.49,217
31139,Pierce County,NE,2007,0.3896,0.8362,0.26,0.6685,-3.77,215
31139,Pierce County,NE,2008,0.3761,0.8402,0.2533,0.6636,-7.1,212
31139,Pierce County,NE,2009,0.4049,0.8549,0.2768,0.688,0.01,214
31139,Pierce County,NE,2010,0.3757,0.8668,0.2655,0.7271,-7.2,209
31139,Pierce County,NE,2011,0.3893,0.8666,0.2704,0.7116,-3.84,213
31139,Pierce County,NE,2012,0.3869,0.7851,0.2702,0.649,-4.44,196
31139,Pierce County,NE,2013,0.4106,0.8696,0.287,0.7274,1.42,223
31139,Pierce County,NE,2014,0.422,0.8741,0.3014,0.738,4.23,227
31139,Pierce County,NE,2015,0.4256,0.8812,0.2991,0.7451,5.12,207
31139,Pierce County,NE,2016,0.4122,0.8732,0.2828,0.7146,1.81,209
31139,Pierce County,NE,2017,0.4313,0.8577,0.2936,0.6918,6.53,222
31139,Pierce County,NE,2018,0.3783,0.8739,0.2632,0.7277,-6.56,210
31139,Pierce County,NE,2019,0.4098,0.876,0.2855,0.7173,1.22,217
31139,Pierce County,NE,2020,0.4046,0.8851,0.2873,0.7246,-0.07,214
31139,Pierce County,NE,2021,0.4092,0.8676,0.2862,0.7329,1.07,213
31139,Pierce County,NE,2022,0.3908,0.8401,0.2737,0.6696,-3.47,214
31139,Pierce County,NE,2023,0.3867,0.8716,0.2669,0.7126,-4.49,211
31139,Pierce County,NE,2024,0.4189,0.8762,0.2915,0.7173,3.47,218
31139,Pierce County,NE,2025,0.4376,0.8963,0.3079,0.7348,8.09,215
31141,Platte County,NE,2000,0.3797,0.8334,0.2536,0.6509,-5.46,200
31141,Platte County,NE,2001,0.3752,0.829,0.2431,0.6641,-6.58,209
31141,Platte County,NE,2002,0.3878,0.8022,0.2551,0.6443,-3.44,209
31141,Platte County,NE,2003,0.3977,0.8309,0.2668,0.6575,-0.97,213
31141,Platte County,NE,2004,0.4005,0.8541,0.2721,0.7244,-0.28,211
31141,Platte County,NE,2005,0.3921,0.8361,0.2666,0.699,-2.37,201
31141,Platte County,NE,2006,0.4269,0.8595,0.2853,0.7055,6.3,216
31141,Platte County,NE,2007,0.3859,0.8577,0.2591,0.6965,-3.91,214
31141,Platte County,NE,2008,0.3798,0.8519,0.2566,0.6766,-5.43,217
31141,Platte County,NE,2009,0.4046,0.8739,0.2786,0.7214,0.74,215
31141,Platte County,NE,2010,0.3742,0.8679,0.2634,0.7313,-6.83,207
31141,Platte County,NE,2011,0.3933,0.8721,0.2777,0.7397,-2.07,214
31141,Platte County,NE,2012,0.3817,0.8011,0.2627,0.6637,-4.96,194
31141,Platte County,NE,2013,0.4096,0.8799,0.2873,0.7368,1.99,223
31141,Platte County,NE,2014,0.4214,0.8729,0.3011,0.7476,4.93,219
31141,Platte County,NE,2015,0.4233,0.8853,0.2949,0.7455,5.4,208
31141,Platte County,NE,2016,0.4045,0.8762,0.2815,0.7329,0.72,211
31141,Platte County,NE,2017,0.4318,0.8721,0.2957,0.7332,7.52,223
31141,Platte County,NE,2018,0.3931,0.8793,0.2705,0.7347,-2.12,205
31141,Platte County,NE,2019,0.4195,0.8837,0.2939,0.736,4.45,218
31141,Platte County,NE,2020,0.4002,0.8829,0.2847,0.7474,-0.35,208
31141,Platte County,NE,2021,0.4082,0.8729,0.2858,0.748,1.64,213
31141,Platte County,NE,2022,0.4032,0.8592,0.2857,0.7044,0.39,208
31141,Platte County,NE,2023,0.4012,0.8816,0.2826,0.753,-0.1,215
31141,Platte County,NE,2024,0.4137,0.8787,0.2932,0.7392,3.01,220
31141,Platte County,NE,2025,0.4329,0.8972,0.3076,0.7683,7.79,213
31143,Polk County,NE,2000,0.4044,0.8222,0.2615,0.6391,-1.97,208
31143,Polk County,NE,2001,0.383,0.8359,0.2425,0.6559,-7.16,206
31143,Polk County,NE,2002,0.4017,0.8019,0.2545,0.623,-2.63,205
31143,Polk County,NE,2003,0.4088,0.8228,0.2659,0.644,-0.91,208
31143,Polk County,NE,2004,0.41,0.8526,0.2663,0.6829,-0.61,206
31143,Polk County,NE,2005,0.4073,0.8392,0.2703,0.6898,-1.27,202
31143,Polk County,NE,2006,0.4324,0.8631,0.2849,0.7076,4.82,213
31143,Polk County,NE,2007,0.3971,0.865,0.2607,0.696,-3.74,214
31143,Polk County,NE,2008,0.3876,0.8556,0.2547,0.665,-6.04,218
31143,Polk County,NE,2009,0.4174,0.8779,0.2813,0.717,1.18,210
31143,Polk County,NE,2010,0.3839,0.881,0.268,0.7432,-6.94,209
31143,Polk County,NE,2011,0.4088,0.879,0.2831,0.7425,-0.91,217
31143,Polk County,NE,2012,0.3936,0.8214,0.2647,0.6662,-4.59,195
31143,Polk County,NE,2013,0.4076,0.8743,0.2806,0.7373,-1.2,220
31143,Polk County,NE,2014,0.4284,0.879,0.2988,0.7375,3.85,214
31143,Polk County,NE,2015,0.4282,0.8968,0.294,0.7442,3.8,210
31143,Polk County,NE,2016,0.4257,0.8782,0.2891,0.7357,3.19,210
31143,Polk County,NE,2017,0.4374,0.8763,0.2947,0.7269,6.03,217
31143,Polk County,NE,2018,0.4097,0.8895,0.2785,0.7501,-0.69,207
31143,Polk County,NE,2019,0.4321,0.8932,0.2949,0.7334,4.74,217
31143,Polk County,NE,2020,0.4066,0.888,0.2885,0.743,-1.44,209
31143,Polk County,NE,2021,0.4227,0.8813,0.2916,0.7502,2.46,218
31143,Polk County,NE,2022,0.4165,0.8631,0.2961,0.7206,0.96,209
31143,Polk County,NE,2023,0.4043,0.88,0.2735,0.7182,-2.0,210
31143,Polk County,NE,2024,0.4256,0.8859,0.2933,0.7287,3.17,220
31143,Polk County,NE,2025,0.4451,0.912,0.3107,0.7602,7.89,208
31145,Red Willow County,NE,2000,0.325,0.5689,0.2084,0.4129,-10.84,196
31145,Red Willow County,NE,2001,0.3606,0.6927,0.2266,0.5285,-1.07,185
31145,Red Willow County,NE,2002,0.3272,0.5352,0.2101,0.392,-10.23,202
31145,Red Willow County,NE,2003,0.3762,0.6836,0.2468,0.5183,3.21,171
31145,Red Willow County,NE,2004,0.3711,0.6896,0.2389,0.5142,1.81,215
31145,Red Willow County,NE,2005,0.3848,0.6752,0.2429,0.5035,5.57,185
31145,Red Willow County,NE,2006,0.3679,0.6261,0.2393,0.4661,0.93,210
31145,Red Willow County,NE,2007,0.3365,0.7021,0.2191,0.5327,-7.68,190
31145,Red Willow County,NE,2008,0.3626,0.673,0.2348,0.4914,-0.52,205
31145,Red Willow County,NE,2009,0.3745,0.7009,0.2436,0.5226,2.74,192
31145,Red Willow County,NE,2010,0.3863,0.7175,0.2477,0.5359,5.98,196
31145,Red Willow County,NE,2011,0.3645,0.6875,0.2327,0.5065,0.0,202
31145,Red Willow County,NE,2012,0.3232,0.5803,0.2151,0.4387,-11.33,159
31145,Red Willow County,NE,2013,0.3176,0.5776,0.2048,0.4227,-12.87,219
31145,Red Willow County,NE,2014,0.3842,0.6925,0.2539,0.5322,5.4,205
31145,Red Willow County,NE,2015,0.3705,0.6885,0.2411,0.518,1.65,204
31145,Red Willow County,NE,2016,0.4015,0.7118,0.2625,0.5467,10.15,198
31145,Red Willow County,NE,2017,0.3844,0.6827,0.2437,0.5057,5.46,198
31145,Red Willow County,NE,2018,0.3683,0.7318,0.2388,0.5456,1.04,211
31145,Red Willow County,NE,2019,0.3734,0.7402,0.2491,0.5683,2.44,201
31145,Red Willow County,NE,2020,0.3557,0.7008,0.2413,0.53,-2.41,204
31145,Red Willow County,NE,2021,0.3649,0.6943,0.2469,0.5421,0.11,193
31145,Red Willow County,NE,2022,0.3151,0.5538,0.2127,0.4166,-13.55,196
31145,Red Willow County,NE,2023,0.3673,0.7314,0.2359,0.5486,0.77,201
31145,Red Willow County,NE,2024,0.4061,0.7299,0.2633,0.548,11.41,206
31145,Red Willow County,NE,2025,0.4076,0.7142,0.2557,0.5276,11.82,217
31147,Richardson County,NE,2000,0.4641,0.8488,0.2931,0.671,3.81,202
31147,Richardson County,NE,2001,0.4434,0.846,0.2736,0.6612,-0.82,208
31147,Richardson County,NE,2002,0.4377,0.7689,0.2616,0.5491,-2.1,194
31147,Richardson County,NE,2003,0.4424,0.8151,0.2769,0.6285,-1.05,194
31147,Richardson County,NE,2004,0.4448,0.841,0.281,0.6606,-0.51,200
31147,Richardson County,NE,2005,0.4401,0.8322,0.2775,0.6419,-1.56,210
31147,Richardson County,NE,2006,0.4657,0.8284,0.2991,0.6562,4.16,207
31147,Richardson County,NE,2007,0.4362,0.8297,0.2812,0.6489,-2.43,211
31147,Richardson County,NE,2008,0.4225,0.8327,0.2682,0.6521,-5.5,210
31147,Richardson County,NE,2009,0.4426,0.8538,0.2919,0.6901,-1.0,211
31147,Richardson County,NE,2010,0.4273,0.8542,0.2878,0.687,-4.43,205
31147,Richardson County,NE,2011,0.4312,0.8544,0.2868,0.6714,-3.55,204
31147,Richardson County,NE,2012,0.4458,0.7951,0.2851,0.6102,-0.29,192
31147,Richardson County,NE,2013,0.4568,0.8692,0.295,0.6895,2.17,219
31147,Richardson County,NE,2014,0.4377,0.8616,0.285,0.6821,-2.1,204
31147,Richardson County,NE,2015,0.45,0.8656,0.293,0.6889,0.65,214
31147,Richardson County,NE,2016,0.4777,0.8603,0.3093,0.686,6.85,212
31147,Richardson County,NE,2017,0.469,0.8479,0.2992,0.6619,4.9,204
31147,Richardson County,NE,2018,0.4515,0.8543,0.2912,0.6912,0.99,206
31147,Richardson County,NE,2019,0.4397,0.864,0.2851,0.6796,-1.65,225
31147,Richardson County,NE,2020,0.4478,0.8885,0.3008,0.7394,0.16,212
31147,Richardson County,NE,2021,0.4484,0.8765,0.3014,0.707,0.29,210
31147,Richardson County,NE,2022,0.4278,0.8746,0.2949,0.7144,-4.31,203
31147,Richardson County,NE,2023,0.4453,0.8859,0.2985,0.726,-0.4,218
31147,Richardson County,NE,2024,0.4621,0.8768,0.3044,0.7134,3.36,204
31147,Richardson County,NE,2025,0.4666,0.8911,0.3164,0.8114,4.37,208
31149,Rock County,NE,2000,0.3418,0.6038,0.2083,0.3973,-9.05,194
31149,Rock County,NE,2001,0.359,0.6592,0.2217,0.4657,-4.48,205
31149,Rock County,NE,2002,0.3403,0.5473,0.2155,0.381,-9.45,201
31149,Rock County,NE,2003,0.3578,0.6312,0.2248,0.4481,-4.8,183
31149,Rock County,NE,2004,0.3774,0.6134,0.234,0.4157,0.42,201
31149,Rock County,NE,2005,0.3733,0.6754,0.2266,0.4663,-0.67,178
31149,Rock County,NE,2006,0.3798,0.5989,0.2355,0.3976,1.06,225
31149,Rock County,NE,2007,0.3377,0.6344,0.2118,0.4434,-10.14,184
31149,Rock County,NE,2008,0.3547,0.6553,0.2212,0.4485,-5.62,204
31149,Rock County,NE,2009,0.3885,0.6784,0.2387,0.4674,3.37,192
31149,Rock County,NE,2010,0.3764,0.6653,0.2317,0.4458,0.15,194
31149,Rock County,NE,2011,0.3907,0.6953,0.237,0.4581,3.96,203
31149,Rock County,NE,2012,0.3663,0.6115,0.2283,0.4167,-2.53,160
31149,Rock County,NE,2013,0.37,0.665,0.2301,0.4659,-1.55,203
31149,Rock County,NE,2014,0.3867,0.6591,0.2389,0.4338,2.89,216
31149,Rock County,NE,2015,0.3985,0.6877,0.2463,0.4799,6.03,193
31149,Rock County,NE,2016,0.4114,0.6698,0.2492,0.4493,9.47,200
31149,Rock County,NE,2017,0.4015,0.6426,0.2471,0.4427,6.83,215
31149,Rock County,NE,2018,0.3856,0.7113,0.2365,0.4957,2.6,197
31149,Rock County,NE,2019,0.3779,0.7194,0.2284,0.4894,0.55,206
31149,Rock County,NE,2020,0.3913,0.713,0.2459,0.4889,4.12,202
31149,Rock County,NE,2021,0.4011,0.6789,0.2479,0.4567,6.72,196
31149,Rock County,NE,2022,0.3504,0.6001,0.2211,0.4121,-6.77,185
31149,Rock County,NE,2023,0.3488,0.681,0.2162,0.4789,-7.19,207
31149,Rock County,NE,2024,0.3792,0.6908,0.2318,0.4868,0.9,187
31149,Rock County,NE,2025,0.4254,0.7374,0.2556,0.4903,13.19,207
31151,Saline County,NE,2000,0.4235,0.8127,0.2736,0.6275,0.62,204
31151,Saline County,NE,2001,0.4147,0.8126,0.2561,0.6197,-1.47,210
31151,Saline County,NE,2002,0.4187,0.748,0.2587,0.557,-0.52,204
31151,Saline County,NE,2003,0.425,0.7857,0.27,0.6084,0.97,202
31151,Saline County,NE,2004,0.4231,0.8224,0.2722,0.6479,0.52,208
31151,Saline County,NE,2005,0.4091,0.8095,0.2612,0.6182,-2.8,212
31151,Saline County,NE,2006,0.4443,0.8274,0.287,0.6604,5.56,206
31151,Saline County,NE,2007,0.4046,0.8219,0.2637,0.6492,-3.87,212
31151,Saline County,NE,2008,0.416,0.8432,0.2711,0.6662,-1.17,213
31151,Saline County,NE,2009,0.4212,0.8384,0.2735,0.6566,0.07,204
31151,Saline County,NE,2010,0.3938,0.8467,0.2652,0.6762,-6.44,203
31151,Saline County,NE,2011,0.427,0.8558,0.283,0.679,1.45,209
31151,Saline County,NE,2012,0.3962,0.7852,0.26,0.6187,-5.87,190
31151,Saline County,NE,2013,0.4324,0.8543,0.284,0.6837,2.73,217
31151,Saline County,NE,2014,0.4365,0.8564,0.2934,0.6941,3.71,211
31151,Saline County,NE,2015,0.418,0.8443,0.2779,0.6759,-0.69,213
31151,Saline County,NE,2016,0.4302,0.8669,0.2774,0.6764,2.21,215
31151,Saline County,NE,2017,0.439,0.8534,0.2871,0.6722,4.3,214
31151,Saline County,NE,2018,0.4274,0.8705,0.2809,0.7142,1.54,203
31151,Saline County,NE,2019,0.4316,0.892,0.2921,0.7118,2.54,220
31151,Saline County,NE,2020,0.4135,0.8902,0.2816,0.7238,-1.76,209
31151,Saline County,NE,2021,0.4219,0.8585,0.284,0.6817,0.24,205
31151,Saline County,NE,2022,0.4059,0.8512,0.2788,0.6733,-3.56,210
31151,Saline County,NE,2023,0.394,0.868,0.2652,0.6994,-6.39,215
31151,Saline County,NE,2024,0.4205,0.8732,0.2857,0.7109,-0.1,203
31151,Saline County,NE,2025,0.4554,0.9,0.3086,0.7495,8.2,205
31153,Sarpy County,NE,2000,0.4234,0.8037,0.2817,0.6406,3.43,201
31153,Sarpy County,NE,2001,0.3872,0.7621,0.2497,0.5925,-5.41,208
31153,Sarpy County,NE,2002,0.4173,0.7267,0.2691,0.5604,1.94,218
31153,Sarpy County,NE,2003,0.3852,0.7459,0.2531,0.592,-5.9,197
31153,Sarpy County,NE,2004,0.4177,0.7947,0.281,0.6613,2.04,203
31153,Sarpy County,NE,2005,0.3945,0.7745,0.2648,0.6271,-3.63,209
31153,Sarpy County,NE,2006,0.4316,0.7728,0.2798,0.5885,5.43,221
31153,Sarpy County,NE,2007,0.3839,0.7693,0.2533,0.5964,-6.22,224
31153,Sarpy County,NE,2008,0.3916,0.7666,0.2612,0.6112,-4.34,210
31153,Sarpy County,NE,2009,0.4182,0.8049,0.2844,0.6537,2.16,210
31153,Sarpy County,NE,2010,0.3929,0.7869,0.2722,0.6455,-4.02,206
31153,Sarpy County,NE,2011,0.3994,0.7773,0.2712,0.6189,-2.43,212
31153,Sarpy County,NE,2012,0.3922,0.7341,0.2606,0.5801,-4.19,182
31153,Sarpy County,NE,2013,0.4209,0.7777,0.2807,0.6393,2.82,214
31153,Sarpy County,NE,2014,0.4245,0.7876,0.2871,0.6437,3.7,214
31153,Sarpy County,NE,2015,0.4319,0.801,0.2947,0.6616,5.51,212
31153,Sarpy County,NE,2016,0.424,0.8002,0.2862,0.6468,3.58,213
31153,Sarpy County,NE,2017,0.437,0.7734,0.2908,0.6211,6.75,211
31153,Sarpy County,NE,2018,0.4108,0.7837,0.2756,0.6342,0.35,209
31153,Sarpy County,NE,2019,0.4125,0.7789,0.2749,0.6127,0.77,212
31153,Sarpy County,NE,2020,0.3964,0.772,0.2694,0.6332,-3.17,205
31153,Sarpy County,NE,2021,0.4048,0.7646,0.2773,0.623,-1.11,213
31153,Sarpy County,NE,2022,0.3916,0.7273,0.2675,0.5755,-4.34,202
31153,Sarpy County,NE,2023,0.4073,0.7829,0.2736,0.6349,-0.5,213
31153,Sarpy County,NE,2024,0.4209,0.7667,0.2809,0.616,2.82,206
31153,Sarpy County,NE,2025,0.4256,0.7855,0.2911,0.6716,3.97,205
31155,Saunders County,NE,2000,0.4259,0.8569,0.2812,0.6789,3.47,204
31155,Saunders County,NE,2001,0.3951,0.8204,0.2488,0.6276,-4.01,209
31155,Saunders County,NE,2002,0.4053,0.7967,0.256,0.5984,-1.53,211
31155,Saunders County,NE,2003,0.3947,0.8025,0.2566,0.621,-4.11,209
31155,Saunders County,NE,2004,0.4137,0.8571,0.2761,0.713,0.51,209
31155,Saunders County,NE,2005,0.3931,0.8289,0.2547,0.6411,-4.5,214
31155,Saunders County,NE,2006,0.4333,0.8491,0.2802,0.6484,5.27,222
31155,Saunders County,NE,2007,0.3877,0.8478,0.2544,0.665,-5.81,220
31155,Saunders County,NE,2008,0.3869,0.8388,0.2509,0.6466,-6.0,220
31155,Saunders County,NE,2009,0.4215,0.8714,0.2843,0.7106,2.4,209
31155,Saunders County,NE,2010,0.3884,0.8628,0.2684,0.71,-5.64,212
31155,Saunders County,NE,2011,0.409,0.8662,0.2811,0.7192,-0.63,218
31155,Saunders County,NE,2012,0.3835,0.8052,0.2589,0.6432,-6.83,193
31155,Saunders County,NE,2013,0.4086,0.8591,0.2758,0.7105,-0.73,219
31155,Saunders County,NE,2014,0.4349,0.8638,0.2948,0.7027,5.66,220
31155,Saunders County,NE,2015,0.4325,0.8781,0.2992,0.7195,5.08,219
31155,Saunders County,NE,2016,0.4172,0.8774,0.2848,0.7189,1.36,216
31155,Saunders County,NE,2017,0.4391,0.8739,0.2967,0.7139,6.68,222
31155,Saunders County,NE,2018,0.4102,0.8807,0.2808,0.7283,-0.34,209
31155,Saunders County,NE,2019,0.4239,0.8807,0.2926,0.7078,2.99,222
31155,Saunders County,NE,2020,0.3984,0.8706,0.2807,0.7397,-3.21,210
31155,Saunders County,NE,2021,0.4163,0.8709,0.2934,0.7307,1.14,214
31155,Saunders County,NE,2022,0.4084,0.8411,0.2849,0.6705,-0.78,207
31155,Saunders County,NE,2023,0.4078,0.89,0.2828,0.7517,-0.92,213
31155,Saunders County,NE,2024,0.425,0.8771,0.2942,0.7256,3.25,218
31155,Saunders County,NE,2025,0.4413,0.9016,0.3114,0.7924,7.21,207
31157,Scotts Bluff County,NE,2000,0.3131,0.5611,0.2115,0.4286,-4.25,191
31157,Scotts Bluff County,NE,2001,0.3316,0.6308,0.2224,0.4874,1.41,192
31157,Scotts Bluff County,NE,2002,0.2962,0.5522,0.2042,0.4209,-9.41,241
31157,Scotts Bluff County,NE,2003,0.3207,0.6208,0.2191,0.4684,-1.92,186
31157,Scotts Bluff County,NE,2004,0.3392,0.599,0.223,0.4427,3.74,240
31157,Scotts Bluff County,NE,2005,0.3527,0.6474,0.2348,0.4751,7.86,206
31157,Scotts Bluff County,NE,2006,0.3059,0.5641,0.2077,0.4396,-6.45,195
31157,Scotts Bluff County,NE,2007,0.2898,0.594,0.1972,0.4532,-11.37,191
31157,Scotts Bluff County,NE,2008,0.3143,0.6236,0.2103,0.4628,-3.88,219
31157,Scotts Bluff County,NE,2009,0.3214,0.6455,0.2171,0.4875,-1.71,201
31157,Scotts Bluff County,NE,2010,0.3203,0.6238,0.2133,0.4658,-2.04,195
31157,Scotts Bluff County,NE,2011,0.3232,0.6376,0.2157,0.4739,-1.16,195
31157,Scotts Bluff County,NE,2012,0.2942,0.533,0.2055,0.4179,-10.03,195
31157,Scotts Bluff County,NE,2013,0.3256,0.6156,0.2178,0.4623,-0.42,221
31157,Scotts Bluff County,NE,2014,0.3461,0.6769,0.2306,0.5162,5.85,193
31157,Scotts Bluff County,NE,2015,0.3452,0.6544,0.2287,0.4983,5.57,199
31157,Scotts Bluff County,NE,2016,0.3403,0.627,0.2281,0.4709,4.07,196
31157,Scotts Bluff County,NE,2017,0.34,0.63,0.2296,0.4791,3.98,195
31157,Scotts Bluff County,NE,2018,0.3308,0.6589,0.2191,0.4934,1.17,185
31157,Scotts Bluff County,NE,2019,0.3316,0.6631,0.2195,0.4985,1.41,202
31157,Scotts Bluff County,NE,2020,0.3215,0.6062,0.2247,0.47,-1.68,184
31157,Scotts Bluff County,NE,2021,0.3344,0.6181,0.2317,0.4799,2.27,192
31157,Scotts Bluff County,NE,2022,0.3183,0.5934,0.2214,0.4625,-2.66,191
31157,Scotts Bluff County,NE,2023,0.3458,0.6959,0.2335,0.5472,5.75,198
31157,Scotts Bluff County,NE,2024,0.3393,0.601,0.2309,0.4572,3.77,205
31157,Scotts Bluff County,NE,2025,0.3601,0.661,0.2398,0.4922,10.13,207
31159,Seward County,NE,2000,0.425,0.8353,0.2789,0.6592,0.93,204
31159,Seward County,NE,2001,0.4088,0.8365,0.2519,0.642,-2.91,203
31159,Seward County,NE,2002,0.4101,0.7706,0.2526,0.5719,-2.6,206
31159,Seward County,NE,2003,0.4186,0.8009,0.2677,0.6205,-0.59,205
31159,Seward County,NE,2004,0.4194,0.8482,0.2708,0.6834,-0.4,203
31159,Seward County,NE,2005,0.3984,0.8109,0.2525,0.6244,-5.38,208
31159,Seward County,NE,2006,0.4428,0.8317,0.2808,0.6421,5.16,213
31159,Seward County,NE,2007,0.4027,0.8442,0.2616,0.6721,-4.36,212
31159,Seward County,NE,2008,0.4045,0.8407,0.2637,0.6677,-3.93,214
31159,Seward County,NE,2009,0.4244,0.8607,0.2784,0.6842,0.79,205
31159,Seward County,NE,2010,0.3932,0.8697,0.2703,0.7082,-6.62,207
31159,Seward County,NE,2011,0.4253,0.8736,0.2899,0.7245,1.01,213
31159,Seward County,NE,2012,0.3951,0.8043,0.2618,0.6329,-6.17,193
31159,Seward County,NE,2013,0.4191,0.8607,0.2797,0.7088,-0.47,211
31159,Seward County,NE,2014,0.4397,0.8605,0.2957,0.6954,4.43,211
31159,Seward County,NE,2015,0.4326,0.8677,0.2903,0.7001,2.74,214
31159,Seward County,NE,2016,0.4349,0.8664,0.2857,0.6883,3.29,213
31159,Seward County,NE,2017,0.4409,0.8652,0.2952,0.7145,4.71,214
31159,Seward County,NE,2018,0.4259,0.8731,0.2836,0.7159,1.15,203
31159,Seward County,NE,2019,0.4347,0.8838,0.2943,0.7096,3.24,219
31159,Seward County,NE,2020,0.4177,0.8754,0.2873,0.7281,-0.8,209
31159,Seward County,NE,2021,0.4273,0.8592,0.2899,0.697,1.48,204
31159,Seward County,NE,2022,0.4173,0.833,0.2836,0.6563,-0.89,208
31159,Seward County,NE,2023,0.4049,0.8644,0.2749,0.724,-3.84,213
31159,Seward County,NE,2024,0.4297,0.8773,0.2922,0.7123,2.05,207
31159,Seward County,NE,2025,0.4547,0.8974,0.3079,0.732,7.99,205
31161,Sheridan County,NE,2000,0.3122,0.5304,0.1966,0.3647,1.64,172
31161,Sheridan County,NE,2001,0.2848,0.5601,0.1746,0.366,-7.28,190
31161,Sheridan County,NE,2002,0.2685,0.4361,0.1726,0.3017,-12.59,196
31161,Sheridan County,NE,2003,0.3183,0.5749,0.2043,0.4029,3.63,173
31161,Sheridan County,NE,2004,0.3226,0.5098,0.1976,0.33,5.03,223
31161,Sheridan County,NE,2005,0.332,0.5751,0.2044,0.3874,8.09,180
31161,Sheridan County,NE,2006,0.3122,0.4964,0.192,0.333,1.64,207
31161,Sheridan County,NE,2007,0.2868,0.5355,0.1789,0.3655,-6.63,162
31161,Sheridan County,NE,2008,0.3,0.5506,0.187,0.3685,-2.33,184
31161,Sheridan County,NE,2009,0.3064,0.556,0.1939,0.3783,-0.25,183
31161,Sheridan County,NE,2010,0.302,0.5784,0.1878,0.3901,-1.68,185
31161,Sheridan County,NE,2011,0.3249,0.5946,0.2033,0.3996,5.78,193
31161,Sheridan County,NE,2012,0.2646,0.4371,0.1722,0.3029,-13.86,152
31161,Sheridan County,NE,2013,0.2905,0.5728,0.1855,0.3993,-5.42,197
31161,Sheridan County,NE,2014,0.3361,0.5977,0.212,0.4144,9.42,175
31161,Sheridan County,NE,2015,0.3299,0.6244,0.2043,0.4111,7.4,189
31161,Sheridan County,NE,2016,0.2987,0.5361,0.1821,0.3561,-2.75,193
31161,Sheridan County,NE,2017,0.3201,0.5713,0.1961,0.384,4.21,184
31161,Sheridan County,NE,2018,0.3048,0.5946,0.1841,0.3958,-0.77,186
31161,Sheridan County,NE,2019,0.3173,0.6031,0.1934,0.4079,3.3,204
31161,Sheridan County,NE,2020,0.2907,0.5317,0.1874,0.3699,-5.36,178
31161,Sheridan County,NE,2021,0.3138,0.5532,0.2,0.3858,2.16,184
31161,Sheridan County,NE,2022,0.2982,0.5128,0.1897,0.3556,-2.92,187
31161,Sheridan County,NE,2023,0.3057,0.6064,0.1902,0.4218,-0.47,194
31161,Sheridan County,NE,2024,0.3084,0.5679,0.189,0.377,0.4,175
31161,Sheridan County,NE,2025,0.3366,0.615,0.2019,0.4093,9.59,179
31163,Sherman County,NE,2000,0.3605,0.6783,0.2363,0.5036,-12.81,197
31163,Sherman County,NE,2001,0.3785,0.7271,0.2447,0.5572,-8.46,184
31163,Sherman County,NE,2002,0.3912,0.667,0.2562,0.5034,-5.39,200
31163,Sherman County,NE,2003,0.4134,0.7518,0.2746,0.5833,-0.02,182
31163,Sherman County,NE,2004,0.4323,0.7413,0.2772,0.546,4.55,189
31163,Sherman County,NE,2005,0.4126,0.7587,0.2678,0.5759,-0.21,191
31163,Sherman County,NE,2006,0.4267,0.7239,0.2806,0.5396,3.2,227
31163,Sherman County,NE,2007,0.402,0.7751,0.265,0.5905,-2.77,194
31163,Sherman County,NE,2008,0.4113,0.7716,0.2732,0.5763,-0.52,200
31163,Sherman County,NE,2009,0.4347,0.7911,0.2885,0.6037,5.13,206
31163,Sherman County,NE,2010,0.4116,0.8117,0.2791,0.6292,-0.45,198
31163,Sherman County,NE,2011,0.4016,0.8002,0.2716,0.6203,-2.87,203
31163,Sherman County,NE,2012,0.3687,0.7027,0.2519,0.5438,-10.83,167
31163,Sherman County,NE,2013,0.4135,0.7907,0.2773,0.6202,0.01,203
31163,Sherman County,NE,2014,0.4355,0.7843,0.2904,0.583,5.33,207
31163,Sherman County,NE,2015,0.4208,0.7839,0.2799,0.6031,1.77,192
31163,Sherman County,NE,2016,0.4467,0.7883,0.2891,0.5935,8.04,200
31163,Sherman County,NE,2017,0.4407,0.7558,0.2913,0.5819,6.59,202
31163,Sherman County,NE,2018,0.4271,0.8068,0.2896,0.6261,3.3,203
31163,Sherman County,NE,2019,0.4264,0.8244,0.2929,0.639,3.13,209
31163,Sherman County,NE,2020,0.3949,0.7782,0.2787,0.6182,-4.49,200
31163,Sherman County,NE,2021,0.4254,0.7733,0.2834,0.593,2.89,199
31163,Sherman County,NE,2022,0.376,0.7211,0.2557,0.5526,-9.06,198
31163,Sherman County,NE,2023,0.3949,0.8019,0.255,0.5973,-4.49,196
31163,Sherman County,NE,2024,0.4366,0.8119,0.2943,0.644,5.59,205
31163,Sherman County,NE,2025,0.4666,0.842,0.312,0.6496,12.85,211
31165,Sioux County,NE,2000,0.2733,0.4622,0.1683,0.3102,-0.9,163
31165,Sioux County,NE,2001,0.2721,0.4869,0.1619,0.3063,-1.33,163
31165,Sioux County,NE,2002,0.2486,0.3949,0.1532,0.2567,-9.85,193
31165,Sioux County,NE,2003,0.2953,0.5403,0.18,0.3352,7.08,164
31165,Sioux County,NE,2004,0.2847,0.4356,0.1705,0.2578,3.24,269
31165,Sioux County,NE,2005,0.3182,0.5518,0.1913,0.3402,15.39,174
31165,Sioux County,NE,2006,0.2569,0.4054,0.1566,0.2682,-6.84,167
31165,Sioux County,NE,2007,0.229,0.4298,0.1391,0.2771,-16.96,148
31165,Sioux County,NE,2008,0.2579,0.4996,0.1584,0.3274,-6.48,180
31165,Sioux County,NE,2009,0.2921,0.547,0.179,0.3555,5.92,176
31165,Sioux County,NE,2010,0.2733,0.5288,0.1659,0.3329,-0.9,175
31165,Sioux County,NE,2011,0.2761,0.5232,0.1635,0.3222,0.12,180
31165,Sioux County,NE,2012,0.2245,0.3398,0.1395,0.2168,-18.59,148
31165,Sioux County,NE,2013,0.2418,0.4419,0.1506,0.2916,-12.32,194
31165,Sioux County,NE,2014,0.3122,0.6069,0.1904,0.4208,13.21,160
31165,Sioux County,NE,2015,0.3101,0.5634,0.1815,0.3492,12.45,176
31165,Sioux County,NE,2016,0.2641,0.4693,0.157,0.2974,-4.23,177
31165,Sioux County,NE,2017,0.284,0.4986,0.1709,0.3257,2.98,166
31165,Sioux County,NE,2018,0.2838,0.546,0.1635,0.3406,2.91,168
31165,Sioux County,NE,2019,0.2933,0.5674,0.1692,0.3553,6.36,185
31165,Sioux County,NE,2020,0.259,0.4602,0.1623,0.3034,-6.08,160
31165,Sioux County,NE,2021,0.2677,0.4751,0.1664,0.3071,-2.93,162
31165,Sioux County,NE,2022,0.2755,0.4872,0.1689,0.3219,-0.1,163
31165,Sioux County,NE,2023,0.2969,0.5573,0.1782,0.382,7.66,182
31165,Sioux County,NE,2024,0.2762,0.4868,0.1664,0.3098,0.16,158
31165,Sioux County,NE,2025,0.3034,0.5532,0.176,0.3373,10.02,177
31167,Stanton County,NE,2000,0.4235,0.8329,0.2788,0.649,0.66,203
31167,Stanton County,NE,2001,0.4142,0.8318,0.2699,0.6521,-1.55,208
31167,Stanton County,NE,2002,0.4235,0.7829,0.2772,0.6005,0.66,222
31167,Stanton County,NE,2003,0.4183,0.8064,0.2771,0.617,-0.58,207
31167,Stanton County,NE,2004,0.4318,0.8417,0.2867,0.6955,2.63,210
31167,Stanton County,NE,2005,0.4223,0.8183,0.2807,0.6523,0.37,203
31167,Stanton County,NE,2006,0.4616,0.8261,0.3005,0.6408,9.71,221
31167,Stanton County,NE,2007,0.4197,0.8315,0.2749,0.6515,-0.25,216
31167,Stanton County,NE,2008,0.389,0.8054,0.2571,0.6245,-7.54,208
31167,Stanton County,NE,2009,0.4219,0.8551,0.2825,0.6722,0.28,215
31167,Stanton County,NE,2010,0.3937,0.8652,0.2718,0.7019,-6.43,210
31167,Stanton County,NE,2011,0.4074,0.8567,0.282,0.7002,-3.17,210
31167,Stanton County,NE,2012,0.3722,0.7382,0.2489,0.5821,-11.54,190
31167,Stanton County,NE,2013,0.43,0.8741,0.2921,0.7081,2.2,222
31167,Stanton County,NE,2014,0.4333,0.8642,0.3042,0.72,2.99,227
31167,Stanton County,NE,2015,0.4438,0.8834,0.307,0.7336,5.48,207
31167,Stanton County,NE,2016,0.4289,0.8755,0.2967,0.7275,1.94,208
31167,Stanton County,NE,2017,0.4493,0.8686,0.3098,0.7171,6.79,223
31167,Stanton County,NE,2018,0.4089,0.8842,0.2875,0.7428,-2.81,208
31167,Stanton County,NE,2019,0.4308,0.869,0.3005,0.7102,2.39,217
31167,Stanton County,NE,2020,0.4052,0.8466,0.2859,0.7057,-3.69,208
31167,Stanton County,NE,2021,0.4232,0.8732,0.2937,0.7251,0.59,213
31167,Stanton County,NE,2022,0.4009,0.8267,0.2756,0.6396,-4.72,206
31167,Stanton County,NE,2023,0.4,0.8702,0.2743,0.7113,-4.93,214
31167,Stanton County,NE,2024,0.4273,0.8748,0.2993,0.7363,1.56,216
31167,Stanton County,NE,2025,0.4585,0.9053,0.3229,0.7668,8.98,215
31169,Thayer County,NE,2000,0.3975,0.7741,0.2613,0.6074,-4.55,201
31169,Thayer County,NE,2001,0.4036,0.8032,0.2563,0.6291,-3.09,206
31169,Thayer County,NE,2002,0.4075,0.7559,0.2586,0.5859,-2.15,197
31169,Thayer County,NE,2003,0.4281,0.7834,0.2794,0.6242,2.8,203
31169,Thayer County,NE,2004,0.4044,0.8064,0.2646,0.6345,-2.89,203
31169,Thayer County,NE,2005,0.4135,0.8048,0.2726,0.6333,-0.71,215
31169,Thayer County,NE,2006,0.429,0.8012,0.2788,0.6328,3.01,208
31169,Thayer County,NE,2007,0.4145,0.8056,0.2717,0.6452,-0.47,207
31169,Thayer County,NE,2008,0.4085,0.8333,0.2754,0.6703,-1.91,213
31169,Thayer County,NE,2009,0.409,0.8362,0.2764,0.6743,-1.79,200
31169,Thayer County,NE,2010,0.4065,0.8356,0.2744,0.669,-2.39,200
31169,Thayer County,NE,2011,0.4199,0.8442,0.289,0.6891,0.83,208
31169,Thayer County,NE,2012,0.4109,0.8113,0.279,0.6538,-1.33,196
31169,Thayer County,NE,2013,0.4235,0.8588,0.2864,0.6875,1.69,221
31169,Thayer County,NE,2014,0.429,0.8525,0.2959,0.7012,3.01,205
31169,Thayer County,NE,2015,0.4228,0.8613,0.2865,0.6999,1.52,208
31169,Thayer County,NE,2016,0.4343,0.8568,0.2866,0.6875,4.29,215
31169,Thayer County,NE,2017,0.4235,0.8291,0.2854,0.6797,1.69,213
31169,Thayer County,NE,2018,0.4189,0.8539,0.2788,0.6921,0.59,208
31169,Thayer County,NE,2019,0.4194,0.88,0.2882,0.7125,0.71,216
31169,Thayer County,NE,2020,0.4141,0.8782,0.2865,0.7075,-0.57,207
31169,Thayer County,NE,2021,0.4174,0.855,0.286,0.6936,0.23,210
31169,Thayer County,NE,2022,0.4081,0.8607,0.2869,0.6989,-2.01,208
31169,Thayer County,NE,2023,0.3957,0.8165,0.2678,0.6754,-4.98,207
31169,Thayer County,NE,2024,0.4213,0.8628,0.2866,0.6921,1.16,202
31169,Thayer County,NE,2025,0.4469,0.8995,0.3014,0.7309,7.31,207
31171,Thomas County,NE,2000,0.3191,0.4981,0.189,0.3158,-4.87,194
31171,Thomas County,NE,2001,0.3298,0.5683,0.1937,0.3773,-1.68,199
31171,Thomas County,NE,2002,0.3023,0.446,0.1841,0.286,-9.88,207
31171,Thomas County,NE,2003,0.314,0.5449,0.1946,0.3657,-6.39,175
31171,Thomas County,NE,2004,0.3263,0.5456,0.1983,0.3543,-2.73,221
31171,Thomas County,NE,2005,0.33,0.5704,0.196,0.3687,-1.62,174
31171,Thomas County,NE,2006,0.3181,0.4898,0.1954,0.3118,-5.17,199
31171,Thomas County,NE,2007,0.3104,0.5533,0.1938,0.3764,-7.47,187
31171,Thomas County,NE,2008,0.3299,0.5364,0.2019,0.3466,-1.65,199
31171,Thomas County,NE,2009,0.3454,0.5953,0.2081,0.3896,2.97,189
31171,Thomas County,NE,2010,0.3527,0.5855,0.2067,0.3756,5.14,190
31171,Thomas County,NE,2011,0.3359,0.6028,0.1953,0.3844,0.14,200
31171,Thomas County,NE,2012,0.2902,0.4642,0.1753,0.2927,-13.49,154
31171,Thomas County,NE,2013,0.3465,0.6055,0.2051,0.3792,3.3,212
31171,Thomas County,NE,2014,0.3439,0.54,0.2065,0.3454,2.52,206
31171,Thomas County,NE,2015,0.3574,0.6221,0.2119,0.4053,6.54,189
31171,Thomas County,NE,2016,0.3621,0.5968,0.2082,0.3723,7.95,211
31171,Thomas County,NE,2017,0.351,0.5246,0.2058,0.3363,4.64,216
31171,Thomas County,NE,2018,0.3395,0.6292,0.201,0.3942,1.21,186
31171,Thomas County,NE,2019,0.355,0.6097,0.2102,0.3824,5.83,207
31171,Thomas County,NE,2020,0.3558,0.595,0.2204,0.3973,6.07,210
31171,Thomas County,NE,2021,0.3557,0.5487,0.2137,0.3525,6.04,195
31171,Thomas County,NE,2022,0.3107,0.5162,0.1862,0.3224,-7.38,179
31171,Thomas County,NE,2023,0.3129,0.6198,0.1887,0.4095,-6.72,208
31171,Thomas County,NE,2024,0.3468,0.635,0.2004,0.3962,3.38,187
31171,Thomas County,NE,2025,0.3802,0.6498,0.2139,0.4111,13.34,203
31173,Thurston County,NE,2000,0.4223,0.871,0.2862,0.7205,1.61,203
31173,Thurston County,NE,2001,0.3978,0.8596,0.2649,0.7064,-4.29,211
31173,Thurston County,NE,2002,0.4114,0.8439,0.2658,0.6511,-1.02,217
31173,Thurston County,NE,2003,0.4075,0.8598,0.2717,0.6881,-1.95,213
31173,Thurston County,NE,2004,0.4157,0.8708,0.2785,0.7317,0.02,209
31173,Thurston County,NE,2005,0.4176,0.8643,0.275,0.6906,0.48,207
31173,Thurston County,NE,2006,0.4476,0.8582,0.2973,0.6942,7.69,213
31173,Thurston County,NE,2007,0.3986,0.8638,0.2631,0.6889,-4.1,214
31173,Thurston County,NE,2008,0.3939,0.8703,0.2629,0.6886,-5.23,211
31173,Thurston County,NE,2009,0.4067,0.8852,0.2845,0.7536,-2.15,213
31173,Thurston County,NE,2010,0.3864,0.8938,0.2692,0.758,-7.03,209
31173,Thurston County,NE,2011,0.4074,0.8808,0.2809,0.7185,-1.98,211
31173,Thurston County,NE,2012,0.3926,0.8149,0.2656,0.6514,-5.54,192
31173,Thurston County,NE,2013,0.4203,0.8867,0.2864,0.7409,1.13,226
31173,Thurston County,NE,2014,0.433,0.8889,0.3034,0.7413,4.18,224
31173,Thurston County,NE,2015,0.4396,0.9015,0.3119,0.7883,5.77,212
31173,Thurston County,NE,2016,0.4293,0.8869,0.298,0.7446,3.29,207
31173,Thurston County,NE,2017,0.4514,0.8859,0.3066,0.7213,8.61,220
31173,Thurston County,NE,2018,0.3959,0.8977,0.2777,0.7574,-4.75,205
31173,Thurston County,NE,2019,0.4318,0.894,0.3023,0.7604,3.89,213
31173,Thurston County,NE,2020,0.4094,0.8772,0.2845,0.7259,-1.5,207
31173,Thurston County,NE,2021,0.4211,0.8993,0.2928,0.7586,1.32,207
31173,Thurston County,NE,2022,0.3986,0.8369,0.2696,0.6431,-4.1,208
31173,Thurston County,NE,2023,0.3922,0.8807,0.2685,0.738,-5.64,209
31173,Thurston County,NE,2024,0.4273,0.9018,0.2994,0.7588,2.81,218
31173,Thurston County,NE,2025,0.4508,0.9223,0.3181,0.8003,8.46,217
31175,Valley County,NE,2000,0.3781,0.6917,0.2454,0.5006,-10.57,200
31175,Valley County,NE,2001,0.3992,0.7382,0.2584,0.5573,-5.58,199
31175,Valley County,NE,2002,0.4017,0.6829,0.2601,0.5109,-4.99,193
31175,Valley County,NE,2003,0.4238,0.7679,0.2775,0.5809,0.24,187
31175,Valley County,NE,2004,0.4356,0.7378,0.2749,0.5407,3.03,190
31175,Valley County,NE,2005,0.4231,0.7747,0.2708,0.5812,0.07,193
31175,Valley County,NE,2006,0.4303,0.7288,0.278,0.5281,1.78,232
31175,Valley County,NE,2007,0.4046,0.7761,0.2634,0.5883,-4.3,191
31175,Valley County,NE,2008,0.4206,0.7753,0.2768,0.5877,-0.52,199
31175,Valley County,NE,2009,0.4382,0.7863,0.2871,0.5939,3.64,211
31175,Valley County,NE,2010,0.4209,0.7983,0.2791,0.6083,-0.45,196
31175,Valley County,NE,2011,0.4162,0.7939,0.2789,0.6243,-1.56,199
31175,Valley County,NE,2012,0.3793,0.7032,0.256,0.5374,-10.29,169
31175,Valley County,NE,2013,0.419,0.7877,0.2762,0.6143,-0.9,201
31175,Valley County,NE,2014,0.431,0.7807,0.2848,0.5797,1.94,212
31175,Valley County,NE,2015,0.429,0.7777,0.2811,0.5903,1.47,193
31175,Valley County,NE,2016,0.4485,0.7915,0.2895,0.5995,6.08,201
31175,Valley County,NE,2017,0.4486,0.7616,0.2887,0.5705,6.1,204
31175,Valley County,NE,2018,0.4364,0.8194,0.2928,0.6273,3.22,204
31175,Valley County,NE,2019,0.4274,0.8282,0.292,0.6408,1.09,210
31175,Valley County,NE,2020,0.4214,0.7983,0.2924,0.6284,-0.33,205
31175,Valley County,NE,2021,0.4433,0.7866,0.2898,0.5884,4.85,200
31175,Valley County,NE,2022,0.3991,0.7475,0.2676,0.5632,-5.6,202
31175,Valley County,NE,2023,0.4057,0.7925,0.2591,0.5896,-4.04,197
31175,Valley County,NE,2024,0.4399,0.8174,0.2935,0.6449,4.05,202
31175,Valley County,NE,2025,0.4717,0.8431,0.3077,0.6346,11.57,209
31177,Washington County,NE,2000,0.4428,0.8671,0.2949,0.7113,5.95,204
31177,Washington County,NE,2001,0.3972,0.842,0.2584,0.6671,-4.96,212
31177,Washington County,NE,2002,0.4241,0.8142,0.2708,0.6119,1.48,218
31177,Washington County,NE,2003,0.392,0.8149,0.2574,0.6318,-6.2,212
31177,Washington County,NE,2004,0.4271,0.8591,0.284,0.7132,2.2,209
31177,Washington County,NE,2005,0.4006,0.8294,0.2616,0.6515,-4.14,208
31177,Washington County,NE,2006,0.4486,0.8428,0.2919,0.6552,7.34,218
31177,Washington County,NE,2007,0.4005,0.8484,0.263,0.6642,-4.17,223
31177,Washington County,NE,2008,0.3982,0.8442,0.259,0.6626,-4.72,210
31177,Washington County,NE,2009,0.4269,0.869,0.2926,0.7295,2.15,215
31177,Washington County,NE,2010,0.3909,0.8578,0.2725,0.7149,-6.46,213
31177,Washington County,NE,2011,0.3951,0.8299,0.2683,0.6762,-5.46,209
31177,Washington County,NE,2012,0.3941,0.7994,0.2618,0.6351,-5.7,191
31177,Washington County,NE,2013,0.4194,0.8627,0.279,0.6962,0.36,220
31177,Washington County,NE,2014,0.4292,0.8529,0.2908,0.6896,2.7,226
31177,Washington County,NE,2015,0.4372,0.8766,0.3016,0.7319,4.61,217
31177,Washington County,NE,2016,0.4277,0.8774,0.2918,0.7291,2.34,214
31177,Washington County,NE,2017,0.4505,0.8659,0.3,0.6963,7.8,219
31177,Washington County,NE,2018,0.4124,0.8685,0.2848,0.7241,-1.32,202
31177,Washington County,NE,2019,0.4267,0.8593,0.2872,0.6859,2.1,221
31177,Washington County,NE,2020,0.403,0.861,0.2823,0.7408,-3.57,208
31177,Washington County,NE,2021,0.4206,0.8654,0.2948,0.7273,0.64,212
31177,Washington County,NE,2022,0.4134,0.8366,0.2853,0.6603,-1.08,203
31177,Washington County,NE,2023,0.4078,0.8641,0.2765,0.7029,-2.42,214
31177,Washington County,NE,2024,0.4257,0.8587,0.2909,0.718,1.86,215
31177,Washington County,NE,2025,0.4541,0.8947,0.3169,0.8021,8.66,209
31179,Wayne County,NE,2000,0.3898,0.84,0.2621,0.6654,-2.29,201
31179,Wayne County,NE,2001,0.3978,0.8654,0.2687,0.713,-0.28,214
31179,Wayne County,NE,2002,0.4049,0.8232,0.2695,0.6349,1.5,225
31179,Wayne County,NE,2003,0.4058,0.8478,0.2776,0.6741,1.73,216
31179,Wayne County,NE,2004,0.4094,0.8673,0.2818,0.7441,2.63,213
31179,Wayne County,NE,2005,0.411,0.8634,0.2818,0.713,3.03,214
31179,Wayne County,NE,2006,0.4427,0.859,0.2995,0.6932,10.98,221
31179,Wayne County,NE,2007,0.392,0.8651,0.2648,0.7042,-1.73,220
31179,Wayne County,NE,2008,0.3759,0.8614,0.2602,0.7009,-5.77,213
31179,Wayne County,NE,2009,0.3972,0.8828,0.2793,0.7249,-0.43,217
31179,Wayne County,NE,2010,0.3652,0.9014,0.2659,0.7922,-8.45,210
31179,Wayne County,NE,2011,0.383,0.8833,0.2746,0.7449,-3.99,214
31179,Wayne County,NE,2012,0.3608,0.7678,0.2498,0.6212,-9.55,198
31179,Wayne County,NE,2013,0.4028,0.8973,0.2852,0.771,0.97,228
31179,Wayne County,NE,2014,0.4165,0.8955,0.3031,0.7712,4.41,229
31179,Wayne County,NE,2015,0.4222,0.9107,0.3056,0.794,5.84,210
31179,Wayne County,NE,2016,0.4047,0.8927,0.2913,0.7715,1.45,214
31179,Wayne County,NE,2017,0.4238,0.8891,0.2987,0.7405,6.24,229
31179,Wayne County,NE,2018,0.3785,0.9108,0.2752,0.7813,-5.12,212
31179,Wayne County,NE,2019,0.4017,0.8928,0.2927,0.7625,0.7,223
31179,Wayne County,NE,2020,0.3927,0.8926,0.2888,0.7623,-1.56,214
31179,Wayne County,NE,2021,0.3973,0.901,0.2868,0.7727,-0.4,209
31179,Wayne County,NE,2022,0.3736,0.8283,0.2596,0.6312,-6.35,219
31179,Wayne County,NE,2023,0.3816,0.8985,0.2709,0.7624,-4.34,211
31179,Wayne County,NE,2024,0.415,0.9076,0.3035,0.7849,4.03,223
31179,Wayne County,NE,2025,0.4259,0.923,0.3138,0.827,6.76,220
31181,Webster County,NE,2000,0.4009,0.7172,0.2543,0.526,-4.54,191
31181,Webster County,NE,2001,0.41,0.7445,0.2635,0.5688,-2.37,193
31181,Webster County,NE,2002,0.3968,0.6593,0.2525,0.4912,-5.51,189
31181,Webster County,NE,2003,0.4337,0.7381,0.2806,0.563,3.27,176
31181,Webster County,NE,2004,0.432,0.748,0.2769,0.5693,2.87,198
31181,Webster County,NE,2005,0.4266,0.7401,0.2735,0.5557,1.58,206
31181,Webster County,NE,2006,0.4311,0.7276,0.2782,0.54,2.65,208
31181,Webster County,NE,2007,0.4235,0.7567,0.2763,0.5819,0.84,195
31181,Webster County,NE,2008,0.4209,0.7829,0.2758,0.5957,0.22,207
31181,Webster County,NE,2009,0.4004,0.7473,0.2578,0.5563,-4.66,200
31181,Webster County,NE,2010,0.4233,0.7956,0.2839,0.6279,0.8,197
31181,Webster County,NE,2011,0.4265,0.7982,0.2856,0.6157,1.56,209
31181,Webster County,NE,2012,0.3992,0.7253,0.265,0.5575,-4.94,182
31181,Webster County,NE,2013,0.402,0.7926,0.2671,0.5897,-4.28,220
31181,Webster County,NE,2014,0.4232,0.771,0.2759,0.5764,0.77,206
31181,Webster County,NE,2015,0.4196,0.79,0.279,0.6169,-0.09,197
31181,Webster County,NE,2016,0.4417,0.7769,0.2853,0.5928,5.18,202
31181,Webster County,NE,2017,0.4389,0.7943,0.2878,0.6272,4.51,208
31181,Webster County,NE,2018,0.429,0.7995,0.2821,0.6243,2.15,215
31181,Webster County,NE,2019,0.4325,0.8116,0.2923,0.6281,2.99,212
31181,Webster County,NE,2020,0.4062,0.7898,0.2761,0.6125,-3.28,208
31181,Webster County,NE,2021,0.4321,0.8175,0.2905,0.6439,2.89,205
31181,Webster County,NE,2022,0.4018,0.7862,0.2725,0.5936,-4.32,208
31181,Webster County,NE,2023,0.3918,0.7744,0.2575,0.609,-6.7,200
31181,Webster County,NE,2024,0.4275,0.8152,0.2819,0.64,1.8,197
31181,Webster County,NE,2025,0.4477,0.8431,0.2957,0.6564,6.61,215
31183,Wheeler County,NE,2000,0.3669,0.6917,0.2301,0.4875,-7.38,204
31183,Wheeler County,NE,2001,0.3593,0.6799,0.2226,0.485,-9.3,207
31183,Wheeler County,NE,2002,0.376,0.638,0.2361,0.4506,-5.09,193
31183,Wheeler County,NE,2003,0.3755,0.6886,0.2415,0.4974,-5.21,188
31183,Wheeler County,NE,2004,0.3961,0.6844,0.2487,0.4935,-0.01,206
31183,Wheeler County,NE,2005,0.3941,0.6949,0.2475,0.5008,-0.52,190
31183,Wheeler County,NE,2006,0.4007,0.6626,0.2516,0.4478,1.15,226
31183,Wheeler County,NE,2007,0.3718,0.6966,0.233,0.4898,-6.15,208
31183,Wheeler County,NE,2008,0.381,0.7203,0.2396,0.4971,-3.82,211
31183,Wheeler County,NE,2009,0.4067,0.7239,0.2546,0.5029,2.66,210
31183,Wheeler County,NE,2010,0.3781,0.7495,0.2369,0.5218,-4.56,194
31183,Wheeler County,NE,2011,0.3958,0.7191,0.2495,0.5115,-0.09,202
31183,Wheeler County,NE,2012,0.3673,0.6423,0.2381,0.4593,-7.28,172
31183,Wheeler County,NE,2013,0.3887,0.6946,0.2448,0.4911,-1.88,223
31183,Wheeler County,NE,2014,0.4124,0.7282,0.2644,0.517,4.1,218
31183,Wheeler County,NE,2015,0.4195,0.7338,0.2691,0.5438,5.9,195
31183,Wheeler County,NE,2016,0.4198,0.7378,0.2595,0.5114,5.97,211
31183,Wheeler County,NE,2017,0.4257,0.7031,0.2662,0.4915,7.46,213
31183,Wheeler County,NE,2018,0.412,0.7481,0.2586,0.5254,4.0,204
31183,Wheeler County,NE,2019,0.4132,0.7732,0.2588,0.5311,4.3,207
31183,Wheeler County,NE,2020,0.4,0.7425,0.2622,0.5581,0.97,206
31183,Wheeler County,NE,2021,0.4136,0.715,0.2588,0.4943,4.41,202
31183,Wheeler County,NE,2022,0.3805,0.668,0.2447,0.473,-3.95,201
31183,Wheeler County,NE,2023,0.3851,0.7356,0.2412,0.5179,-2.79,205
31183,Wheeler County,NE,2024,0.4123,0.7434,0.2595,0.544,4.08,193
31183,Wheeler County,NE,2025,0.4477,0.7797,0.2856,0.5498,13.01,206
31185,York County,NE,2000,0.4233,0.8612,0.2819,0.6924,2.56,204
31185,York County,NE,2001,0.3998,0.8644,0.254,0.6862,-3.13,208
31185,York County,NE,2002,0.4121,0.8402,0.2645,0.6688,-0.15,209
31185,York County,NE,2003,0.4127,0.8443,0.2712,0.684,-0.01,209
31185,York County,NE,2004,0.4116,0.8784,0.2704,0.705,-0.27,202
31185,York County,NE,2005,0.3996,0.8591,0.2671,0.7084,-3.18,208
31185,York County,NE,2006,0.425,0.8725,0.2808,0.7098,2.97,214
31185,York County,NE,2007,0.3932,0.8776,0.2619,0.7208,-4.73,213
31185,York County,NE,2008,0.3903,0.8753,0.2644,0.7214,-5.43,212
31185,York County,NE,2009,0.4153,0.8914,0.2855,0.7483,0.62,207
31185,York County,NE,2010,0.3788,0.8962,0.2686,0.7677,-8.22,205
31185,York County,NE,2011,0.4105,0.8944,0.2905,0.7733,-0.54,216
31185,York County,NE,2012,0.3977,0.8578,0.2751,0.7171,-3.64,199
31185,York County,NE,2013,0.4065,0.8886,0.2803,0.7441,-1.51,217
31185,York County,NE,2014,0.4238,0.8874,0.2953,0.7506,2.68,215
31185,York County,NE,2015,0.4226,0.905,0.2936,0.7532,2.39,209
31185,York County,NE,2016,0.4188,0.8923,0.2824,0.7297,1.47,209
31185,York County,NE,2017,0.4292,0.8895,0.2952,0.764,3.99,215
31185,York County,NE,2018,0.4185,0.903,0.2867,0.7782,1.4,202
31185,York County,NE,2019,0.4278,0.9077,0.2998,0.7608,3.65,214
31185,York County,NE,2020,0.4123,0.9037,0.2951,0.7577,-0.1,208
31185,York County,NE,2021,0.4191,0.8933,0.2936,0.7664,1.55,207
31185,York County,NE,2022,0.4126,0.875,0.2968,0.7424,-0.03,220
31185,York County,NE,2023,0.4063,0.8852,0.2827,0.7651,-1.56,208
31185,York County,NE,2024,0.4197,0.9028,0.2983,0.7583,1.69,208
31185,York County,NE,2025,0.4437,0.9237,0.3131,0.776,7.51,205
