{"type":"FeatureCollection","features":[{"type":"Feature","id":"19001","properties":{"fips":"19001","county_name":"Adair County","state_alpha":"IA"},"geometry":{"type":"Polygon","coordinates":[[[-94.70062899999999,41.504148],[-94.241593,41.503679],[-94.241637,41.157134],[-94.470603,41.157565999999996],[-94.700589,41.158085],[-94.70062899999999,41.504148]]]}},{"type":"Feature","id":"31079","properties":{"fips":"31079","county_name":"Hall County","state_alpha":"NE"},"geometry":{"type":"Polygon","coordinates":[[[-98.721975,41.046673999999996],[-98.287168,41.046363],[-98.282395,41.026596999999995],[-98.282578,40.868677],[-98.282851,40.698284],[-98.72143,40.698903],[-98.721975,41.046673999999996]]]}},{"type":"Feature","id":"31075","properties":{"fips":"31075","county_name":"Grant County","state_alpha":"NE"},"geometry":{"type":"Polygon","coordinates":[[[-102.06665,42.009195],[-102.008562,42.008901],[-102.006428,42.096227],[-101.426557,42.092194],[-101.42592,41.743058999999995],[-101.985523,41.74229],[-102.067764,41.742075],[-102.06665,42.009195]]]}},{"type":"Feature","id":"31143","properties":{"fips":"31143","county_name":"Polk County","state_alpha":"NE"},"geometry":{"type":"Polygon","coordinates":[[[-97.828256,41.173438999999995],[-97.658554,41.304862],[-97.60436299999999,41.313851],[-97.598253,41.333118999999996],[-97.52241199999999,41.361934],[-97.368186,41.396415999999995],[-97.368118,41.046946999999996],[-97.826287,41.046580999999996],[-97.828256,41.173438999999995]]]}},{"type":"Feature","id":"31035","properties":{"fips":"31035","county_name":"Clay County","state_alpha":"NE"},"geometry":{"type":"Polygon","coordinates":[[[-98.278103,40.698291],[-97.825723,40.698555],[-97.82477999999999,40.698536999999995],[-97.824114,40.350541],[-98.27357099999999,40.350359],[-98.27808999999999,40.350347],[-98.278103,40.698291]]]}},{"type":"Feature","id":"19159","properties":{"fips":"19159","county_name":"Ringgold County","state_alpha":"IA"},"geometry":{"type":"Polygon","coordinates":[[[-94.470779,40.899502],[-94.014803,40.897031],[-94.015492,40.574073707009596],[-94.09108499999999,40.572897],[-94.23224071020829,40.572014612126594],[-94.310724,40.571524],[-94.47120772712319,40.570959458357],[-94.470779,40.899502]]]}},{"type":"Feature","id":"19005","properties":{"fips":"19005","county_name":"Allamakee County","state_alpha":"IA"},"geometry":{"type":"Polygon","coordinates":[[[-91.61083500055439,43.5006878467793],[-91.491042,43.50069],[-91.21770599999999,43.50055],[-91.232276,43.450952],[-91.2106633577727,43.4194417829033],[-91.19940799999999,43.403031999999996],[-91.20736699999999,43.373658999999996],[-91.154806,43.334826],[-91.107237,43.313645],[-91.05790999999999,43.253968],[-91.08745599999999,43.221891],[-91.13417299999999,43.174405],[-91.175253,43.134665],[-91.17493491391119,43.0802603718452],[-91.605307,43.081652999999996],[-91.61083500055439,43.5006878467793]]]}},{"type":"Feature","id":"19175","properties":{"fips":"19175","county_name":"Union County","state_alpha":"IA"},"geometry":{"type":"Polygon","coordinates":[[[-94.470603,41.157565999999996],[-94.241637,41.157134],[-94.014189,41.156762],[-94.014803,40.897031],[-94.470779,40.899502],[-94.470603,41.157565999999996]]]}},{"type":"Feature","id":"31145","properties":{"fips":"31145","county_name":"Red Willow County","state_alpha":"NE"},"geometry":{"type":"Polygon","coordinates":[[[-100.758435,40.349506999999996],[-100.197807,40.350027],[-100.19359,40.001573],[-100.477018,40.001751999999996],[-100.73882471319101,40.0022629565677],[-100.75883,40.002302],[-100.758435,40.349506999999996]]]}},{"type":"Feature","id":"19181","properties":{"fips":"19181","county_name":"Warren County","state_alpha":"IA"},"geometry":{"type":"Polygon","coordinates":[[[-93.790612,41.511916],[-93.417688,41.511542],[-93.328407,41.490921],[-93.32788599999999,41.160658999999995],[-93.55755599999999,41.161271],[-93.78919599999999,41.162034999999996],[-93.790612,41.511916]]]}},{"type":"Feature","id":"19197","properties":{"fips":"19197","county_name":"Wright County","state_alpha":"IA"},"geometry":{"type":"Polygon","coordinates":[[[-93.97171399999999,42.644707],[-93.971238,42.907762],[-93.498617,42.908511999999995],[-93.49948499999999,42.557700000000004],[-93.971583,42.558139],[-93.97171399999999,42.644707]]]}},{"type":"Feature","id":"31101","properties":{"fips":"31101","county_name":"Keith County","state_alpha":"NE"},"geometry":{"type":"Polygon","coordinates":[[[-102.055599,41.221547],[-102.055256,41.395162],[-101.984567,41.395012],[-101.40726,41.395416],[-101.269695,41.394934],[-101.270381,41.047391999999995],[-101.249975,41.003949999999996],[-102.026997,41.003194],[-102.051761,41.003873999999996],[-102.055528,41.047457],[-102.055599,41.221547]]]}},{"type":"Feature","id":"19131","properties":{"fips":"19131","county_name":"Mitchell County","state_alpha":"IA"},"geometry":{"type":"Polygon","coordinates":[[[-93.0243479005419,43.499556163630004],[-92.870277,43.499548],[-92.553161,43.5003],[-92.5531280905188,43.5003000363123],[-92.55438099999999,43.212813],[-93.024092,43.212812],[-93.024143,43.255538],[-93.0243479005419,43.499556163630004]]]}},{"type":"Feature","id":"31059","properties":{"fips":"31059","county_name":"Fillmore County","state_alpha":"NE"},"geometry":{"type":"Polygon","coordinates":[[[-97.82477999999999,40.698536999999995],[-97.36840099999999,40.698625],[-97.36868799999999,40.350392],[-97.820816,40.350545],[-97.824114,40.350541],[-97.82477999999999,40.698536999999995]]]}},{"type":"Feature","id":"31007","properties":{"fips":"31007","county_name":"Banner County","state_alpha":"NE"},"geometry":{"type":"Polygon","coordinates":[[[-104.052825094979,41.69782285321409],[-103.370391,41.69921],[-103.369005,41.437765999999996],[-103.37762,41.394633],[-104.052287134121,41.3932140001934],[-104.052287,41.393307],[-104.05263457163299,41.5642757795737],[-104.052735,41.613676],[-104.052825094979,41.69782285321409]]]}},{"type":"Feature","id":"19043","properties":{"fips":"19043","county_name":"Clayton County","state_alpha":"IA"},"geometry":{"type":"Polygon","coordinates":[[[-91.605307,43.081652999999996],[-91.17493491391119,43.0802603718452],[-91.174692,43.038713],[-91.15908430594749,42.987477791322796],[-91.155519,42.975774],[-91.138,42.903772],[-91.09881999999999,42.864421],[-91.07071599999999,42.775501999999996],[-91.01723899999999,42.719566],[-90.94156699999999,42.683844],[-90.89696202715841,42.6743180564343],[-90.897415,42.645714],[-91.13276599999999,42.645844],[-91.60705899999999,42.643972999999995],[-91.605307,43.081652999999996]]]}},{"type":"Feature","id":"31099","properties":{"fips":"31099","county_name":"Kearney County","state_alpha":"NE"},"geometry":{"type":"Polygon","coordinates":[[[-99.179248,40.660540999999995],[-98.90609599999999,40.652722],[-98.724387,40.689772],[-98.723948,40.350390999999995],[-98.726827,40.350398],[-99.179403,40.350681],[-99.179248,40.660540999999995]]]}},{"type":"Feature","id":"19109","properties":{"fips":"19109","county_name":"Kossuth County","state_alpha":"IA"},"geometry":{"type":"Polygon","coordinates":[[[-94.443137,43.255013999999996],[-94.4428499897182,43.5004785076547],[-94.390597,43.500468999999995],[-94.2479674415552,43.5001754767076],[-93.97076,43.499604999999995],[-93.970415,43.255358],[-93.971238,42.907762],[-94.442954,42.908072999999995],[-94.443137,43.255013999999996]]]}},{"type":"Feature","id":"31131","properties":{"fips":"31131","county_name":"Otoe County","state_alpha":"NE"},"geometry":{"type":"Polygon","coordinates":[[[-96.463764,40.78396],[-95.8342438167144,40.7837843870431],[-95.834156,40.783015999999996],[-95.888697,40.736292],[-95.84603399999999,40.682604999999995],[-95.781909,40.653272],[-95.748626,40.603355],[-95.76564499999999,40.585208],[-95.75711,40.52599],[-95.71429099999999,40.527208],[-95.71228037180109,40.5237544262074],[-96.06701199999999,40.523148],[-96.46363199999999,40.523013],[-96.463764,40.78396]]]}},{"type":"Feature","id":"31077","properties":{"fips":"31077","county_name":"Greeley County","state_alpha":"NE"},"geometry":{"type":"Polygon","coordinates":[[[-98.752225,41.740372],[-98.29576,41.741178],[-98.29099199999999,41.719787],[-98.291344,41.480726999999995],[-98.29141899999999,41.393893999999996],[-98.74432999999999,41.394178],[-98.75155799999999,41.394084],[-98.752225,41.740372]]]}},{"type":"Feature","id":"31039","properties":{"fips":"31039","county_name":"Cuming County","state_alpha":"NE"},"geometry":{"type":"Polygon","coordinates":[[[-97.019359,42.090576999999996],[-96.82366999999999,42.090410999999996],[-96.555511,42.089957],[-96.55486599999999,42.015875],[-96.555172,41.742018],[-96.90592199999999,41.742763],[-97.019911,41.742979999999996],[-97.019359,42.090576999999996]]]}},{"type":"Feature","id":"06099","properties":{"fips":"06099","county_name":"Stanislaus County","state_alpha":"CA"},"geometry":{"type":"Polygon","coordinates":[[[-121.471925,37.481783],[-121.241219,37.664009],[-121.110049,37.742128],[-120.995696,37.760177999999996],[-120.920993,37.737947],[-120.92644899999999,38.077421],[-120.653274,37.831858],[-120.387613,37.633704],[-120.38767,37.633364],[-120.989811,37.395871],[-120.963812,37.346143999999995],[-121.226804,37.134774],[-121.282271,37.183675],[-121.404636,37.155989],[-121.459051,37.282739],[-121.409693,37.382013],[-121.47264799999999,37.482169999999996],[-121.471925,37.481783]]]}},{"type":"Feature","id":"19013","properties":{"fips":"19013","county_name":"Black Hawk County","state_alpha":"IA"},"geometry":{"type":"Polygon","coordinates":[[[-92.554492,42.642314],[-92.081661,42.642056],[-92.06418699999999,42.468221],[-92.06476599999999,42.297259],[-92.29879199999999,42.297526999999995],[-92.53350999999999,42.297001],[-92.534015,42.469592],[-92.5543,42.555854],[-92.554492,42.642314]]]}},{"type":"Feature","id":"19095","properties":{"fips":"19095","county_name":"Iowa County","state_alpha":"IA"},"geometry":{"type":"Polygon","coordinates":[[[-92.298164,41.862778999999996],[-91.831379,41.861851],[-91.829231,41.511457],[-91.94604299999999,41.510749],[-92.297494,41.509789999999995],[-92.298164,41.862778999999996]]]}},{"type":"Feature","id":"31043","properties":{"fips":"31043","county_name":"Dakota County","state_alpha":"NE"},"geometry":{"type":"Polygon","coordinates":[[[-96.726618,42.280417],[-96.722231,42.524651999999996],[-96.6279454569017,42.5270961391418],[-96.61148899999999,42.506088],[-96.525142,42.510234],[-96.50132099999999,42.482749],[-96.44550799999999,42.490629999999996],[-96.38130699999999,42.461694],[-96.411808,42.410894],[-96.40799799999999,42.337407999999996],[-96.351957192496,42.28089470454329],[-96.380298,42.276351],[-96.726661,42.278005],[-96.726618,42.280417]]]}},{"type":"Feature","id":"19145","properties":{"fips":"19145","county_name":"Page County","state_alpha":"IA"},"geometry":{"type":"Polygon","coordinates":[[[-95.384964,40.90155],[-94.92845899999999,40.900653],[-94.928529,40.727399],[-94.9148978673616,40.5749211691113],[-95.06892099999999,40.576879999999996],[-95.20226600083029,40.578375628996],[-95.335588,40.579871],[-95.3739250533987,40.580332377941495],[-95.370618,40.728241],[-95.384964,40.90155]]]}},{"type":"Feature","id":"31115","properties":{"fips":"31115","county_name":"Loup County","state_alpha":"NE"},"geometry":{"type":"Polygon","coordinates":[[[-99.686959,42.086075],[-99.662379,42.086009],[-99.234629,42.087995],[-99.22273299999999,42.087916],[-99.22183,41.740792],[-99.68683399999999,41.740325999999996],[-99.686959,42.086075]]]}},{"type":"Feature","id":"19023","properties":{"fips":"19023","county_name":"Butler County","state_alpha":"IA"},"geometry":{"type":"Polygon","coordinates":[[[-93.025144,42.907548999999996],[-92.554211,42.907112],[-92.554492,42.642314],[-92.5543,42.555854],[-93.027,42.55681],[-93.025144,42.907548999999996]]]}},{"type":"Feature","id":"19027","properties":{"fips":"19027","county_name":"Carroll County","state_alpha":"IA"},"geometry":{"type":"Polygon","coordinates":[[[-95.090851,42.210405],[-94.858412,42.209692],[-94.628806,42.209396],[-94.62872399999999,41.862763],[-94.74487599999999,41.862393999999995],[-95.092861,41.863374],[-95.090851,42.210405]]]}},{"type":"Feature","id":"31013","properties":{"fips":"31013","county_name":"Box Butte County","state_alpha":"NE"},"geometry":{"type":"Polygon","coordinates":[[[-103.444278,42.437275],[-102.773366,42.439921999999996],[-102.749611,42.430454],[-102.742269,42.092388],[-102.697835,42.004843],[-102.827941,42.000864],[-103.363337,42.00293],[-103.401522,42.003537],[-103.401591,42.090410999999996],[-103.444108,42.090708],[-103.444278,42.437275]]]}},{"type":"Feature","id":"31127","properties":{"fips":"31127","county_name":"Nemaha County","state_alpha":"NE"},"geometry":{"type":"Polygon","coordinates":[[[-96.06701199999999,40.523148],[-95.71228037180109,40.5237544262074],[-95.69472599999999,40.493601999999996],[-95.68436299999999,40.463366],[-95.649418,40.396149],[-95.641027,40.366399],[-95.653729,40.322582],[-95.59865699999999,40.309809],[-95.553292,40.291157999999996],[-95.5481820011801,40.2644146728427],[-95.54787031627029,40.2627834608198],[-96.010176,40.261482],[-96.06673599999999,40.262038],[-96.06701199999999,40.523148]]]}},{"type":"Feature","id":"19151","properties":{"fips":"19151","county_name":"Pocahontas County","state_alpha":"IA"},"geometry":{"type":"Polygon","coordinates":[[[-94.91389,42.9097],[-94.442954,42.908072999999995],[-94.443083,42.645164],[-94.443024,42.558842999999996],[-94.914485,42.560309],[-94.91389,42.9097]]]}},{"type":"Feature","id":"19135","properties":{"fips":"19135","county_name":"Monroe County","state_alpha":"IA"},"geometry":{"type":"Polygon","coordinates":[[[-93.099217,41.160866999999996],[-92.869771,41.161066],[-92.640361,41.161297999999995],[-92.639091,40.898886],[-93.097595,40.898451],[-93.099217,41.160866999999996]]]}},{"type":"Feature","id":"19141","properties":{"fips":"19141","county_name":"O'Brien County","state_alpha":"IA"},"geometry":{"type":"Polygon","coordinates":[[[-95.861914,43.257566],[-95.388078,43.255221],[-95.388182,42.909897],[-95.859377,42.909096999999996],[-95.861914,43.257566]]]}},{"type":"Feature","id":"19003","properties":{"fips":"19003","county_name":"Adams County","state_alpha":"IA"},"geometry":{"type":"Polygon","coordinates":[[[-94.927587,41.158508],[-94.700589,41.158085],[-94.470603,41.157565999999996],[-94.470779,40.899502],[-94.92845899999999,40.900653],[-94.927587,41.158508]]]}},{"type":"Feature","id":"19099","properties":{"fips":"19099","county_name":"Jasper County","state_alpha":"IA"},"geometry":{"type":"Polygon","coordinates":[[[-93.347933,41.863104],[-93.231858,41.862711],[-92.765999,41.862373],[-92.766759,41.601355],[-92.756508,41.508793999999995],[-92.871421,41.508522],[-93.328614,41.507824],[-93.348681,41.600999],[-93.347933,41.863104]]]}},{"type":"Feature","id":"31085","properties":{"fips":"31085","county_name":"Hayes County","state_alpha":"NE"},"geometry":{"type":"Polygon","coordinates":[[[-101.345365,40.698093],[-101.247963,40.697801999999996],[-100.777833,40.700134999999996],[-100.777376,40.349466],[-101.323353,40.350553],[-101.342788,40.350443999999996],[-101.345365,40.698093]]]}},{"type":"Feature","id":"31123","properties":{"fips":"31123","county_name":"Morrill County","state_alpha":"NE"},"geometry":{"type":"Polygon","coordinates":[[[-103.370391,41.69921],[-103.36261999999999,41.743548],[-103.363337,42.00293],[-102.827941,42.000864],[-102.697835,42.004843],[-102.677582,42.005282],[-102.6794,41.829052999999995],[-102.635803,41.742833999999995],[-102.636525,41.438809],[-103.369005,41.437765999999996],[-103.370391,41.69921]]]}},{"type":"Feature","id":"31139","properties":{"fips":"31139","county_name":"Pierce County","state_alpha":"NE"},"geometry":{"type":"Polygon","coordinates":[[[-97.834431,42.437684],[-97.485298,42.438578],[-97.36758999999999,42.438775],[-97.367724,42.351861],[-97.368404,42.090922],[-97.834536,42.089749999999995],[-97.834431,42.437684]]]}},{"type":"Feature","id":"19033","properties":{"fips":"19033","county_name":"Cerro Gordo County","state_alpha":"IA"},"geometry":{"type":"Polygon","coordinates":[[[-93.497635,43.255468],[-93.024143,43.255538],[-93.024092,43.212812],[-93.025144,42.907548999999996],[-93.498617,42.908511999999995],[-93.497635,43.255468]]]}},{"type":"Feature","id":"19037","properties":{"fips":"19037","county_name":"Chickasaw County","state_alpha":"IA"},"geometry":{"type":"Polygon","coordinates":[[[-92.55438099999999,43.212813],[-92.08097599999999,43.212947],[-92.08114599999999,43.082794],[-92.08156799999999,42.907013],[-92.554211,42.907112],[-92.55438099999999,43.212813]]]}},{"type":"Feature","id":"19063","properties":{"fips":"19063","county_name":"Emmet County","state_alpha":"IA"},"geometry":{"type":"Polygon","coordinates":[[[-94.9146134847136,43.500595872986096],[-94.874235,43.500557],[-94.85455506761069,43.5005534191522],[-94.4428499897182,43.5004785076547],[-94.443137,43.255013999999996],[-94.91372299999999,43.255054],[-94.9146134847136,43.500595872986096]]]}},{"type":"Feature","id":"19081","properties":{"fips":"19081","county_name":"Hancock County","state_alpha":"IA"},"geometry":{"type":"Polygon","coordinates":[[[-93.970415,43.255358],[-93.497635,43.255468],[-93.498617,42.908511999999995],[-93.971238,42.907762],[-93.970415,43.255358]]]}},{"type":"Feature","id":"19195","properties":{"fips":"19195","county_name":"Worth County","state_alpha":"IA"},"geometry":{"type":"Polygon","coordinates":[[[-93.4973513252204,43.4995307245117],[-93.228861,43.499567],[-93.04919200781649,43.4995574800246],[-93.0243479005419,43.499556163630004],[-93.024143,43.255538],[-93.497635,43.255468],[-93.4973513252204,43.4995307245117]]]}},{"type":"Feature","id":"31069","properties":{"fips":"31069","county_name":"Garden County","state_alpha":"NE"},"geometry":{"type":"Polygon","coordinates":[[[-102.677582,42.005282],[-102.06665,42.009195],[-102.067764,41.742075],[-101.985523,41.74229],[-101.984567,41.395012],[-102.055256,41.395162],[-102.055599,41.221547],[-102.610413,41.221613999999995],[-102.609386,41.395115],[-102.636525,41.438809],[-102.635803,41.742833999999995],[-102.6794,41.829052999999995],[-102.677582,42.005282]]]}},{"type":"Feature","id":"31023","properties":{"fips":"31023","county_name":"Butler County","state_alpha":"NE"},"geometry":{"type":"Polygon","coordinates":[[[-97.368186,41.396415999999995],[-97.28776099999999,41.400638],[-97.253519,41.384212],[-97.17846399999999,41.376816],[-96.90590999999999,41.456436],[-96.905862,41.453389],[-96.908507,41.046091],[-96.91094,41.046116],[-97.368118,41.046946999999996],[-97.368186,41.396415999999995]]]}},{"type":"Feature","id":"06069","properties":{"fips":"06069","county_name":"San Benito County","state_alpha":"CA"},"geometry":{"type":"Polygon","coordinates":[[[-121.644001,36.893996],[-121.581354,36.899152],[-121.54800900000001,36.917390999999995],[-121.540016,36.920764999999996],[-121.534463,36.930932999999996],[-121.513813,36.945155],[-121.510185,36.956019],[-121.501488,36.971894999999996],[-121.451972,36.988839999999996],[-121.418246,36.960549],[-121.215406,36.961248],[-121.234683,36.926894],[-121.141523,36.836656],[-120.918731,36.740381],[-120.597155,36.488234999999996],[-120.596562,36.328488],[-120.678582,36.267319],[-120.75834,36.308603999999995],[-120.717696,36.260011999999996],[-120.718426,36.196847999999996],[-120.761483,36.203579999999995],[-120.86508,36.292578],[-120.920551,36.311012],[-121.027362,36.260079999999995],[-121.040797,36.323969],[-121.193465,36.445751],[-121.244091,36.506910999999995],[-121.311788,36.502736],[-121.318373,36.610026],[-121.350092,36.648357],[-121.468086,36.685518],[-121.45134,36.724793],[-121.597698,36.83735],[-121.644001,36.893996]]]}},{"type":"Feature","id":"19061","properties":{"fips":"19061","county_name":"Dubuque County","state_alpha":"IA"},"geometry":{"type":"Polygon","coordinates":[[[-91.13276599999999,42.645844],[-90.897415,42.645714],[-90.89696202715841,42.6743180564343],[-90.852497,42.664822],[-90.74367699999999,42.645559999999996],[-90.700856,42.626445],[-90.672727,42.576598999999995],[-90.642843,42.508480999999996],[-90.646727,42.471903999999995],[-90.59041599999999,42.447493],[-90.565248,42.438742],[-90.517516,42.403019],[-90.48434567271629,42.381597778191896],[-90.66502899999999,42.382155],[-90.665551,42.294699],[-90.89802,42.295235999999996],[-91.130079,42.295761],[-91.13276599999999,42.645844]]]}},{"type":"Feature","id":"19089","properties":{"fips":"19089","county_name":"Howard County","state_alpha":"IA"},"geometry":{"type":"Polygon","coordinates":[[[-92.5531280905188,43.5003000363123],[-92.44894795143779,43.500414988562696],[-92.17886299999999,43.500713],[-92.07980199312829,43.500704885176596],[-92.08097599999999,43.212947],[-92.55438099999999,43.212813],[-92.5531280905188,43.5003000363123]]]}},{"type":"Feature","id":"19113","properties":{"fips":"19113","county_name":"Linn County","state_alpha":"IA"},"geometry":{"type":"Polygon","coordinates":[[[-91.83108899999999,42.299063],[-91.596981,42.296408],[-91.36326299999999,42.296445],[-91.365877,41.94741],[-91.366221,41.860068999999996],[-91.831379,41.861851],[-91.83108899999999,42.299063]]]}},{"type":"Feature","id":"19129","properties":{"fips":"19129","county_name":"Mills County","state_alpha":"IA"},"geometry":{"type":"Polygon","coordinates":[[[-95.86868799999999,41.124697999999995],[-95.8618980682094,41.1603023482127],[-95.384349,41.160011],[-95.384964,40.90155],[-95.78809299999999,40.901627],[-95.8187272785699,40.8979480664065],[-95.837774,40.924712],[-95.828329,40.972378],[-95.865878,41.017403],[-95.8647847640853,41.0528455046135],[-95.863839,41.083507],[-95.86868799999999,41.124697999999995]]]}},{"type":"Feature","id":"19161","properties":{"fips":"19161","county_name":"Sac County","state_alpha":"IA"},"geometry":{"type":"Polygon","coordinates":[[[-95.38801,42.561741999999995],[-94.914485,42.560309],[-94.914487,42.47419],[-94.85668899999999,42.473996],[-94.858412,42.209692],[-95.090851,42.210405],[-95.32349699999999,42.210932],[-95.322357,42.474737],[-95.387445,42.474796],[-95.38801,42.561741999999995]]]}},{"type":"Feature","id":"19121","properties":{"fips":"19121","county_name":"Madison County","state_alpha":"IA"},"geometry":{"type":"Polygon","coordinates":[[[-94.241593,41.503679],[-93.896807,41.503098],[-93.790612,41.511916],[-93.78919599999999,41.162034999999996],[-93.89881299999999,41.15661],[-94.014189,41.156762],[-94.241637,41.157134],[-94.241593,41.503679]]]}},{"type":"Feature","id":"31005","properties":{"fips":"31005","county_name":"Arthur County","state_alpha":"NE"},"geometry":{"type":"Polygon","coordinates":[[[-101.985523,41.74229],[-101.42592,41.743058999999995],[-101.406466,41.7432],[-101.40726,41.395416],[-101.984567,41.395012],[-101.985523,41.74229]]]}},{"type":"Feature","id":"19171","properties":{"fips":"19171","county_name":"Tama County","state_alpha":"IA"},"geometry":{"type":"Polygon","coordinates":[[[-92.76809,42.296679999999995],[-92.53350999999999,42.297001],[-92.29879199999999,42.297526999999995],[-92.298164,41.862778999999996],[-92.765999,41.862373],[-92.76746299999999,42.210139999999996],[-92.76809,42.296679999999995]]]}},{"type":"Feature","id":"31071","properties":{"fips":"31071","county_name":"Garfield County","state_alpha":"NE"},"geometry":{"type":"Polygon","coordinates":[[[-99.22273299999999,42.087916],[-98.761155,42.088518],[-98.75913299999999,41.740382],[-99.21201599999999,41.740612999999996],[-99.22183,41.740792],[-99.22273299999999,42.087916]]]}},{"type":"Feature","id":"31107","properties":{"fips":"31107","county_name":"Knox County","state_alpha":"NE"},"geometry":{"type":"Polygon","coordinates":[[[-98.3081868164513,42.8864892074256],[-98.280007,42.874995999999996],[-98.231922,42.86114],[-98.1525866548382,42.8411533810637],[-98.14806,42.840013],[-98.10470000000001,42.808475],[-98.035034,42.764205],[-97.950147,42.769619],[-97.905001,42.798871999999996],[-97.876887,42.852663],[-97.857957,42.865092999999995],[-97.801344,42.858003],[-97.70102999999999,42.843796999999995],[-97.6354420904415,42.85180907518549],[-97.59926,42.856229],[-97.515948,42.853752],[-97.48491687634201,42.850003214867904],[-97.485298,42.438578],[-97.834431,42.437684],[-98.300235,42.436913],[-98.30543999999999,42.451422],[-98.305149,42.761207],[-98.310239,42.784617999999995],[-98.3081868164513,42.8864892074256]]]}},{"type":"Feature","id":"06057","properties":{"fips":"06057","county_name":"Nevada County","state_alpha":"CA"},"geometry":{"type":"Polygon","coordinates":[[[-121.266132,39.272717],[-121.127481,39.380237],[-121.022085,39.391557999999996],[-120.755729,39.452663],[-120.654332,39.526889],[-120.575059,39.522279999999995],[-120.505445,39.446117],[-120.003028919657,39.4450457761605],[-120.004795512304,39.316475011958495],[-120.03665699999999,39.316334],[-120.322378,39.316427],[-120.55460000000001,39.315596],[-120.727893,39.288081],[-120.98634799999999,39.102233999999996],[-121.068788,39.005176999999996],[-121.137979,39.037911],[-121.279533,39.034617999999995],[-121.266132,39.272717]]]}},{"type":"Feature","id":"19091","properties":{"fips":"19091","county_name":"Humboldt County","state_alpha":"IA"},"geometry":{"type":"Polygon","coordinates":[[[-94.442954,42.908072999999995],[-93.971238,42.907762],[-93.97171399999999,42.644707],[-94.443083,42.645164],[-94.442954,42.908072999999995]]]}},{"type":"Feature","id":"19065","properties":{"fips":"19065","county_name":"Fayette County","state_alpha":"IA"},"geometry":{"type":"Polygon","coordinates":[[[-92.08156799999999,42.907013],[-92.08114599999999,43.082794],[-91.605307,43.081652999999996],[-91.60705899999999,42.643972999999995],[-92.081661,42.642056],[-92.08156799999999,42.907013]]]}},{"type":"Feature","id":"19165","properties":{"fips":"19165","county_name":"Shelby County","state_alpha":"IA"},"geometry":{"type":"Polygon","coordinates":[[[-95.557277,41.863448999999996],[-95.092861,41.863374],[-95.09252,41.602055],[-95.040748,41.602152],[-95.04077,41.50469],[-95.15472199999999,41.505210999999996],[-95.497997,41.506074],[-95.497793,41.602333],[-95.558143,41.602382999999996],[-95.557277,41.863448999999996]]]}},{"type":"Feature","id":"31065","properties":{"fips":"31065","county_name":"Furnas County","state_alpha":"NE"},"geometry":{"type":"Polygon","coordinates":[[[-100.197807,40.350027],[-100.094798,40.351245],[-99.642209,40.3512],[-99.630459,40.35112],[-99.6282538492245,40.001771947268395],[-99.813401,40.001400000000004],[-100.177797545879,40.0015658138516],[-100.19359,40.001573],[-100.197807,40.350027]]]}},{"type":"Feature","id":"31173","properties":{"fips":"31173","county_name":"Thurston County","state_alpha":"NE"},"geometry":{"type":"Polygon","coordinates":[[[-96.822497,42.264292],[-96.73778,42.264103999999996],[-96.726661,42.278005],[-96.380298,42.276351],[-96.351957192496,42.28089470454329],[-96.33600299999999,42.264806],[-96.336323,42.218922],[-96.3372160947059,42.214849506895604],[-96.347752,42.166806],[-96.2689,42.113589999999995],[-96.272877,42.047238],[-96.30964499999999,42.015187],[-96.55486599999999,42.015875],[-96.555511,42.089957],[-96.82366999999999,42.090410999999996],[-96.822497,42.264292]]]}},{"type":"Feature","id":"19147","properties":{"fips":"19147","county_name":"Palo Alto County","state_alpha":"IA"},"geometry":{"type":"Polygon","coordinates":[[[-94.91372299999999,43.255054],[-94.443137,43.255013999999996],[-94.442954,42.908072999999995],[-94.91389,42.9097],[-94.91372299999999,43.255054]]]}},{"type":"Feature","id":"31057","properties":{"fips":"31057","county_name":"Dundy County","state_alpha":"NE"},"geometry":{"type":"Polygon","coordinates":[[[-102.051309,40.338381],[-102.05130855184402,40.3492213568722],[-101.342788,40.350443999999996],[-101.323353,40.350553],[-101.324036026572,40.0025650505849],[-101.411028987802,40.00258256956759],[-101.542273,40.002609],[-101.832161,40.002933],[-102.051744,40.003077999999995],[-102.051309,40.338381]]]}},{"type":"Feature","id":"19079","properties":{"fips":"19079","county_name":"Hamilton County","state_alpha":"IA"},"geometry":{"type":"Polygon","coordinates":[[[-93.971583,42.558139],[-93.49948499999999,42.557700000000004],[-93.46263499999999,42.470802],[-93.463043,42.209302],[-93.69838999999999,42.209339],[-93.93158,42.209908],[-93.93168399999999,42.472010999999995],[-93.971583,42.558139]]]}},{"type":"Feature","id":"19103","properties":{"fips":"19103","county_name":"Johnson County","state_alpha":"IA"},"geometry":{"type":"Polygon","coordinates":[[[-91.831379,41.861851],[-91.366221,41.860068999999996],[-91.36644799999999,41.598372999999995],[-91.368521,41.423178],[-91.46038399999999,41.42418],[-91.483995,41.423848],[-91.51982799999999,41.51101],[-91.829231,41.511457],[-91.831379,41.861851]]]}},{"type":"Feature","id":"31011","properties":{"fips":"31011","county_name":"Boone County","state_alpha":"NE"},"geometry":{"type":"Polygon","coordinates":[[[-98.295602,41.914954],[-97.833288,41.916286],[-97.83049299999999,41.742238],[-97.82984599999999,41.526174],[-98.041328,41.510534],[-98.09952299999999,41.480776999999996],[-98.291344,41.480726999999995],[-98.29099199999999,41.719787],[-98.29576,41.741178],[-98.295602,41.914954]]]}},{"type":"Feature","id":"19049","properties":{"fips":"19049","county_name":"Dallas County","state_alpha":"IA"},"geometry":{"type":"Polygon","coordinates":[[[-94.28034,41.862998999999995],[-94.164138,41.863243999999995],[-93.815721,41.863419],[-93.81428199999999,41.600456],[-93.790612,41.511916],[-93.896807,41.503098],[-94.241593,41.503679],[-94.241356,41.600971],[-94.280057,41.601312],[-94.28034,41.862998999999995]]]}},{"type":"Feature","id":"31147","properties":{"fips":"31147","county_name":"Richardson County","state_alpha":"NE"},"geometry":{"type":"Polygon","coordinates":[[[-96.010176,40.261482],[-95.54787031627029,40.2627834608198],[-95.54715999999999,40.259066],[-95.47254799999999,40.236078],[-95.48102,40.188524],[-95.432165,40.141025],[-95.394216,40.108263],[-95.414734,40.06982],[-95.38295699999999,40.027111999999995],[-95.348777,40.029297],[-95.30829,39.999998],[-95.33989597085029,40.0000288571054],[-95.78457499999999,40.000462999999996],[-95.7881109948917,40.0004667793653],[-96.0106788179345,40.000704665772005],[-96.010176,40.261482]]]}},{"type":"Feature","id":"31119","properties":{"fips":"31119","county_name":"Madison County","state_alpha":"NE"},"geometry":{"type":"Polygon","coordinates":[[[-97.834536,42.089749999999995],[-97.368404,42.090922],[-97.36806999999999,41.743207],[-97.83049299999999,41.742238],[-97.833288,41.916286],[-97.834536,42.089749999999995]]]}},{"type":"Feature","id":"19035","properties":{"fips":"19035","county_name":"Cherokee County","state_alpha":"IA"},"geometry":{"type":"Polygon","coordinates":[[[-95.859377,42.909096999999996],[-95.388182,42.909897],[-95.38801,42.561741999999995],[-95.74161099999999,42.561285],[-95.859949,42.56062],[-95.859377,42.909096999999996]]]}},{"type":"Feature","id":"31117","properties":{"fips":"31117","county_name":"McPherson County","state_alpha":"NE"},"geometry":{"type":"Polygon","coordinates":[[[-101.406466,41.7432],[-100.87543,41.739903],[-100.842459,41.740404],[-100.711409,41.739759],[-100.713243,41.393511],[-101.269695,41.394934],[-101.40726,41.395416],[-101.406466,41.7432]]]}},{"type":"Feature","id":"31051","properties":{"fips":"31051","county_name":"Dixon County","state_alpha":"NE"},"geometry":{"type":"Polygon","coordinates":[[[-97.017789,42.351347],[-97.0156311127472,42.7565254624882],[-96.965679,42.724531999999996],[-96.906797,42.7338],[-96.8073706000982,42.700678985373],[-96.80165199999999,42.698774],[-96.778182,42.662993],[-96.697639,42.659143],[-96.7093,42.603753],[-96.658754,42.566426],[-96.6279454569017,42.5270961391418],[-96.722231,42.524651999999996],[-96.726618,42.280417],[-96.726661,42.278005],[-96.73778,42.264103999999996],[-96.822497,42.264292],[-96.823077,42.264292],[-97.01773,42.264452999999996],[-97.017789,42.351347]]]}},{"type":"Feature","id":"31017","properties":{"fips":"31017","county_name":"Brown County","state_alpha":"NE"},"geometry":{"type":"Polygon","coordinates":[[[-100.198478,42.846101999999995],[-100.11334,42.799682999999995],[-99.677684,42.730903],[-99.663752,42.434608999999995],[-99.662379,42.086009],[-99.686959,42.086075],[-100.167605,42.085848],[-100.183167,42.43343],[-100.18327,42.781005],[-100.198478,42.846101999999995]]]}},{"type":"Feature","id":"31081","properties":{"fips":"31081","county_name":"Hamilton County","state_alpha":"NE"},"geometry":{"type":"Polygon","coordinates":[[[-98.282578,40.868677],[-98.010548,41.072761],[-97.874073,41.123148],[-97.828256,41.173438999999995],[-97.826287,41.046580999999996],[-97.825723,40.698555],[-98.278103,40.698291],[-98.282851,40.698284],[-98.282578,40.868677]]]}},{"type":"Feature","id":"31175","properties":{"fips":"31175","county_name":"Valley County","state_alpha":"NE"},"geometry":{"type":"Polygon","coordinates":[[[-99.21201599999999,41.740612999999996],[-98.75913299999999,41.740382],[-98.752225,41.740372],[-98.75155799999999,41.394084],[-99.203261,41.39414],[-99.21239399999999,41.408677999999995],[-99.21201599999999,41.740612999999996]]]}},{"type":"Feature","id":"31037","properties":{"fips":"31037","county_name":"Colfax County","state_alpha":"NE"},"geometry":{"type":"Polygon","coordinates":[[[-97.252425,41.743085],[-97.019911,41.742979999999996],[-96.90592199999999,41.742763],[-96.90590999999999,41.456436],[-97.17846399999999,41.376816],[-97.253519,41.384212],[-97.252425,41.743085]]]}},{"type":"Feature","id":"19055","properties":{"fips":"19055","county_name":"Delaware County","state_alpha":"IA"},"geometry":{"type":"Polygon","coordinates":[[[-91.60705899999999,42.643972999999995],[-91.13276599999999,42.645844],[-91.130079,42.295761],[-91.36326299999999,42.296445],[-91.596981,42.296408],[-91.60705899999999,42.643972999999995]]]}},{"type":"Feature","id":"19083","properties":{"fips":"19083","county_name":"Hardin County","state_alpha":"IA"},"geometry":{"type":"Polygon","coordinates":[[[-93.49948499999999,42.557700000000004],[-93.027,42.55681],[-93.00290199999999,42.470638],[-93.001674,42.209267],[-93.23172199999999,42.208886],[-93.463043,42.209302],[-93.46263499999999,42.470802],[-93.49948499999999,42.557700000000004]]]}},{"type":"Feature","id":"19093","properties":{"fips":"19093","county_name":"Ida County","state_alpha":"IA"},"geometry":{"type":"Polygon","coordinates":[[[-95.74161099999999,42.561285],[-95.38801,42.561741999999995],[-95.387445,42.474796],[-95.322357,42.474737],[-95.32349699999999,42.210932],[-95.670822,42.211408],[-95.669265,42.474644999999995],[-95.741821,42.474865],[-95.74161099999999,42.561285]]]}},{"type":"Feature","id":"31155","properties":{"fips":"31155","county_name":"Saunders County","state_alpha":"NE"},"geometry":{"type":"Polygon","coordinates":[[[-96.905862,41.453389],[-96.568677,41.432986],[-96.47072,41.393239],[-96.42143899999999,41.364165],[-96.327399,41.189999],[-96.339805,41.082502],[-96.31919099999999,41.044998],[-96.349471,41.015211],[-96.463861,41.016069],[-96.463869,41.045083],[-96.908507,41.046091],[-96.905862,41.453389]]]}},{"type":"Feature","id":"06031","properties":{"fips":"06031","county_name":"Kings County","state_alpha":"CA"},"geometry":{"type":"Polygon","coordinates":[[[-120.315068,35.907185999999996],[-119.959058,36.181747],[-119.959227,36.400974999999995],[-119.754213,36.402023],[-119.66640000000001,36.41888],[-119.573194,36.488835],[-119.528286,36.487545],[-119.528792,36.401465],[-119.474892,36.400953],[-119.47460699999999,36.269025],[-119.529358,36.26985],[-119.53616099999999,36.050782],[-119.53811999999999,35.789898],[-120.194369,35.789363],[-120.213979,35.789276],[-120.27575999999999,35.905881],[-120.315068,35.907185999999996]]]}},{"type":"Feature","id":"19087","properties":{"fips":"19087","county_name":"Henry County","state_alpha":"IA"},"geometry":{"type":"Polygon","coordinates":[[[-91.71817999999999,40.901087],[-91.716042,41.162808],[-91.485717,41.162405],[-91.37029799999999,41.161246999999996],[-91.37071,41.074112],[-91.372095,40.812630999999996],[-91.409453,40.812905],[-91.71878699999999,40.813544],[-91.71817999999999,40.901087]]]}},{"type":"Feature","id":"31001","properties":{"fips":"31001","county_name":"Adams County","state_alpha":"NE"},"geometry":{"type":"Polygon","coordinates":[[[-98.724387,40.689772],[-98.72143,40.698903],[-98.282851,40.698284],[-98.278103,40.698291],[-98.27808999999999,40.350347],[-98.723948,40.350390999999995],[-98.724387,40.689772]]]}},{"type":"Feature","id":"31003","properties":{"fips":"31003","county_name":"Antelope County","state_alpha":"NE"},"geometry":{"type":"Polygon","coordinates":[[[-98.300235,42.436913],[-97.834431,42.437684],[-97.834536,42.089749999999995],[-97.833288,41.916286],[-98.295602,41.914954],[-98.29542099999999,42.070495],[-98.300592,42.088853],[-98.300235,42.436913]]]}},{"type":"Feature","id":"19053","properties":{"fips":"19053","county_name":"Decatur County","state_alpha":"IA"},"geometry":{"type":"Polygon","coordinates":[[[-94.014803,40.897031],[-93.55654,40.898295],[-93.5568966742717,40.579659485060496],[-93.597352,40.579496],[-93.7743442040303,40.5775304533911],[-93.84093,40.576791],[-94.015492,40.574073707009596],[-94.014803,40.897031]]]}},{"type":"Feature","id":"31161","properties":{"fips":"31161","county_name":"Sheridan County","state_alpha":"NE"},"geometry":{"type":"Polygon","coordinates":[[[-102.792110939839,43.0000362357704],[-102.40864,42.999626],[-102.08254804307201,42.999140640389996],[-102.066905,42.785489999999996],[-102.038169,42.443307],[-102.006428,42.096227],[-102.008562,42.008901],[-102.06665,42.009195],[-102.677582,42.005282],[-102.697835,42.004843],[-102.742269,42.092388],[-102.749611,42.430454],[-102.773366,42.439921999999996],[-102.773369,42.785264999999995],[-102.792659,42.785165],[-102.792110939839,43.0000362357704]]]}},{"type":"Feature","id":"19125","properties":{"fips":"19125","county_name":"Marion County","state_alpha":"IA"},"geometry":{"type":"Polygon","coordinates":[[[-93.328614,41.507824],[-92.871421,41.508522],[-92.869771,41.161066],[-93.099217,41.160866999999996],[-93.32788599999999,41.160658999999995],[-93.328407,41.490921],[-93.328614,41.507824]]]}},{"type":"Feature","id":"19105","properties":{"fips":"19105","county_name":"Jones County","state_alpha":"IA"},"geometry":{"type":"Polygon","coordinates":[[[-91.36326299999999,42.296445],[-91.130079,42.295761],[-90.89802,42.295235999999996],[-90.89837299999999,42.033547999999996],[-90.898484,41.946245],[-91.365877,41.94741],[-91.36326299999999,42.296445]]]}},{"type":"Feature","id":"31019","properties":{"fips":"31019","county_name":"Buffalo County","state_alpha":"NE"},"geometry":{"type":"Polygon","coordinates":[[[-99.425986,41.046471],[-99.20756399999999,41.047003],[-98.748526,41.04664],[-98.721975,41.046673999999996],[-98.72143,40.698903],[-98.724387,40.689772],[-98.90609599999999,40.652722],[-99.179248,40.660540999999995],[-99.380544,40.66486],[-99.417316,40.670825],[-99.42655099999999,40.69977],[-99.425986,41.046471]]]}},{"type":"Feature","id":"31149","properties":{"fips":"31149","county_name":"Rock County","state_alpha":"NE"},"geometry":{"type":"Polygon","coordinates":[[[-99.677684,42.730903],[-99.53749099999999,42.717625999999996],[-99.415222,42.772098],[-99.25703899999999,42.804296],[-99.245803,42.782499],[-99.234629,42.087995],[-99.662379,42.086009],[-99.663752,42.434608999999995],[-99.677684,42.730903]]]}},{"type":"Feature","id":"31095","properties":{"fips":"31095","county_name":"Jefferson County","state_alpha":"NE"},"geometry":{"type":"Polygon","coordinates":[[[-97.36868799999999,40.350392],[-96.916055,40.349727],[-96.91640700546579,40.0014540910439],[-97.009165,40.001463],[-97.369199035315,40.0019393057605],[-97.36868799999999,40.350392]]]}},{"type":"Feature","id":"06021","properties":{"fips":"06021","county_name":"Glenn County","state_alpha":"CA"},"geometry":{"type":"Polygon","coordinates":[[[-122.937654,39.798156],[-122.046471,39.797647999999995],[-122.026498,39.800137],[-121.967868,39.722397],[-121.949868,39.733001],[-121.994343,39.671458],[-121.994021,39.533926],[-121.856532,39.536904],[-121.890013,39.383863999999996],[-122.008857,39.413567],[-122.136161,39.414499],[-122.192334,39.385256999999996],[-122.739062,39.383266],[-122.73563899999999,39.580667999999996],[-122.885352,39.580107999999996],[-122.892676,39.708898],[-122.937654,39.798156]]]}},{"type":"Feature","id":"19021","properties":{"fips":"19021","county_name":"Buena Vista County","state_alpha":"IA"},"geometry":{"type":"Polygon","coordinates":[[[-95.388182,42.909897],[-94.91389,42.9097],[-94.914485,42.560309],[-95.38801,42.561741999999995],[-95.388182,42.909897]]]}},{"type":"Feature","id":"31061","properties":{"fips":"31061","county_name":"Franklin County","state_alpha":"NE"},"geometry":{"type":"Polygon","coordinates":[[[-99.179403,40.350681],[-98.726827,40.350398],[-98.72637296393901,40.0023362731669],[-99.06701834989809,40.0021435130522],[-99.08559699999999,40.002133],[-99.17913315086109,40.0021089526949],[-99.179403,40.350681]]]}},{"type":"Feature","id":"06049","properties":{"fips":"06049","county_name":"Modoc County","state_alpha":"CA"},"geometry":{"type":"Polygon","coordinates":[[[-121.457213,41.949945],[-121.447539998048,41.997190033272595],[-121.43961,41.99708],[-121.251099,41.997569999999996],[-121.035195,41.993323],[-120.87992571023601,41.9934832599849],[-120.692219,41.993677],[-120.501069,41.993784999999995],[-120.181563,41.994588],[-119.999168,41.99454],[-119.999276,41.874891],[-119.99828,41.618764999999996],[-119.999866,41.183974],[-120.501404,41.18394],[-121.331786,41.183886],[-121.446495,41.183484],[-121.448981,41.776392],[-121.457213,41.949945]]]}},{"type":"Feature","id":"19163","properties":{"fips":"19163","county_name":"Scott County","state_alpha":"IA"},"geometry":{"type":"Polygon","coordinates":[[[-90.89837299999999,41.771392],[-90.685383,41.757205],[-90.471723,41.773603],[-90.31185685041619,41.7285328921536],[-90.31468699999999,41.694829999999996],[-90.33672899999999,41.664532],[-90.339528,41.598633],[-90.364128,41.579633],[-90.41583,41.562933],[-90.461432,41.523533],[-90.513134,41.519532999999996],[-90.571136,41.516332],[-90.61853699999999,41.485032],[-90.70115899999999,41.454743],[-90.786282,41.452888],[-90.783812,41.596531],[-90.899853,41.597133],[-90.89837299999999,41.771392]]]}},{"type":"Feature","id":"19117","properties":{"fips":"19117","county_name":"Lucas County","state_alpha":"IA"},"geometry":{"type":"Polygon","coordinates":[[[-93.55755599999999,41.161271],[-93.32788599999999,41.160658999999995],[-93.099217,41.160866999999996],[-93.097595,40.898451],[-93.55654,40.898295],[-93.55755599999999,41.161271]]]}},{"type":"Feature","id":"19015","properties":{"fips":"19015","county_name":"Boone County","state_alpha":"IA"},"geometry":{"type":"Polygon","coordinates":[[[-94.164704,42.20992],[-93.93158,42.209908],[-93.69838999999999,42.209339],[-93.698032,41.863369999999996],[-93.815721,41.863419],[-94.164138,41.863243999999995],[-94.164704,42.20992]]]}},{"type":"Feature","id":"19127","properties":{"fips":"19127","county_name":"Marshall County","state_alpha":"IA"},"geometry":{"type":"Polygon","coordinates":[[[-93.23172199999999,42.208886],[-93.001674,42.209267],[-92.76746299999999,42.210139999999996],[-92.765999,41.862373],[-93.231858,41.862711],[-93.23172199999999,42.208886]]]}},{"type":"Feature","id":"31151","properties":{"fips":"31151","county_name":"Saline County","state_alpha":"NE"},"geometry":{"type":"Polygon","coordinates":[[[-97.36840099999999,40.698625],[-96.913493,40.697948],[-96.91263699999999,40.523624999999996],[-96.913468,40.369364999999995],[-96.916055,40.349727],[-97.36868799999999,40.350392],[-97.36840099999999,40.698625]]]}},{"type":"Feature","id":"19009","properties":{"fips":"19009","county_name":"Audubon County","state_alpha":"IA"},"geometry":{"type":"Polygon","coordinates":[[[-95.092861,41.863374],[-94.74487599999999,41.862393999999995],[-94.744204,41.602185],[-94.700745,41.602184],[-94.70062899999999,41.504148],[-95.04077,41.50469],[-95.040748,41.602152],[-95.09252,41.602055],[-95.092861,41.863374]]]}},{"type":"Feature","id":"31103","properties":{"fips":"31103","county_name":"Keya Paha County","state_alpha":"NE"},"geometry":{"type":"Polygon","coordinates":[[[-100.19841379977501,42.9979768839694],[-100.19841261156601,42.9979768846315],[-99.850037,42.998171],[-99.53405501480901,42.9981974883181],[-99.2544550123166,42.99822092678669],[-99.25703899999999,42.804296],[-99.415222,42.772098],[-99.53749099999999,42.717625999999996],[-99.677684,42.730903],[-100.11334,42.799682999999995],[-100.198478,42.846101999999995],[-100.19841379977501,42.9979768839694]]]}},{"type":"Feature","id":"19153","properties":{"fips":"19153","county_name":"Polk County","state_alpha":"IA"},"geometry":{"type":"Polygon","coordinates":[[[-93.815721,41.863419],[-93.698032,41.863369999999996],[-93.347933,41.863104],[-93.348681,41.600999],[-93.328614,41.507824],[-93.328407,41.490921],[-93.417688,41.511542],[-93.790612,41.511916],[-93.81428199999999,41.600456],[-93.815721,41.863419]]]}},{"type":"Feature","id":"31091","properties":{"fips":"31091","county_name":"Hooker County","state_alpha":"NE"},"geometry":{"type":"Polygon","coordinates":[[[-101.426557,42.092194],[-100.846129,42.088166],[-100.842459,41.740404],[-100.87543,41.739903],[-101.406466,41.7432],[-101.42592,41.743058999999995],[-101.426557,42.092194]]]}},{"type":"Feature","id":"31181","properties":{"fips":"31181","county_name":"Webster County","state_alpha":"NE"},"geometry":{"type":"Polygon","coordinates":[[[-98.726827,40.350398],[-98.723948,40.350390999999995],[-98.27808999999999,40.350347],[-98.27357099999999,40.350359],[-98.27401705975291,40.0023374507299],[-98.50445498363679,40.00237987673601],[-98.613755,40.0024],[-98.72637296393901,40.0023362731669],[-98.726827,40.350398]]]}},{"type":"Feature","id":"19187","properties":{"fips":"19187","county_name":"Webster County","state_alpha":"IA"},"geometry":{"type":"Polygon","coordinates":[[[-94.443083,42.645164],[-93.97171399999999,42.644707],[-93.971583,42.558139],[-93.93168399999999,42.472010999999995],[-93.93158,42.209908],[-94.164704,42.20992],[-94.397526,42.209160999999995],[-94.397671,42.4733],[-94.443033,42.473378],[-94.443024,42.558842999999996],[-94.443083,42.645164]]]}},{"type":"Feature","id":"31157","properties":{"fips":"31157","county_name":"Scotts Bluff County","state_alpha":"NE"},"geometry":{"type":"Polygon","coordinates":[[[-104.053026,41.885464],[-104.052762005445,42.0017762678376],[-103.401522,42.003537],[-103.363337,42.00293],[-103.36261999999999,41.743548],[-103.370391,41.69921],[-104.052825094979,41.69782285321409],[-104.053026,41.885464]]]}},{"type":"Feature","id":"19073","properties":{"fips":"19073","county_name":"Greene County","state_alpha":"IA"},"geometry":{"type":"Polygon","coordinates":[[[-94.628806,42.209396],[-94.397526,42.209160999999995],[-94.164704,42.20992],[-94.164138,41.863243999999995],[-94.28034,41.862998999999995],[-94.62872399999999,41.862763],[-94.628806,42.209396]]]}},{"type":"Feature","id":"06083","properties":{"fips":"06083","county_name":"Santa Barbara County","state_alpha":"CA"},"geometry":{"type":"MultiPolygon","coordinates":[[[[-119.91621599999999,34.058351],[-119.857304,34.071298],[-119.739472,34.049299],[-119.56670000000001,34.053452],[-119.47073665694401,34.053996622104],[-119.48771955738201,33.99651515438929],[-119.554472,33.99782],[-119.662825,33.985889],[-119.721206,33.959582999999995],[-119.795938,33.962928999999995],[-119.873358,33.980374999999995],[-119.876916,34.023527],[-119.91621599999999,34.058351]]],[[[-120.368278,34.076465],[-120.24248,34.057172],[-120.135853,34.026087],[-120.05510699999999,34.037729],[-119.984316,33.983948],[-119.973691,33.942481],[-120.049682,33.914563],[-120.121817,33.895711999999996],[-120.17904899999999,33.927994],[-120.200085,33.956904],[-120.36484,33.991780999999996],[-120.454134,34.028081],[-120.368278,34.076465]]],[[[-120.65030521184,34.975166302268704],[-120.496222,34.993155],[-120.435473,34.986759],[-120.301827,34.905571],[-120.334548,35.006315],[-120.188383,35.030378],[-120.167616,35.075297],[-120.082084,35.114678],[-119.980122,35.057573],[-119.92841899999999,35.059794],[-119.745566,34.973676],[-119.672963,34.973375],[-119.535757,34.897576],[-119.472494,34.901378],[-119.443691,34.901171],[-119.442353,34.561101],[-119.442269,34.463949],[-119.44599099999999,34.404067],[-119.47794670672401,34.378837558775594],[-119.536957,34.395495],[-119.616862,34.420995],[-119.68466599999999,34.408297],[-119.709067,34.395396999999996],[-119.785871,34.415997],[-119.835771,34.415796],[-119.873971,34.408795],[-119.971951,34.444641],[-120.050682,34.461650999999996],[-120.141165,34.473405],[-120.295051,34.470622999999996],[-120.451425,34.447094],[-120.511421,34.522953],[-120.550092,34.542794],[-120.581293,34.556959],[-120.622575,34.554017],[-120.64573899999999,34.581035],[-120.60197,34.692095],[-120.614852,34.730709],[-120.62631999999999,34.738071999999995],[-120.610266,34.85818],[-120.670835,34.904115],[-120.65030521184,34.975166302268704]]]]}},{"type":"Feature","id":"06027","properties":{"fips":"06027","county_name":"Inyo County","state_alpha":"CA"},"geometry":{"type":"Polygon","coordinates":[[[-118.775014,37.463052],[-117.83350404414401,37.464938766244494],[-117.68061,37.353398999999996],[-117.244917,37.030243999999996],[-117.16600056403101,36.9712075385903],[-117.000895,36.847694],[-116.48823300000001,36.459097],[-116.37587500000001,36.372561999999995],[-116.093601,36.155805],[-115.892975,35.999967],[-115.846113922762,35.9635526731109],[-115.648032019625,35.8096292126029],[-115.735891,35.79362],[-116.277263,35.793394],[-117.251015,35.795004],[-117.634283,35.79726],[-117.924406,35.798359],[-118.008094,35.788934999999995],[-118.005489,35.862699],[-117.980761,35.867515],[-118.003577,35.983717999999996],[-118.03361100000001,36.008944],[-118.12714700000001,36.279655999999996],[-118.100317,36.346137],[-118.21482,36.435036],[-118.274624,36.597334],[-118.366328,36.691635],[-118.360586,36.744772999999995],[-118.389758,36.834466],[-118.36083099999999,36.887734],[-118.437137,37.059818],[-118.59266099999999,37.138147],[-118.654593,37.141826],[-118.716016,37.328208],[-118.78673599999999,37.343379999999996],[-118.775014,37.463052]]]}},{"type":"Feature","id":"19139","properties":{"fips":"19139","county_name":"Muscatine County","state_alpha":"IA"},"geometry":{"type":"Polygon","coordinates":[[[-91.368521,41.423178],[-91.36644799999999,41.598372999999995],[-90.899853,41.597133],[-90.783812,41.596531],[-90.786282,41.452888],[-90.86728199999999,41.448215],[-90.924343,41.42286],[-90.966662,41.430051],[-91.02778699999999,41.423603],[-91.065058,41.369101],[-91.071552,41.339650999999996],[-91.07408762367409,41.3343208019205],[-91.0744154980196,41.3336315690407],[-91.369332,41.336062999999996],[-91.368521,41.423178]]]}},{"type":"Feature","id":"19169","properties":{"fips":"19169","county_name":"Story County","state_alpha":"IA"},"geometry":{"type":"Polygon","coordinates":[[[-93.69838999999999,42.209339],[-93.463043,42.209302],[-93.23172199999999,42.208886],[-93.231858,41.862711],[-93.347933,41.863104],[-93.698032,41.863369999999996],[-93.69838999999999,42.209339]]]}},{"type":"Feature","id":"31083","properties":{"fips":"31083","county_name":"Harlan County","state_alpha":"NE"},"geometry":{"type":"Polygon","coordinates":[[[-99.630459,40.35112],[-99.179403,40.350681],[-99.17913315086109,40.0021089526949],[-99.501792,40.002026],[-99.6253267263996,40.001777827647],[-99.6282538492245,40.001771947268395],[-99.630459,40.35112]]]}},{"type":"Feature","id":"19185","properties":{"fips":"19185","county_name":"Wayne County","state_alpha":"IA"},"geometry":{"type":"Polygon","coordinates":[[[-93.55654,40.898295],[-93.097595,40.898451],[-93.0972912037498,40.5838234773251],[-93.135802,40.582854],[-93.34544199999999,40.580514],[-93.3743862587638,40.5803970326092],[-93.5568966742717,40.579659485060496],[-93.55654,40.898295]]]}},{"type":"Feature","id":"31009","properties":{"fips":"31009","county_name":"Blaine County","state_alpha":"NE"},"geometry":{"type":"Polygon","coordinates":[[[-100.267622,42.086147],[-100.167605,42.085848],[-99.686959,42.086075],[-99.68683399999999,41.740325999999996],[-100.251224,41.739816999999995],[-100.265474,41.739855999999996],[-100.267622,42.086147]]]}},{"type":"Feature","id":"06063","properties":{"fips":"06063","county_name":"Plumas County","state_alpha":"CA"},"geometry":{"type":"Polygon","coordinates":[[[-121.497635,40.445591],[-121.361456,40.446822],[-121.327826,40.445367],[-121.061417,40.446535999999995],[-121.061493,40.256417],[-120.928582,40.191931],[-120.764403,40.31601],[-120.652158,40.307656],[-120.510817,40.248945],[-120.445892,40.176854],[-120.341385,40.115243],[-120.209641,40.086008],[-120.201264,40.013473999999995],[-120.108761,39.93951],[-120.110627,39.765778999999995],[-120.147149,39.707657999999995],[-120.65422699999999,39.706629],[-120.68075999999999,39.676832999999995],[-120.792484,39.709793999999995],[-120.873261,39.776168],[-120.949435,39.672548],[-121.009477,39.639458999999995],[-121.076695,39.597263999999996],[-121.136715,39.628169],[-121.210878,39.725651],[-121.350821,39.825703999999995],[-121.429957,39.900313],[-121.41948,40.015766],[-121.366818,40.086054],[-121.436886,40.151905],[-121.36839499999999,40.21223],[-121.342264,40.309751],[-121.470395,40.350213],[-121.497635,40.445591]]]}},{"type":"Feature","id":"06081","properties":{"fips":"06081","county_name":"San Mateo County","state_alpha":"CA"},"geometry":{"type":"Polygon","coordinates":[[[-122.518088,37.576138],[-122.496786,37.612136],[-122.49678399999999,37.686433],[-122.50067801908301,37.7081325680179],[-122.389826876588,37.708331],[-122.39319,37.707530999999996],[-122.360219,37.592501],[-122.244372,37.55814],[-122.168449,37.504143],[-122.12919970222401,37.5213219985908],[-122.11724,37.506721],[-122.081473,37.477838],[-122.144933,37.458200000000005],[-122.190402,37.431472],[-122.192665,37.31801],[-122.152278,37.286055],[-122.152774,37.215444],[-122.31768199999999,37.186945],[-122.29431019191301,37.105141386718],[-122.322971,37.11546],[-122.344029,37.144099],[-122.397065,37.187249],[-122.418452,37.248521],[-122.40559014390101,37.3149650377439],[-122.40132299999999,37.337008999999995],[-122.409258,37.374804999999995],[-122.443687,37.435941],[-122.445987,37.461541],[-122.49378899999999,37.492340999999996],[-122.516689,37.521339999999995],[-122.518088,37.576138]]]}},{"type":"Feature","id":"06091","properties":{"fips":"06091","county_name":"Sierra County","state_alpha":"CA"},"geometry":{"type":"Polygon","coordinates":[[[-121.05820299999999,39.537043],[-121.009477,39.639458999999995],[-120.949435,39.672548],[-120.873261,39.776168],[-120.792484,39.709793999999995],[-120.68075999999999,39.676832999999995],[-120.65422699999999,39.706629],[-120.147149,39.707657999999995],[-120.015734,39.708721],[-119.99993544808501,39.7224069247242],[-120.00174,39.538852],[-120.003028919657,39.4450457761605],[-120.505445,39.446117],[-120.575059,39.522279999999995],[-120.654332,39.526889],[-120.755729,39.452663],[-121.022085,39.391557999999996],[-121.05820299999999,39.537043]]]}},{"type":"Feature","id":"06045","properties":{"fips":"06045","county_name":"Mendocino County","state_alpha":"CA"},"geometry":{"type":"Polygon","coordinates":[[[-124.02520517453002,40.001299341669004],[-123.54445799999999,40.001923],[-123.544563,39.977015],[-122.934013,39.978131],[-122.909787,39.936385],[-122.950077,39.907717999999996],[-122.937654,39.798156],[-122.892676,39.708898],[-122.885352,39.580107999999996],[-122.89031,39.529014],[-123.063181,39.503538999999996],[-123.075114,39.407683],[-122.994839,39.235924],[-123.077812,39.173791],[-123.056115,39.048815],[-123.056212,39.021096],[-122.98664,38.997282999999996],[-122.948865,38.90022],[-122.821592,38.850139999999996],[-123.080997,38.852438],[-123.136253,38.809135999999995],[-123.368394,38.80664],[-123.54092201163401,38.76765621603929],[-123.57198700000001,38.798189],[-123.638637,38.843865],[-123.659846,38.872529],[-123.71054,38.91323],[-123.73289199999999,38.954994],[-123.69074,39.021293],[-123.72150500000001,39.125327],[-123.765891,39.193657],[-123.798991,39.271355],[-123.825331,39.360814],[-123.81469,39.446538],[-123.766475,39.552803],[-123.782322,39.621486],[-123.792659,39.684121999999995],[-123.829545,39.723071],[-123.851714,39.832041],[-123.907664,39.863028],[-123.95495199999999,39.922373],[-124.02520517453002,40.001299341669004]]]}},{"type":"Feature","id":"31171","properties":{"fips":"31171","county_name":"Thomas County","state_alpha":"NE"},"geometry":{"type":"Polygon","coordinates":[[[-100.846129,42.088166],[-100.267622,42.086147],[-100.265474,41.739855999999996],[-100.711409,41.739759],[-100.842459,41.740404],[-100.846129,42.088166]]]}},{"type":"Feature","id":"06033","properties":{"fips":"06033","county_name":"Lake County","state_alpha":"CA"},"geometry":{"type":"Polygon","coordinates":[[[-123.077812,39.173791],[-122.994839,39.235924],[-123.075114,39.407683],[-123.063181,39.503538999999996],[-122.89031,39.529014],[-122.885352,39.580107999999996],[-122.73563899999999,39.580667999999996],[-122.739062,39.383266],[-122.78509,39.382974999999995],[-122.743482,39.36813],[-122.775043,39.311778],[-122.680927,39.238726],[-122.47729,39.17395],[-122.491278,39.052991],[-122.413416,39.020218],[-122.409118,38.962793],[-122.340172,38.924246],[-122.403941,38.925289],[-122.421904,38.90377],[-122.395056,38.864245],[-122.397989,38.804001],[-122.46388999999999,38.705203],[-122.627396,38.667505999999996],[-122.77248,38.821529999999996],[-122.821592,38.850139999999996],[-122.948865,38.90022],[-122.98664,38.997282999999996],[-123.056212,39.021096],[-123.056115,39.048815],[-123.077812,39.173791]]]}},{"type":"Feature","id":"06051","properties":{"fips":"06051","county_name":"Mono County","state_alpha":"CA"},"geometry":{"type":"Polygon","coordinates":[[[-119.639205,38.326879999999996],[-119.542367,38.481657],[-119.619066,38.603529],[-119.58540614483901,38.7131509006712],[-119.330366469799,38.5355095158185],[-119.279262,38.499914],[-119.155815824409,38.4134036584505],[-118.949673,38.26894],[-118.500958,37.949019],[-118.42799532515701,37.8962242809098],[-118.022181,37.602582999999996],[-117.83350404414401,37.464938766244494],[-118.775014,37.463052],[-118.85047399999999,37.475795999999995],[-118.91705999999999,37.550336],[-119.022363,37.585737],[-119.124068,37.7338],[-119.268979,37.73923],[-119.20128,37.804328999999996],[-119.200283,37.885827],[-119.308389,37.946824],[-119.30458999999999,38.023891],[-119.345922,38.083113],[-119.469456,38.128282999999996],[-119.57649599999999,38.157661],[-119.632671,38.198858],[-119.604182,38.234961],[-119.651509,38.286462],[-119.639205,38.326879999999996]]]}},{"type":"Feature","id":"19179","properties":{"fips":"19179","county_name":"Wapello County","state_alpha":"IA"},"geometry":{"type":"Polygon","coordinates":[[[-92.640361,41.161297999999995],[-92.41023299999999,41.161941999999996],[-92.179974,41.162662],[-92.17907199999999,40.899719999999995],[-92.639091,40.898886],[-92.640361,41.161297999999995]]]}},{"type":"Feature","id":"19077","properties":{"fips":"19077","county_name":"Guthrie County","state_alpha":"IA"},"geometry":{"type":"Polygon","coordinates":[[[-94.74487599999999,41.862393999999995],[-94.62872399999999,41.862763],[-94.28034,41.862998999999995],[-94.280057,41.601312],[-94.241356,41.600971],[-94.241593,41.503679],[-94.70062899999999,41.504148],[-94.700745,41.602184],[-94.744204,41.602185],[-94.74487599999999,41.862393999999995]]]}},{"type":"Feature","id":"31097","properties":{"fips":"31097","county_name":"Johnson County","state_alpha":"NE"},"geometry":{"type":"Polygon","coordinates":[[[-96.46363199999999,40.523013],[-96.06701199999999,40.523148],[-96.06673599999999,40.262038],[-96.463667,40.262173],[-96.46363199999999,40.523013]]]}},{"type":"Feature","id":"19133","properties":{"fips":"19133","county_name":"Monona County","state_alpha":"IA"},"geometry":{"type":"Polygon","coordinates":[[[-96.3372160947059,42.214849506895604],[-95.670822,42.211408],[-95.672771,41.863147],[-96.1268212534654,41.8660952477016],[-96.159098,41.910056999999995],[-96.132537,41.974624999999996],[-96.22361099999999,42.022652],[-96.272877,42.047238],[-96.2689,42.113589999999995],[-96.347752,42.166806],[-96.3372160947059,42.214849506895604]]]}},{"type":"Feature","id":"31129","properties":{"fips":"31129","county_name":"Nuckolls County","state_alpha":"NE"},"geometry":{"type":"Polygon","coordinates":[[[-98.27357099999999,40.350359],[-97.824114,40.350541],[-97.820816,40.350545],[-97.8215008122752,40.00218688208889],[-97.93182492631719,40.0022363450196],[-98.07603399999999,40.002300999999996],[-98.27401705975291,40.0023374507299],[-98.27357099999999,40.350359]]]}},{"type":"Feature","id":"31047","properties":{"fips":"31047","county_name":"Dawson County","state_alpha":"NE"},"geometry":{"type":"Polygon","coordinates":[[[-100.224235,41.046597],[-99.425986,41.046471],[-99.42655099999999,40.69977],[-99.417316,40.670825],[-99.444401,40.677892],[-99.643462,40.684911],[-99.699269,40.699968999999996],[-99.981743,40.700002999999995],[-100.223311,40.700254],[-100.224235,41.046597]]]}},{"type":"Feature","id":"31025","properties":{"fips":"31025","county_name":"Cass County","state_alpha":"NE"},"geometry":{"type":"Polygon","coordinates":[[[-96.463861,41.016069],[-96.349471,41.015211],[-96.31919099999999,41.044998],[-96.21893899999999,40.994308],[-96.05625599999999,41.065356],[-96.005191,41.060624],[-95.97877799999999,41.053362],[-95.8647847640853,41.0528455046135],[-95.865878,41.017403],[-95.828329,40.972378],[-95.837774,40.924712],[-95.8187272785699,40.8979480664065],[-95.81070899999999,40.886680999999996],[-95.841309,40.845604],[-95.8342438167144,40.7837843870431],[-96.463764,40.78396],[-96.463861,41.016069]]]}},{"type":"Feature","id":"06037","properties":{"fips":"06037","county_name":"Los Angeles County","state_alpha":"CA"},"geometry":{"type":"MultiPolygon","coordinates":[[[[-118.593969,33.467197999999996],[-118.484785,33.487483],[-118.370323,33.409285],[-118.286261,33.351462999999995],[-118.325244,33.299075],[-118.374768,33.320065],[-118.465368,33.326056],[-118.482609,33.369914],[-118.563442,33.434381],[-118.593969,33.467197999999996]]],[[[-118.594033,33.035951],[-118.540069,32.980933],[-118.446771,32.895424],[-118.353504,32.821962],[-118.425634,32.800595],[-118.487908,32.84459],[-118.581513,32.931672],[-118.641578,33.017129],[-118.594033,33.035951]]],[[[-118.940965,34.07483],[-118.856473,34.126765],[-118.788889,34.168214],[-118.723374,34.167860999999995],[-118.693834,34.168557],[-118.667944,34.199166],[-118.667742,34.236694],[-118.633461,34.269521999999995],[-118.652285,34.323392],[-118.738618,34.498968999999995],[-118.880405,34.788655],[-118.894634,34.817972],[-118.326281,34.819725999999996],[-117.774368,34.823301],[-117.667292,34.822525999999996],[-117.655235,34.397222],[-117.646374,34.28917],[-117.677155,34.167377],[-117.693563,34.121627],[-117.704356,34.09529],[-117.71117,34.079536],[-117.744342,34.019852],[-117.767654,34.019386],[-117.802539,33.975550999999996],[-117.783252,33.946261],[-117.91956,33.947635999999996],[-117.966691,33.946058],[-117.976593,33.902809999999995],[-118.028717,33.866242],[-118.05892,33.846196],[-118.063268,33.824107],[-118.093029,33.786121],[-118.11507672288201,33.743803322895],[-118.132698,33.753217],[-118.1837,33.736118],[-118.23192618503401,33.7152954681899],[-118.258687,33.703741],[-118.317205,33.712818],[-118.333295024316,33.721184383577],[-118.354705,33.732317],[-118.39660599999999,33.735917],[-118.42840699999999,33.774715],[-118.394307,33.804314999999995],[-118.412708,33.883913],[-118.460611,33.969111],[-118.519514,34.027509],[-118.603572,34.039048],[-118.679366,34.033255],[-118.744952,34.032103],[-118.805114,34.001239],[-118.854653,34.034214999999996],[-118.94447951145901,34.046738953351],[-118.940965,34.07483]]]]}},{"type":"Feature","id":"06113","properties":{"fips":"06113","county_name":"Yolo County","state_alpha":"CA"},"geometry":{"type":"Polygon","coordinates":[[[-122.403941,38.925289],[-122.340172,38.924246],[-121.835488,38.924481],[-121.814814,38.876582],[-121.723149,38.851306],[-121.67345399999999,38.743035],[-121.60289399999999,38.735838],[-121.633774,38.686164],[-121.553609,38.603325999999996],[-121.544567,38.597704],[-121.527667,38.604603999999995],[-121.511566,38.600904],[-121.506269,38.586304999999996],[-121.520965,38.566205],[-121.51129,38.54629],[-121.513706,38.540107],[-121.53089299999999,38.529365],[-121.524018,38.520868],[-121.551782,38.513861],[-121.558701,38.501939],[-121.50509,38.469563],[-121.521641,38.360104],[-121.593273,38.313089],[-121.693697,38.313732],[-121.712034,38.537962],[-121.940285,38.533384],[-122.011673,38.488991],[-122.103281,38.513348],[-122.168301,38.655296],[-122.224206,38.699984],[-122.287998,38.839931],[-122.395056,38.864245],[-122.421904,38.90377],[-122.403941,38.925289]]]}},{"type":"Feature","id":"19191","properties":{"fips":"19191","county_name":"Winneshiek County","state_alpha":"IA"},"geometry":{"type":"Polygon","coordinates":[[[-92.08097599999999,43.212947],[-92.07980199312829,43.500704885176596],[-91.824848,43.500684],[-91.7302169978377,43.5006857009461],[-91.61083500055439,43.5006878467793],[-91.605307,43.081652999999996],[-92.08114599999999,43.082794],[-92.08097599999999,43.212947]]]}},{"type":"Feature","id":"19189","properties":{"fips":"19189","county_name":"Winnebago County","state_alpha":"IA"},"geometry":{"type":"Polygon","coordinates":[[[-93.97076,43.499604999999995],[-93.6485330311736,43.4995354896751],[-93.576728,43.49952],[-93.4973513252204,43.4995307245117],[-93.497635,43.255468],[-93.970415,43.255358],[-93.97076,43.499604999999995]]]}},{"type":"Feature","id":"19143","properties":{"fips":"19143","county_name":"Osceola County","state_alpha":"IA"},"geometry":{"type":"Polygon","coordinates":[[[-95.8609462015723,43.4999928849056],[-95.83442099999999,43.499966],[-95.486803,43.500246],[-95.4544322386606,43.500322085250005],[-95.38778759402189,43.5004787289074],[-95.388078,43.255221],[-95.861914,43.257566],[-95.8609462015723,43.4999928849056]]]}},{"type":"Feature","id":"19041","properties":{"fips":"19041","county_name":"Clay County","state_alpha":"IA"},"geometry":{"type":"Polygon","coordinates":[[[-95.388078,43.255221],[-94.91372299999999,43.255054],[-94.91389,42.9097],[-95.388182,42.909897],[-95.388078,43.255221]]]}},{"type":"Feature","id":"31029","properties":{"fips":"31029","county_name":"Chase County","state_alpha":"NE"},"geometry":{"type":"Polygon","coordinates":[[[-102.05130479859702,40.440007993377],[-102.05129415157901,40.69754683238901],[-101.345365,40.698093],[-101.342788,40.350443999999996],[-102.05130855184402,40.3492213568722],[-102.05130479859702,40.440007993377]]]}},{"type":"Feature","id":"06005","properties":{"fips":"06005","county_name":"Amador County","state_alpha":"CA"},"geometry":{"type":"Polygon","coordinates":[[[-121.027507,38.508292],[-120.813554,38.562193],[-120.62760399999999,38.503143],[-120.51059599999999,38.511466999999996],[-120.301721,38.549109],[-120.21278699999999,38.629371],[-120.140084,38.638374],[-120.098322,38.709029],[-120.07239200000001,38.702767],[-120.072484,38.509868999999995],[-120.205702,38.501039],[-120.33104,38.465191999999995],[-120.423215,38.473321999999996],[-120.614881,38.389407999999996],[-120.63129,38.340263],[-120.810126,38.28201],[-120.892864,38.221574],[-120.995497,38.225401999999995],[-121.027084,38.300252],[-121.027507,38.508292]]]}},{"type":"Feature","id":"06013","properties":{"fips":"06013","county_name":"Contra Costa County","state_alpha":"CA"},"geometry":{"type":"Polygon","coordinates":[[[-122.425258,37.955672],[-122.367582,37.978168],[-122.36889099999999,38.007948],[-122.34280385218801,38.0092538777817],[-122.321706,38.01031],[-122.262861,38.051473],[-122.269320054917,38.06037449753119],[-122.14312,38.031760999999996],[-122.095733,38.048355],[-122.050386,38.060198],[-121.878235,38.049318],[-121.862462,38.06603],[-121.80127,38.021622],[-121.737824,38.02663],[-121.673065,38.093517999999996],[-121.580022,38.094414],[-121.579425,37.8723],[-121.534108,37.849339],[-121.556997,37.816488],[-121.577005,37.811527],[-121.873542,37.739317],[-121.96003999999999,37.718531],[-121.971938,37.730323999999996],[-121.988097,37.733149],[-122.011771,37.747428],[-122.010771,37.755127],[-121.997411,37.76336],[-122.005025,37.771147],[-122.045473,37.798125999999996],[-122.140317,37.804701],[-122.27108,37.905823999999996],[-122.32871428740701,37.8938323463208],[-122.33453,37.908791],[-122.378709,37.905190999999995],[-122.425258,37.955672]]]}},{"type":"Feature","id":"06019","properties":{"fips":"06019","county_name":"Fresno County","state_alpha":"CA"},"geometry":{"type":"Polygon","coordinates":[[[-120.65595,36.952832],[-120.590566,36.952641],[-120.541696,37.044505],[-120.450341,36.911172],[-120.456246,36.862863],[-120.370256,36.78494],[-120.229179,36.769687],[-120.057776,36.82286],[-120.02777499999999,36.814505],[-119.932338,36.843323],[-119.814421,36.850138],[-119.713182,36.991638],[-119.705356,36.999794],[-119.69077899999999,37.011987],[-119.65861100000001,37.013329999999996],[-119.659377,37.038938],[-119.64748900000001,37.043775],[-119.621116,37.026604999999996],[-119.604908,37.071016],[-119.562979,37.064095],[-119.567234,37.115946],[-119.506733,37.150554],[-119.470844,37.110548],[-119.43306,37.161516],[-119.362374,37.167463],[-119.330573,37.205791],[-119.335189,37.310773999999995],[-119.286658,37.374943],[-119.022363,37.585737],[-118.91705999999999,37.550336],[-118.85047399999999,37.475795999999995],[-118.775014,37.463052],[-118.78673599999999,37.343379999999996],[-118.716016,37.328208],[-118.654593,37.141826],[-118.59266099999999,37.138147],[-118.437137,37.059818],[-118.36083099999999,36.887734],[-118.389758,36.834466],[-118.360586,36.744772999999995],[-118.982441,36.741645999999996],[-118.984779,36.657146999999995],[-119.088295,36.657514],[-119.174791,36.658878],[-119.304625,36.660606],[-119.305102,36.573724999999996],[-119.46632199999999,36.575238],[-119.546131,36.508963],[-119.573194,36.488835],[-119.66640000000001,36.41888],[-119.754213,36.402023],[-119.959227,36.400974999999995],[-119.959058,36.181747],[-120.315068,35.907185999999996],[-120.433053,35.968933],[-120.667551,36.138056999999996],[-120.62691,36.203227],[-120.678582,36.267319],[-120.596562,36.328488],[-120.597155,36.488234999999996],[-120.918731,36.740381],[-120.65595,36.952832]]]}},{"type":"Feature","id":"06011","properties":{"fips":"06011","county_name":"Colusa County","state_alpha":"CA"},"geometry":{"type":"Polygon","coordinates":[[[-122.78509,39.382974999999995],[-122.739062,39.383266],[-122.192334,39.385256999999996],[-122.136161,39.414499],[-122.008857,39.413567],[-121.890013,39.383863999999996],[-121.899109,39.357285999999995],[-121.908269,39.303878],[-121.945514,39.179843],[-121.889101,39.072373],[-121.795366,38.995686],[-121.835488,38.924481],[-122.340172,38.924246],[-122.409118,38.962793],[-122.413416,39.020218],[-122.491278,39.052991],[-122.47729,39.17395],[-122.680927,39.238726],[-122.775043,39.311778],[-122.743482,39.36813],[-122.78509,39.382974999999995]]]}},{"type":"Feature","id":"19051","properties":{"fips":"19051","county_name":"Davis County","state_alpha":"IA"},"geometry":{"type":"Polygon","coordinates":[[[-92.639091,40.898886],[-92.17907199999999,40.899719999999995],[-92.17978,40.600529],[-92.35080418672639,40.5972572763761],[-92.453745,40.595288],[-92.63790329359949,40.590956547097896],[-92.639091,40.898886]]]}},{"type":"Feature","id":"31045","properties":{"fips":"31045","county_name":"Dawes County","state_alpha":"NE"},"geometry":{"type":"Polygon","coordinates":[[[-103.50509991602901,43.0007588128236],[-103.476133,43.000768],[-103.000609526033,43.0002592867744],[-102.792110939839,43.0000362357704],[-102.792659,42.785165],[-102.773369,42.785264999999995],[-102.773366,42.439921999999996],[-103.444278,42.437275],[-103.48001,42.437267],[-103.480335,42.784908],[-103.50509991602901,43.0007588128236]]]}},{"type":"Feature","id":"06115","properties":{"fips":"06115","county_name":"Yuba County","state_alpha":"CA"},"geometry":{"type":"Polygon","coordinates":[[[-121.62376,39.295621],[-121.407527,39.339754],[-121.33442,39.425211999999995],[-121.305122,39.519585],[-121.149907,39.526446],[-121.076695,39.597263999999996],[-121.009477,39.639458999999995],[-121.05820299999999,39.537043],[-121.022085,39.391557999999996],[-121.127481,39.380237],[-121.266132,39.272717],[-121.279533,39.034617999999995],[-121.305992,39.052943],[-121.332135,39.042021],[-121.365643,39.031743],[-121.414779,38.996452],[-121.543306,38.972404],[-121.57541499999999,38.918348],[-121.610138,39.057846999999995],[-121.58591,39.089690999999995],[-121.62376,39.295621]]]}},{"type":"Feature","id":"31153","properties":{"fips":"31153","county_name":"Sarpy County","state_alpha":"NE"},"geometry":{"type":"Polygon","coordinates":[[[-96.327399,41.189999],[-96.00913399999999,41.1907],[-95.9099128702696,41.1914208374192],[-95.90969,41.184398],[-95.856788,41.187098],[-95.8618980682094,41.1603023482127],[-95.86868799999999,41.124697999999995],[-95.863839,41.083507],[-95.8647847640853,41.0528455046135],[-95.97877799999999,41.053362],[-96.005191,41.060624],[-96.05625599999999,41.065356],[-96.21893899999999,40.994308],[-96.31919099999999,41.044998],[-96.339805,41.082502],[-96.327399,41.189999]]]}},{"type":"Feature","id":"06095","properties":{"fips":"06095","county_name":"Solano County","state_alpha":"CA"},"geometry":{"type":"Polygon","coordinates":[[[-122.406786,38.155632],[-122.213457,38.154973999999996],[-122.195884,38.162776],[-122.205982,38.315712999999995],[-122.061379,38.327411],[-122.126389,38.428917999999996],[-122.103281,38.513348],[-122.011673,38.488991],[-121.940285,38.533384],[-121.712034,38.537962],[-121.693697,38.313732],[-121.593273,38.313089],[-121.615413,38.195696],[-121.685645,38.159644],[-121.71213,38.085519999999995],[-121.74316400000001,38.087229],[-121.796395,38.060846999999995],[-121.827916,38.066223],[-121.843228,38.076654999999995],[-121.860477,38.070606999999995],[-121.862462,38.06603],[-121.878235,38.049318],[-122.050386,38.060198],[-122.095733,38.048355],[-122.14312,38.031760999999996],[-122.269320054917,38.06037449753119],[-122.301804,38.105142],[-122.393588,38.143449],[-122.39758123062401,38.14200359725329],[-122.406786,38.155632]]]}},{"type":"Feature","id":"06039","properties":{"fips":"06039","county_name":"Madera County","state_alpha":"CA"},"geometry":{"type":"Polygon","coordinates":[[[-120.476692,37.09639],[-120.22728599999999,37.1634],[-120.106385,37.167153],[-120.052055,37.183108],[-119.761809,37.417114],[-119.651191,37.417832],[-119.651172,37.461351],[-119.58422,37.494696],[-119.583585,37.560334999999995],[-119.308995,37.777986],[-119.268979,37.73923],[-119.124068,37.7338],[-119.022363,37.585737],[-119.286658,37.374943],[-119.335189,37.310773999999995],[-119.330573,37.205791],[-119.362374,37.167463],[-119.43306,37.161516],[-119.470844,37.110548],[-119.506733,37.150554],[-119.567234,37.115946],[-119.562979,37.064095],[-119.604908,37.071016],[-119.621116,37.026604999999996],[-119.64748900000001,37.043775],[-119.659377,37.038938],[-119.65861100000001,37.013329999999996],[-119.69077899999999,37.011987],[-119.705356,36.999794],[-119.713182,36.991638],[-119.814421,36.850138],[-119.932338,36.843323],[-120.02777499999999,36.814505],[-120.057776,36.82286],[-120.229179,36.769687],[-120.370256,36.78494],[-120.456246,36.862863],[-120.450341,36.911172],[-120.541696,37.044505],[-120.476692,37.09639]]]}},{"type":"Feature","id":"31125","properties":{"fips":"31125","county_name":"Nance County","state_alpha":"NE"},"geometry":{"type":"Polygon","coordinates":[[[-98.291344,41.480726999999995],[-98.09952299999999,41.480776999999996],[-98.041328,41.510534],[-97.82984599999999,41.526174],[-97.703627,41.526796],[-97.70376499999999,41.394876],[-97.705497,41.309134],[-98.05313699999999,41.293123],[-98.101546,41.264041],[-98.275408,41.264340999999995],[-98.28658399999999,41.393898],[-98.29141899999999,41.393893999999996],[-98.291344,41.480726999999995]]]}},{"type":"Feature","id":"19045","properties":{"fips":"19045","county_name":"Clinton County","state_alpha":"IA"},"geometry":{"type":"Polygon","coordinates":[[[-90.898484,41.946245],[-90.89837299999999,42.033547999999996],[-90.15968245112269,42.0330872575859],[-90.140613,41.995999],[-90.156902,41.938181],[-90.1581530337095,41.9298432273761],[-90.165065,41.883776999999995],[-90.181401,41.844646999999995],[-90.18064299999999,41.811979],[-90.2423682473972,41.782768725984596],[-90.24863099999999,41.779804999999996],[-90.31070799999999,41.742214],[-90.31185685041619,41.7285328921536],[-90.471723,41.773603],[-90.685383,41.757205],[-90.89837299999999,41.771392],[-90.898484,41.946245]]]}},{"type":"Feature","id":"19101","properties":{"fips":"19101","county_name":"Jefferson County","state_alpha":"IA"},"geometry":{"type":"Polygon","coordinates":[[[-92.179974,41.162662],[-91.945571,41.163578],[-91.716042,41.162808],[-91.71817999999999,40.901087],[-92.17907199999999,40.899719999999995],[-92.179974,41.162662]]]}},{"type":"Feature","id":"06109","properties":{"fips":"06109","county_name":"Tuolumne County","state_alpha":"CA"},"geometry":{"type":"Polygon","coordinates":[[[-120.514952,37.95339],[-120.534276,37.989443],[-120.46279799999999,38.011927],[-120.44252900000001,38.058741],[-120.176177,38.374013999999995],[-120.01995099999999,38.433521],[-119.884749,38.356184999999996],[-119.705385,38.416101999999995],[-119.639205,38.326879999999996],[-119.651509,38.286462],[-119.604182,38.234961],[-119.632671,38.198858],[-119.57649599999999,38.157661],[-119.469456,38.128282999999996],[-119.345922,38.083113],[-119.30458999999999,38.023891],[-119.308389,37.946824],[-119.200283,37.885827],[-119.20128,37.804328999999996],[-119.268979,37.73923],[-119.308995,37.777986],[-119.426792,37.866724],[-119.474295,37.855623],[-119.535699,37.904122],[-119.646203,37.846823],[-119.667203,37.801224],[-119.809409,37.755024999999996],[-119.907013,37.757926],[-120.079508,37.828807999999995],[-120.12722600000001,37.781566],[-120.345437,37.724787],[-120.30631199999999,37.665419],[-120.391931,37.683558999999995],[-120.387613,37.633704],[-120.653274,37.831858],[-120.514952,37.95339]]]}},{"type":"Feature","id":"06029","properties":{"fips":"06029","county_name":"Kern County","state_alpha":"CA"},"geometry":{"type":"Polygon","coordinates":[[[-120.194369,35.789363],[-119.53811999999999,35.789898],[-119.053437,35.790774],[-118.80244,35.790166],[-118.058925,35.791474],[-118.008094,35.788934999999995],[-117.924406,35.798359],[-117.634283,35.79726],[-117.652136,35.709858],[-117.616518,35.680687],[-117.630076,35.564254],[-117.632151,34.822271],[-117.667292,34.822525999999996],[-117.774368,34.823301],[-118.326281,34.819725999999996],[-118.894634,34.817972],[-118.880405,34.788655],[-118.977926,34.811713999999995],[-119.242534,34.814323],[-119.27643499999999,34.872481],[-119.443691,34.901171],[-119.472494,34.901378],[-119.47255200000001,35.076668999999995],[-119.561752,35.087831],[-119.553819,35.180123],[-119.667304,35.174982],[-119.666585,35.262634999999996],[-119.809407,35.263692999999996],[-119.80921000000001,35.35094],[-119.880356,35.351124],[-119.880045,35.439133],[-119.913659,35.439262],[-120.086766,35.526432],[-120.08618,35.614397],[-120.19398799999999,35.614388999999996],[-120.194369,35.789363]]]}},{"type":"Feature","id":"31185","properties":{"fips":"31185","county_name":"York County","state_alpha":"NE"},"geometry":{"type":"Polygon","coordinates":[[[-97.826287,41.046580999999996],[-97.368118,41.046946999999996],[-97.36840099999999,40.698625],[-97.82477999999999,40.698536999999995],[-97.825723,40.698555],[-97.826287,41.046580999999996]]]}},{"type":"Feature","id":"31031","properties":{"fips":"31031","county_name":"Cherry County","state_alpha":"NE"},"geometry":{"type":"Polygon","coordinates":[[[-102.082486319192,42.9991405485193],[-101.22801339779402,42.997868739647494],[-101.000429,42.99753],[-100.19841379977501,42.9979768839694],[-100.198478,42.846101999999995],[-100.18327,42.781005],[-100.183167,42.43343],[-100.167605,42.085848],[-100.267622,42.086147],[-100.846129,42.088166],[-101.426557,42.092194],[-102.006428,42.096227],[-102.038169,42.443307],[-102.066905,42.785489999999996],[-102.08254804307201,42.999140640389996],[-102.082486319192,42.9991405485193]]]}},{"type":"Feature","id":"19067","properties":{"fips":"19067","county_name":"Floyd County","state_alpha":"IA"},"geometry":{"type":"Polygon","coordinates":[[[-93.024092,43.212812],[-92.55438099999999,43.212813],[-92.554211,42.907112],[-93.025144,42.907548999999996],[-93.024092,43.212812]]]}},{"type":"Feature","id":"06077","properties":{"fips":"06077","county_name":"San Joaquin County","state_alpha":"CA"},"geometry":{"type":"Polygon","coordinates":[[[-121.580022,38.094414],[-121.472138,38.259659],[-121.448142,38.255008],[-121.39819299999999,38.227427],[-121.28226699999999,38.249835999999995],[-121.222512,38.244406],[-121.027084,38.300252],[-120.995497,38.225401999999995],[-120.942113,38.096328],[-120.92644899999999,38.077421],[-120.920993,37.737947],[-120.995696,37.760177999999996],[-121.110049,37.742128],[-121.241219,37.664009],[-121.471925,37.481783],[-121.556655,37.542732],[-121.556959,37.743051],[-121.556997,37.816488],[-121.534108,37.849339],[-121.579425,37.8723],[-121.580022,38.094414]]]}},{"type":"Feature","id":"19069","properties":{"fips":"19069","county_name":"Franklin County","state_alpha":"IA"},"geometry":{"type":"Polygon","coordinates":[[[-93.498617,42.908511999999995],[-93.025144,42.907548999999996],[-93.027,42.55681],[-93.49948499999999,42.557700000000004],[-93.498617,42.908511999999995]]]}},{"type":"Feature","id":"31183","properties":{"fips":"31183","county_name":"Wheeler County","state_alpha":"NE"},"geometry":{"type":"Polygon","coordinates":[[[-98.761155,42.088518],[-98.300592,42.088853],[-98.29542099999999,42.070495],[-98.295602,41.914954],[-98.29576,41.741178],[-98.752225,41.740372],[-98.75913299999999,41.740382],[-98.761155,42.088518]]]}},{"type":"Feature","id":"19137","properties":{"fips":"19137","county_name":"Montgomery County","state_alpha":"IA"},"geometry":{"type":"Polygon","coordinates":[[[-95.384349,41.160011],[-95.155851,41.159236],[-94.927587,41.158508],[-94.92845899999999,40.900653],[-95.384964,40.90155],[-95.384349,41.160011]]]}},{"type":"Feature","id":"06093","properties":{"fips":"06093","county_name":"Siskiyou County","state_alpha":"CA"},"geometry":{"type":"Polygon","coordinates":[[[-123.66020499999999,41.714054999999995],[-123.703768,41.829117],[-123.64281199999999,41.889353],[-123.56544199999999,41.903141],[-123.51911283680401,41.9991725180329],[-123.43477,42.001641],[-123.347562,41.999108],[-123.23100126057801,42.004970062256],[-123.145959,42.009246999999995],[-123.045254,42.003049],[-122.80008,42.004070999999996],[-122.501135,42.00846],[-122.28974909615701,42.007764730496596],[-122.28952699999999,42.007763999999995],[-122.101922,42.005766],[-121.846712,42.00307],[-121.675348,42.000350999999995],[-121.447539998048,41.997190033272595],[-121.457213,41.949945],[-121.448981,41.776392],[-121.446495,41.183484],[-122.49837600000001,41.182674999999996],[-122.522636,41.213525],[-122.50389,41.342985],[-122.585241,41.359007999999996],[-122.653686,41.289237],[-122.811342,41.202450999999996],[-122.885921,41.205141999999995],[-122.973382,41.112074],[-122.897411,41.028475],[-122.917529,40.99399],[-123.03680800000001,41.004058],[-123.055183,41.046706],[-123.14133799999999,41.079178],[-123.23948,41.075762999999995],[-123.273402,41.122890999999996],[-123.40829099999999,41.179944],[-123.487831,41.376934],[-123.661363,41.38209],[-123.61179,41.462126999999995],[-123.648046,41.535024],[-123.719174,41.595613],[-123.66020499999999,41.714054999999995]]]}},{"type":"Feature","id":"19177","properties":{"fips":"19177","county_name":"Van Buren County","state_alpha":"IA"},"geometry":{"type":"Polygon","coordinates":[[[-92.17907199999999,40.899719999999995],[-91.71817999999999,40.901087],[-91.71878699999999,40.813544],[-91.71665498768189,40.603740139296],[-91.729115,40.61364],[-91.939292,40.60615],[-91.9431174596857,40.606060586354005],[-92.17978,40.600529],[-92.17907199999999,40.899719999999995]]]}},{"type":"Feature","id":"19029","properties":{"fips":"19029","county_name":"Cass County","state_alpha":"IA"},"geometry":{"type":"Polygon","coordinates":[[[-95.15472199999999,41.505210999999996],[-95.04077,41.50469],[-94.70062899999999,41.504148],[-94.700589,41.158085],[-94.927587,41.158508],[-95.155851,41.159236],[-95.15472199999999,41.505210999999996]]]}},{"type":"Feature","id":"31055","properties":{"fips":"31055","county_name":"Douglas County","state_alpha":"NE"},"geometry":{"type":"Polygon","coordinates":[[[-96.47072,41.393239],[-96.32901199999999,41.393136],[-95.955038,41.393094999999995],[-95.9273362423201,41.3899879374596],[-95.92878999999999,41.370096],[-95.92568999999999,41.322196999999996],[-95.890152,41.278307999999996],[-95.911391,41.237998],[-95.9099128702696,41.1914208374192],[-96.00913399999999,41.1907],[-96.327399,41.189999],[-96.42143899999999,41.364165],[-96.47072,41.393239]]]}},{"type":"Feature","id":"06059","properties":{"fips":"06059","county_name":"Orange County","state_alpha":"CA"},"geometry":{"type":"Polygon","coordinates":[[[-118.093029,33.786121],[-118.063268,33.824107],[-118.05892,33.846196],[-118.028717,33.866242],[-117.976593,33.902809999999995],[-117.966691,33.946058],[-117.91956,33.947635999999996],[-117.783252,33.946261],[-117.673019,33.871038999999996],[-117.67505299999999,33.868725],[-117.533999,33.710355],[-117.412987,33.659045],[-117.457937,33.602188999999996],[-117.51021,33.533999],[-117.509722,33.505019],[-117.508614,33.469614],[-117.57848,33.453927],[-117.596188685737,33.3869649943199],[-117.64558199999999,33.440728],[-117.715349,33.460556],[-117.726486,33.483427],[-117.73225829761401,33.4879550239786],[-117.814188,33.552223999999995],[-117.840289,33.573523],[-117.927091,33.605520999999996],[-118.000593,33.654319],[-118.088896,33.729817],[-118.11507672288201,33.743803322895],[-118.093029,33.786121]]]}},{"type":"Feature","id":"06073","properties":{"fips":"06073","county_name":"San Diego County","state_alpha":"CA"},"geometry":{"type":"Polygon","coordinates":[[[-117.596188685737,33.3869649943199],[-117.57848,33.453927],[-117.508614,33.469614],[-117.509722,33.505019],[-117.364272,33.505024999999996],[-117.259308,33.454513],[-117.250495,33.451629],[-117.241668,33.448927999999995],[-117.241271,33.431993],[-117.14157399999999,33.43261],[-117.089024,33.430285999999995],[-117.030861,33.426930999999996],[-116.821826,33.426873],[-116.197591,33.428892999999995],[-116.085165,33.425931999999996],[-116.08109,33.074833],[-116.105634,32.72157],[-116.10617152617601,32.6185787329199],[-116.540643,32.583746999999995],[-116.62705,32.576260999999995],[-116.857154,32.557459],[-117.12486200000001,32.534155999999996],[-117.13203895573801,32.585601187382096],[-117.136664,32.618753999999996],[-117.168866,32.671952],[-117.177325778289,32.67707589496119],[-117.196767,32.688851],[-117.246069,32.669351999999996],[-117.255169,32.700051],[-117.25497,32.786947999999995],[-117.280971,32.822247],[-117.28217000000001,32.839546999999996],[-117.27387,32.851447],[-117.262905,32.849349],[-117.25617,32.859446999999996],[-117.25616053514901,32.8596735941017],[-117.25447,32.900146],[-117.272139427178,32.9755245825488],[-117.28077,33.012343],[-117.315278,33.093503999999996],[-117.362572,33.168437],[-117.445583,33.268516999999996],[-117.547693,33.365491],[-117.59588,33.386629],[-117.596188685737,33.3869649943199]]]}},{"type":"Feature","id":"06053","properties":{"fips":"06053","county_name":"Monterey County","state_alpha":"CA"},"geometry":{"type":"Polygon","coordinates":[[[-121.970427,36.582754],[-121.923866,36.634558999999996],[-121.860604,36.611135999999995],[-121.81446199999999,36.682857999999996],[-121.796826,36.777543],[-121.791544,36.815186],[-121.81273242676201,36.8500494437455],[-121.699956,36.919683],[-121.644001,36.893996],[-121.597698,36.83735],[-121.45134,36.724793],[-121.468086,36.685518],[-121.350092,36.648357],[-121.318373,36.610026],[-121.311788,36.502736],[-121.244091,36.506910999999995],[-121.193465,36.445751],[-121.040797,36.323969],[-121.027362,36.260079999999995],[-120.920551,36.311012],[-120.86508,36.292578],[-120.761483,36.203579999999995],[-120.718426,36.196847999999996],[-120.717696,36.260011999999996],[-120.75834,36.308603999999995],[-120.678582,36.267319],[-120.62691,36.203227],[-120.667551,36.138056999999996],[-120.433053,35.968933],[-120.315068,35.907185999999996],[-120.27575999999999,35.905881],[-120.213979,35.789276],[-120.75065000000001,35.791131],[-121.347053956004,35.7951862038146],[-121.406823,35.844623],[-121.462264,35.885618],[-121.48620000000001,35.970348],[-121.531876,36.014368],[-121.574602,36.025155999999996],[-121.62200899999999,36.099695],[-121.680145,36.165818],[-121.77985100000001,36.227407],[-121.826425,36.241859999999996],[-121.888491,36.30281],[-121.903195,36.393603],[-121.94160000000001,36.485602],[-121.970427,36.582754]]]}},{"type":"Feature","id":"06101","properties":{"fips":"06101","county_name":"Sutter County","state_alpha":"CA"},"geometry":{"type":"Polygon","coordinates":[[[-121.908269,39.303878],[-121.638066,39.305566],[-121.62376,39.295621],[-121.58591,39.089690999999995],[-121.610138,39.057846999999995],[-121.57541499999999,38.918348],[-121.543306,38.972404],[-121.414779,38.996452],[-121.414399,38.926214],[-121.469356,38.925992],[-121.484396,38.734598],[-121.559868,38.736301999999995],[-121.60289399999999,38.735838],[-121.67345399999999,38.743035],[-121.723149,38.851306],[-121.814814,38.876582],[-121.835488,38.924481],[-121.795366,38.995686],[-121.889101,39.072373],[-121.945514,39.179843],[-121.908269,39.303878]]]}},{"type":"Feature","id":"19007","properties":{"fips":"19007","county_name":"Appanoose County","state_alpha":"IA"},"geometry":{"type":"Polygon","coordinates":[[[-93.097595,40.898451],[-92.639091,40.898886],[-92.63790329359949,40.590956547097896],[-92.68669299999999,40.589808999999995],[-92.71459726304501,40.5895828338363],[-92.94159499999999,40.587742999999996],[-93.0972912037498,40.5838234773251],[-93.097595,40.898451]]]}},{"type":"Feature","id":"31049","properties":{"fips":"31049","county_name":"Deuel County","state_alpha":"NE"},"geometry":{"type":"Polygon","coordinates":[[[-102.610213,41.048207],[-102.610413,41.221613999999995],[-102.055599,41.221547],[-102.055528,41.047457],[-102.051761,41.003873999999996],[-102.05171752183202,41.0023769676222],[-102.556789,41.002219],[-102.621033024452,41.0022232026156],[-102.610213,41.048207]]]}},{"type":"Feature","id":"06071","properties":{"fips":"06071","county_name":"San Bernardino County","state_alpha":"CA"},"geometry":{"type":"Polygon","coordinates":[[[-117.802539,33.975550999999996],[-117.767654,34.019386],[-117.744342,34.019852],[-117.71117,34.079536],[-117.704356,34.09529],[-117.693563,34.121627],[-117.677155,34.167377],[-117.646374,34.28917],[-117.655235,34.397222],[-117.667292,34.822525999999996],[-117.632151,34.822271],[-117.630076,35.564254],[-117.616518,35.680687],[-117.652136,35.709858],[-117.634283,35.79726],[-117.251015,35.795004],[-116.277263,35.793394],[-115.735891,35.79362],[-115.648032019625,35.8096292126029],[-115.647683,35.809357999999996],[-115.404537,35.617605],[-115.303743,35.538207],[-115.160068,35.424129],[-115.043812,35.332012],[-114.804249,35.139689],[-114.633487,35.001857],[-114.629769,34.943039999999996],[-114.634382,34.87289],[-114.576452,34.8153],[-114.490971,34.724848],[-114.465246,34.691202],[-114.422382,34.580711],[-114.378223,34.516521],[-114.378852,34.450376],[-114.335372,34.450038],[-114.264317,34.401329],[-114.172845,34.344978999999995],[-114.14093,34.305918999999996],[-114.14081715128,34.3031275138817],[-114.139055,34.259538],[-114.17805,34.239968999999995],[-114.229715,34.186928],[-114.292806,34.166725],[-114.348052,34.134457999999995],[-114.405941,34.11154],[-114.428026,34.092787],[-114.43009113852001,34.078931406279494],[-115.316065,34.077843],[-115.31621200000001,34.03411],[-116.300631,34.032544],[-116.929558,34.034113],[-116.929357,34.004914],[-117.104737,34.004014999999995],[-117.121293,34.003916],[-117.22537299999999,34.018715],[-117.371588,34.019399],[-117.375278,34.033875],[-117.558269,34.018906],[-117.610947,33.925114],[-117.65537499999999,33.924343],[-117.673019,33.871038999999996],[-117.783252,33.946261],[-117.802539,33.975550999999996]]]}},{"type":"Feature","id":"31087","properties":{"fips":"31087","county_name":"Hitchcock County","state_alpha":"NE"},"geometry":{"type":"Polygon","coordinates":[[[-101.323353,40.350553],[-100.777376,40.349466],[-100.758435,40.349506999999996],[-100.75883,40.002302],[-101.060317,40.002306999999995],[-101.293991,40.002559],[-101.324036026572,40.0025650505849],[-101.323353,40.350553]]]}},{"type":"Feature","id":"06089","properties":{"fips":"06089","county_name":"Shasta County","state_alpha":"CA"},"geometry":{"type":"Polygon","coordinates":[[[-123.068789,40.332232999999995],[-122.998682,40.418141999999996],[-122.903738,40.445071],[-122.845954,40.505181],[-122.69879,40.569292999999995],[-122.752023,40.689882],[-122.669839,40.773567],[-122.66605799999999,40.825874999999996],[-122.600458,40.899749],[-122.60736299999999,40.957747999999995],[-122.527753,41.014395],[-122.51335399999999,41.088226999999996],[-122.457144,41.096610999999996],[-122.445453,41.15793],[-122.49837600000001,41.182674999999996],[-121.446495,41.183484],[-121.331786,41.183886],[-121.319976,40.905885999999995],[-121.327826,40.445367],[-121.361456,40.446822],[-121.497635,40.445591],[-121.73429,40.435680999999995],[-121.806539,40.44495],[-121.940989,40.415330999999995],[-122.010316,40.426558],[-122.310412,40.371064],[-122.525677,40.387612999999995],[-122.651341,40.328288],[-122.740358,40.365],[-122.872274,40.348969],[-122.918055,40.306971999999995],[-122.976548,40.315162],[-123.065426,40.286971],[-123.068789,40.332232999999995]]]}},{"type":"Feature","id":"31133","properties":{"fips":"31133","county_name":"Pawnee County","state_alpha":"NE"},"geometry":{"type":"Polygon","coordinates":[[[-96.463667,40.262173],[-96.06673599999999,40.262038],[-96.010176,40.261482],[-96.0106788179345,40.000704665772005],[-96.02409,40.000719],[-96.154365,40.000495],[-96.239172,40.000690999999996],[-96.2392078784111,40.0006910427544],[-96.4637120767748,40.000958572554495],[-96.463667,40.262173]]]}},{"type":"Feature","id":"19119","properties":{"fips":"19119","county_name":"Lyon County","state_alpha":"IA"},"geometry":{"type":"Polygon","coordinates":[[[-96.598928,43.500457],[-96.45326,43.500389999999996],[-96.198484,43.500335],[-96.05316283451,43.5001877081575],[-95.8609462015723,43.4999928849056],[-95.861914,43.257566],[-96.531027,43.259724999999996],[-96.5590273427097,43.257555675618],[-96.578823,43.291095],[-96.53039199999999,43.300034],[-96.524289,43.347214],[-96.52157199999999,43.385639999999995],[-96.59425399999999,43.434152999999995],[-96.584603,43.469609999999996],[-96.598928,43.500457]]]}},{"type":"Feature","id":"06085","properties":{"fips":"06085","county_name":"Santa Clara County","state_alpha":"CA"},"geometry":{"type":"Polygon","coordinates":[[[-122.190402,37.431472],[-122.144933,37.458200000000005],[-122.081473,37.477838],[-122.059673,37.464087],[-121.925041,37.454186],[-121.855762,37.484536999999996],[-121.47264799999999,37.482169999999996],[-121.409693,37.382013],[-121.459051,37.282739],[-121.404636,37.155989],[-121.282271,37.183675],[-121.226804,37.134774],[-121.245887,36.983036],[-121.215406,36.961248],[-121.418246,36.960549],[-121.451972,36.988839999999996],[-121.501488,36.971894999999996],[-121.510185,36.956019],[-121.513813,36.945155],[-121.534463,36.930932999999996],[-121.540016,36.920764999999996],[-121.54800900000001,36.917390999999995],[-121.581354,36.899152],[-121.738697,36.989990999999996],[-121.809076,37.069300999999996],[-121.84629,37.09702],[-121.99109,37.14427],[-122.152278,37.286055],[-122.192665,37.31801],[-122.190402,37.431472]]]}},{"type":"Feature","id":"19193","properties":{"fips":"19193","county_name":"Woodbury County","state_alpha":"IA"},"geometry":{"type":"Polygon","coordinates":[[[-96.49297,42.517282],[-96.476952,42.556079],[-96.48002247898,42.561324776560696],[-95.859949,42.56062],[-95.74161099999999,42.561285],[-95.741821,42.474865],[-95.669265,42.474644999999995],[-95.670822,42.211408],[-96.3372160947059,42.214849506895604],[-96.336323,42.218922],[-96.33600299999999,42.264806],[-96.351957192496,42.28089470454329],[-96.40799799999999,42.337407999999996],[-96.411808,42.410894],[-96.38130699999999,42.461694],[-96.44550799999999,42.490629999999996],[-96.477454,42.509589],[-96.49297,42.517282]]]}},{"type":"Feature","id":"31177","properties":{"fips":"31177","county_name":"Washington County","state_alpha":"NE"},"geometry":{"type":"Polygon","coordinates":[[[-96.444785,41.683633],[-96.134276,41.68273],[-96.10793787174649,41.6765089897621],[-96.11148299999999,41.668548],[-96.118105,41.613495],[-96.09182,41.561085999999996],[-96.08049299999999,41.528199],[-96.005079,41.544004],[-95.9940203930119,41.5068906409415],[-95.982962,41.469778],[-95.922529,41.455766],[-95.9273362423201,41.3899879374596],[-95.955038,41.393094999999995],[-96.32901199999999,41.393136],[-96.434792,41.494928],[-96.444785,41.683633]]]}},{"type":"Feature","id":"06107","properties":{"fips":"06107","county_name":"Tulare County","state_alpha":"CA"},"geometry":{"type":"Polygon","coordinates":[[[-119.546131,36.508963],[-119.46632199999999,36.575238],[-119.305102,36.573724999999996],[-119.304625,36.660606],[-119.174791,36.658878],[-119.088295,36.657514],[-118.984779,36.657146999999995],[-118.982441,36.741645999999996],[-118.360586,36.744772999999995],[-118.366328,36.691635],[-118.274624,36.597334],[-118.21482,36.435036],[-118.100317,36.346137],[-118.12714700000001,36.279655999999996],[-118.03361100000001,36.008944],[-118.003577,35.983717999999996],[-117.980761,35.867515],[-118.005489,35.862699],[-118.008094,35.788934999999995],[-118.058925,35.791474],[-118.80244,35.790166],[-119.053437,35.790774],[-119.53811999999999,35.789898],[-119.53616099999999,36.050782],[-119.529358,36.26985],[-119.47460699999999,36.269025],[-119.474892,36.400953],[-119.528792,36.401465],[-119.528286,36.487545],[-119.573194,36.488835],[-119.546131,36.508963]]]}},{"type":"Feature","id":"19111","properties":{"fips":"19111","county_name":"Lee County","state_alpha":"IA"},"geometry":{"type":"Polygon","coordinates":[[[-91.71878699999999,40.813544],[-91.409453,40.812905],[-91.208185,40.71358],[-91.11822293839751,40.6995346508191],[-91.12082,40.672776999999996],[-91.18546060870429,40.63811181262349],[-91.18697999999999,40.637297],[-91.247851,40.63839],[-91.339719,40.613488],[-91.374252,40.582589999999996],[-91.394475,40.534543],[-91.367876,40.510479],[-91.379907,40.45211],[-91.37292099999999,40.399108],[-91.419422,40.378264],[-91.498093,40.401925999999996],[-91.519134,40.432822],[-91.56384399999999,40.460988],[-91.608347,40.50004],[-91.618999,40.539083999999995],[-91.670993,40.550937],[-91.68538099999999,40.578891999999996],[-91.71665498768189,40.603740139296],[-91.71878699999999,40.813544]]]}},{"type":"Feature","id":"06003","properties":{"fips":"06003","county_name":"Alpine County","state_alpha":"CA"},"geometry":{"type":"Polygon","coordinates":[[[-120.072484,38.509868999999995],[-120.07239200000001,38.702767],[-119.96494799999999,38.775985999999996],[-119.877287,38.870193],[-119.904315,38.933324],[-119.587679,38.714734],[-119.58540614483901,38.7131509006712],[-119.619066,38.603529],[-119.542367,38.481657],[-119.639205,38.326879999999996],[-119.705385,38.416101999999995],[-119.884749,38.356184999999996],[-120.01995099999999,38.433521],[-120.072566,38.447081],[-120.072484,38.509868999999995]]]}},{"type":"Feature","id":"31141","properties":{"fips":"31141","county_name":"Platte County","state_alpha":"NE"},"geometry":{"type":"Polygon","coordinates":[[[-97.83049299999999,41.742238],[-97.36806999999999,41.743207],[-97.252425,41.743085],[-97.253519,41.384212],[-97.28776099999999,41.400638],[-97.368186,41.396415999999995],[-97.52241199999999,41.361934],[-97.598253,41.333118999999996],[-97.598461,41.395067999999995],[-97.70376499999999,41.394876],[-97.703627,41.526796],[-97.82984599999999,41.526174],[-97.83049299999999,41.742238]]]}},{"type":"Feature","id":"06025","properties":{"fips":"06025","county_name":"Imperial County","state_alpha":"CA"},"geometry":{"type":"Polygon","coordinates":[[[-116.105634,32.72157],[-116.08109,33.074833],[-116.085165,33.425931999999996],[-115.467506,33.426992],[-114.830833,33.430094],[-114.629146518189,33.433544999999796],[-114.635183,33.422726],[-114.673901,33.418299],[-114.72528199999999,33.405048],[-114.707348,33.376628],[-114.707962,33.323420999999996],[-114.723259,33.288078999999996],[-114.674491,33.255597],[-114.678097,33.2303],[-114.679359,33.159518999999996],[-114.706175,33.105335],[-114.670803,33.037984],[-114.628293,33.031051999999995],[-114.575161,33.036542],[-114.517492069319,33.0247159744928],[-114.511343,33.023455],[-114.481315,32.972063999999996],[-114.47664,32.923628],[-114.463127,32.901883999999995],[-114.468971,32.845155],[-114.531746,32.782503],[-114.570675,32.747417],[-114.617386523962,32.7410527731766],[-114.667493,32.734226],[-114.70571699999999,32.741581],[-114.719633,32.718762999999996],[-115.000802,32.699676],[-115.465164,32.667100000000005],[-116.04662,32.623353],[-116.10617152617601,32.6185787329199],[-116.105634,32.72157]]]}},{"type":"Feature","id":"31063","properties":{"fips":"31063","county_name":"Frontier County","state_alpha":"NE"},"geometry":{"type":"Polygon","coordinates":[[[-100.777833,40.700134999999996],[-100.223311,40.700254],[-99.981743,40.700002999999995],[-99.98119299999999,40.438291],[-100.095095,40.438656],[-100.094798,40.351245],[-100.197807,40.350027],[-100.758435,40.349506999999996],[-100.777376,40.349466],[-100.777833,40.700134999999996]]]}},{"type":"Feature","id":"31015","properties":{"fips":"31015","county_name":"Boyd County","state_alpha":"NE"},"geometry":{"type":"Polygon","coordinates":[[[-99.2544550123166,42.99822092678669],[-98.84799199999999,42.998255],[-98.49855,42.99856],[-98.47891899999999,42.963539],[-98.43450299999999,42.929227],[-98.386445,42.918406999999995],[-98.3081868164513,42.8864892074256],[-98.310239,42.784617999999995],[-98.305149,42.761207],[-98.58376,42.779736],[-98.656835,42.809021],[-98.89284599999999,42.845791999999996],[-98.98252699999999,42.896436],[-99.25703899999999,42.804296],[-99.2544550123166,42.99822092678669]]]}},{"type":"Feature","id":"06043","properties":{"fips":"06043","county_name":"Mariposa County","state_alpha":"CA"},"geometry":{"type":"Polygon","coordinates":[[[-120.391931,37.683558999999995],[-120.30631199999999,37.665419],[-120.345437,37.724787],[-120.12722600000001,37.781566],[-120.079508,37.828807999999995],[-119.907013,37.757926],[-119.809409,37.755024999999996],[-119.667203,37.801224],[-119.646203,37.846823],[-119.535699,37.904122],[-119.474295,37.855623],[-119.426792,37.866724],[-119.308995,37.777986],[-119.583585,37.560334999999995],[-119.58422,37.494696],[-119.651172,37.461351],[-119.651191,37.417832],[-119.761809,37.417114],[-120.052055,37.183108],[-120.177636,37.261525999999996],[-120.38767,37.633364],[-120.387613,37.633704],[-120.391931,37.683558999999995]]]}},{"type":"Feature","id":"06017","properties":{"fips":"06017","county_name":"El Dorado County","state_alpha":"CA"},"geometry":{"type":"Polygon","coordinates":[[[-121.141595,38.711939],[-121.057993,38.847846],[-121.040511,38.915538],[-121.037502,38.915689],[-120.940281,38.962339],[-120.858903,38.952256],[-120.812295,39.000133],[-120.746395,39.010352],[-120.642458,38.944404],[-120.563747,38.913705],[-120.470985,38.965506999999995],[-120.435299,39.028163],[-120.184098,39.031014],[-120.143663,39.067285],[-120.001975250867,39.0674958744683],[-120.001014,38.999573999999996],[-119.904315,38.933324],[-119.877287,38.870193],[-119.96494799999999,38.775985999999996],[-120.07239200000001,38.702767],[-120.098322,38.709029],[-120.140084,38.638374],[-120.21278699999999,38.629371],[-120.301721,38.549109],[-120.51059599999999,38.511466999999996],[-120.62760399999999,38.503143],[-120.813554,38.562193],[-121.027507,38.508292],[-121.119049,38.717863],[-121.133155,38.705374],[-121.141595,38.711939]]]}},{"type":"Feature","id":"31027","properties":{"fips":"31027","county_name":"Cedar County","state_alpha":"NE"},"geometry":{"type":"Polygon","coordinates":[[[-97.48491687634201,42.850003214867904],[-97.45217699999999,42.846047999999996],[-97.41706599999999,42.865918],[-97.34118099999999,42.855882],[-97.302075,42.86566],[-97.23786799999999,42.853139],[-97.213957,42.820142999999995],[-97.1650703923738,42.7916166414677],[-97.13133099999999,42.771929],[-97.02485,42.762429999999995],[-97.0156311127472,42.7565254624882],[-97.017789,42.351347],[-97.367724,42.351861],[-97.36758999999999,42.438775],[-97.485298,42.438578],[-97.48491687634201,42.850003214867904]]]}},{"type":"Feature","id":"06055","properties":{"fips":"06055","county_name":"Napa County","state_alpha":"CA"},"geometry":{"type":"Polygon","coordinates":[[[-122.627396,38.667505999999996],[-122.46388999999999,38.705203],[-122.397989,38.804001],[-122.395056,38.864245],[-122.287998,38.839931],[-122.224206,38.699984],[-122.168301,38.655296],[-122.103281,38.513348],[-122.126389,38.428917999999996],[-122.061379,38.327411],[-122.205982,38.315712999999995],[-122.195884,38.162776],[-122.213457,38.154973999999996],[-122.406786,38.155632],[-122.349564,38.193971999999995],[-122.543893,38.519966],[-122.602659,38.557496],[-122.631832,38.569367],[-122.627396,38.667505999999996]]]}},{"type":"Feature","id":"31053","properties":{"fips":"31053","county_name":"Dodge County","state_alpha":"NE"},"geometry":{"type":"Polygon","coordinates":[[[-96.90592199999999,41.742763],[-96.555172,41.742018],[-96.444217,41.741775],[-96.444785,41.683633],[-96.434792,41.494928],[-96.32901199999999,41.393136],[-96.47072,41.393239],[-96.568677,41.432986],[-96.905862,41.453389],[-96.90590999999999,41.456436],[-96.90592199999999,41.742763]]]}},{"type":"Feature","id":"06067","properties":{"fips":"06067","county_name":"Sacramento County","state_alpha":"CA"},"geometry":{"type":"Polygon","coordinates":[[[-121.860477,38.070606999999995],[-121.843228,38.076654999999995],[-121.827916,38.066223],[-121.796395,38.060846999999995],[-121.74316400000001,38.087229],[-121.71213,38.085519999999995],[-121.685645,38.159644],[-121.615413,38.195696],[-121.593273,38.313089],[-121.521641,38.360104],[-121.50509,38.469563],[-121.558701,38.501939],[-121.551782,38.513861],[-121.524018,38.520868],[-121.53089299999999,38.529365],[-121.513706,38.540107],[-121.51129,38.54629],[-121.520965,38.566205],[-121.506269,38.586304999999996],[-121.511566,38.600904],[-121.527667,38.604603999999995],[-121.544567,38.597704],[-121.553609,38.603325999999996],[-121.633774,38.686164],[-121.60289399999999,38.735838],[-121.559868,38.736301999999995],[-121.484396,38.734598],[-121.381658,38.727796],[-121.30883,38.722789999999996],[-121.141595,38.711939],[-121.133155,38.705374],[-121.119049,38.717863],[-121.027507,38.508292],[-121.027084,38.300252],[-121.222512,38.244406],[-121.28226699999999,38.249835999999995],[-121.39819299999999,38.227427],[-121.448142,38.255008],[-121.472138,38.259659],[-121.580022,38.094414],[-121.673065,38.093517999999996],[-121.737824,38.02663],[-121.80127,38.021622],[-121.862462,38.06603],[-121.860477,38.070606999999995]]]}},{"type":"Feature","id":"31167","properties":{"fips":"31167","county_name":"Stanton County","state_alpha":"NE"},"geometry":{"type":"Polygon","coordinates":[[[-97.368404,42.090922],[-97.019359,42.090576999999996],[-97.019911,41.742979999999996],[-97.252425,41.743085],[-97.36806999999999,41.743207],[-97.368404,42.090922]]]}},{"type":"Feature","id":"19011","properties":{"fips":"19011","county_name":"Benton County","state_alpha":"IA"},"geometry":{"type":"Polygon","coordinates":[[[-92.29879199999999,42.297526999999995],[-92.06476599999999,42.297259],[-91.83108899999999,42.299063],[-91.831379,41.861851],[-92.298164,41.862778999999996],[-92.29879199999999,42.297526999999995]]]}},{"type":"Feature","id":"06041","properties":{"fips":"06041","county_name":"Marin County","state_alpha":"CA"},"geometry":{"type":"Polygon","coordinates":[[[-123.011533,38.003437999999996],[-122.960889,38.112961999999996],[-122.953629,38.17567],[-122.987149,38.237538],[-122.986319,38.273164],[-123.003146477056,38.2957052387145],[-122.91131899999999,38.321208999999996],[-122.7399,38.207018],[-122.56509299999999,38.182217],[-122.505707,38.115525999999996],[-122.48849963925902,38.1090944743082],[-122.491283,38.108087],[-122.499465,38.032165],[-122.452995,37.996167],[-122.488665,37.966713999999996],[-122.486375,37.921881],[-122.448413,37.893409999999996],[-122.41847,37.852720999999995],[-122.483483,37.826727999999996],[-122.537285,37.830328],[-122.60129,37.875126],[-122.678474,37.906604],[-122.70264,37.89382],[-122.754606,37.935527],[-122.797405,37.976656999999996],[-122.856573,38.016717],[-122.939711,38.031908],[-122.97439,37.992429],[-123.011533,38.003437999999996]]]}},{"type":"Feature","id":"19039","properties":{"fips":"19039","county_name":"Clarke County","state_alpha":"IA"},"geometry":{"type":"Polygon","coordinates":[[[-94.014189,41.156762],[-93.89881299999999,41.15661],[-93.78919599999999,41.162034999999996],[-93.55755599999999,41.161271],[-93.55654,40.898295],[-94.014803,40.897031],[-94.014189,41.156762]]]}},{"type":"Feature","id":"06007","properties":{"fips":"06007","county_name":"Butte County","state_alpha":"CA"},"geometry":{"type":"Polygon","coordinates":[[[-122.044865,39.883770999999996],[-121.804041,39.884344],[-121.70324099999999,39.98423],[-121.64603199999999,39.982527],[-121.586407,40.100522],[-121.436886,40.151905],[-121.366818,40.086054],[-121.41948,40.015766],[-121.429957,39.900313],[-121.350821,39.825703999999995],[-121.210878,39.725651],[-121.136715,39.628169],[-121.076695,39.597263999999996],[-121.149907,39.526446],[-121.305122,39.519585],[-121.33442,39.425211999999995],[-121.407527,39.339754],[-121.62376,39.295621],[-121.638066,39.305566],[-121.908269,39.303878],[-121.899109,39.357285999999995],[-121.890013,39.383863999999996],[-121.856532,39.536904],[-121.994021,39.533926],[-121.994343,39.671458],[-121.949868,39.733001],[-121.967868,39.722397],[-122.026498,39.800137],[-122.046471,39.797647999999995],[-122.044865,39.883770999999996]]]}},{"type":"Feature","id":"31089","properties":{"fips":"31089","county_name":"Holt County","state_alpha":"NE"},"geometry":{"type":"Polygon","coordinates":[[[-99.25703899999999,42.804296],[-98.98252699999999,42.896436],[-98.89284599999999,42.845791999999996],[-98.656835,42.809021],[-98.58376,42.779736],[-98.305149,42.761207],[-98.30543999999999,42.451422],[-98.300235,42.436913],[-98.300592,42.088853],[-98.761155,42.088518],[-99.22273299999999,42.087916],[-99.234629,42.087995],[-99.245803,42.782499],[-99.25703899999999,42.804296]]]}},{"type":"Feature","id":"06047","properties":{"fips":"06047","county_name":"Merced County","state_alpha":"CA"},"geometry":{"type":"Polygon","coordinates":[[[-121.226804,37.134774],[-120.963812,37.346143999999995],[-120.989811,37.395871],[-120.38767,37.633364],[-120.177636,37.261525999999996],[-120.052055,37.183108],[-120.106385,37.167153],[-120.22728599999999,37.1634],[-120.476692,37.09639],[-120.541696,37.044505],[-120.590566,36.952641],[-120.65595,36.952832],[-120.918731,36.740381],[-121.141523,36.836656],[-121.234683,36.926894],[-121.215406,36.961248],[-121.245887,36.983036],[-121.226804,37.134774]]]}},{"type":"Feature","id":"19097","properties":{"fips":"19097","county_name":"Jackson County","state_alpha":"IA"},"geometry":{"type":"Polygon","coordinates":[[[-90.89802,42.295235999999996],[-90.665551,42.294699],[-90.66502899999999,42.382155],[-90.48434567271629,42.381597778191896],[-90.44632,42.357040999999995],[-90.417125,42.319942999999995],[-90.43088399999999,42.27823],[-90.40065299999999,42.239292999999996],[-90.338169,42.203320999999995],[-90.3151462239686,42.19371687448069],[-90.26908,42.1745],[-90.207421,42.149108999999996],[-90.161159,42.106372],[-90.163446,42.040406999999995],[-90.15968245112269,42.0330872575859],[-90.89837299999999,42.033547999999996],[-90.89802,42.295235999999996]]]}},{"type":"Feature","id":"19107","properties":{"fips":"19107","county_name":"Keokuk County","state_alpha":"IA"},"geometry":{"type":"Polygon","coordinates":[[[-92.41199499999999,41.509547999999995],[-92.297494,41.509789999999995],[-91.94604299999999,41.510749],[-91.945571,41.163578],[-92.179974,41.162662],[-92.41023299999999,41.161941999999996],[-92.41199499999999,41.509547999999995]]]}},{"type":"Feature","id":"19115","properties":{"fips":"19115","county_name":"Louisa County","state_alpha":"IA"},"geometry":{"type":"Polygon","coordinates":[[[-91.483995,41.423848],[-91.46038399999999,41.42418],[-91.368521,41.423178],[-91.369332,41.336062999999996],[-91.0744154980196,41.3336315690407],[-91.11418599999999,41.250029],[-91.081445,41.214428999999996],[-91.041536,41.166138],[-90.997906,41.162563999999996],[-90.957246,41.111084999999996],[-90.95226541648219,41.072731749670005],[-91.37071,41.074112],[-91.37029799999999,41.161246999999996],[-91.485717,41.162405],[-91.483995,41.423848]]]}},{"type":"Feature","id":"06015","properties":{"fips":"06015","county_name":"Del Norte County","state_alpha":"CA"},"geometry":{"type":"Polygon","coordinates":[[[-124.219592,41.846432],[-124.203402,41.940964],[-124.21160499999999,41.99846],[-124.001188,41.996145999999996],[-123.822037598588,41.995620816947],[-123.656998,41.995137],[-123.51911283680401,41.9991725180329],[-123.56544199999999,41.903141],[-123.64281199999999,41.889353],[-123.703768,41.829117],[-123.66020499999999,41.714054999999995],[-123.719174,41.595613],[-123.648046,41.535024],[-123.61179,41.462126999999995],[-123.661363,41.38209],[-123.770239,41.380776],[-123.770551,41.464193],[-124.067473659422,41.464736188490896],[-124.081987,41.547761],[-124.116037,41.628848999999995],[-124.143479,41.709284],[-124.154246,41.728801],[-124.19104,41.736079],[-124.245027,41.792300000000004],[-124.219592,41.846432]]]}},{"type":"Feature","id":"19123","properties":{"fips":"19123","county_name":"Mahaska County","state_alpha":"IA"},"geometry":{"type":"Polygon","coordinates":[[[-92.871421,41.508522],[-92.756508,41.508793999999995],[-92.41199499999999,41.509547999999995],[-92.41023299999999,41.161941999999996],[-92.640361,41.161297999999995],[-92.869771,41.161066],[-92.871421,41.508522]]]}},{"type":"Feature","id":"31111","properties":{"fips":"31111","county_name":"Lincoln County","state_alpha":"NE"},"geometry":{"type":"Polygon","coordinates":[[[-101.269695,41.394934],[-100.713243,41.393511],[-100.251098,41.393298],[-100.238117,41.06102],[-100.224235,41.046597],[-100.223311,40.700254],[-100.777833,40.700134999999996],[-101.247963,40.697801999999996],[-101.249975,41.003949999999996],[-101.270381,41.047391999999995],[-101.269695,41.394934]]]}},{"type":"Feature","id":"19167","properties":{"fips":"19167","county_name":"Sioux County","state_alpha":"IA"},"geometry":{"type":"Polygon","coordinates":[[[-96.5590273427097,43.257555675618],[-96.531027,43.259724999999996],[-95.861914,43.257566],[-95.859377,42.909096999999996],[-96.54047232919329,42.908595697956],[-96.54168899999999,42.922576],[-96.50030799999999,42.959391],[-96.520246,42.977643],[-96.492693,43.005089],[-96.51160499999999,43.039927],[-96.458201,43.067554],[-96.4520975160537,43.0825529251945],[-96.439335,43.113915999999996],[-96.458854,43.143356],[-96.475571,43.221053999999995],[-96.52208399999999,43.22096],[-96.55296299999999,43.247281],[-96.5590273427097,43.257555675618]]]}},{"type":"Feature","id":"31159","properties":{"fips":"31159","county_name":"Seward County","state_alpha":"NE"},"geometry":{"type":"Polygon","coordinates":[[[-97.368118,41.046946999999996],[-96.91094,41.046116],[-96.91104899999999,40.714102],[-96.913493,40.697948],[-97.36840099999999,40.698625],[-97.368118,41.046946999999996]]]}},{"type":"Feature","id":"31165","properties":{"fips":"31165","county_name":"Sioux County","state_alpha":"NE"},"geometry":{"type":"Polygon","coordinates":[[[-104.053127,43.000585],[-103.50509991602901,43.0007588128236],[-103.480335,42.784908],[-103.48001,42.437267],[-103.444278,42.437275],[-103.444108,42.090708],[-103.401591,42.090410999999996],[-103.401522,42.003537],[-104.052762005445,42.0017762678376],[-104.052729,42.016318],[-104.052793,42.249962],[-104.053107,42.499964],[-104.052662191568,42.6117663005415],[-104.052586,42.630917],[-104.053127,43.000585]]]}},{"type":"Feature","id":"19025","properties":{"fips":"19025","county_name":"Calhoun County","state_alpha":"IA"},"geometry":{"type":"Polygon","coordinates":[[[-94.914485,42.560309],[-94.443024,42.558842999999996],[-94.443033,42.473378],[-94.397671,42.4733],[-94.397526,42.209160999999995],[-94.628806,42.209396],[-94.858412,42.209692],[-94.85668899999999,42.473996],[-94.914487,42.47419],[-94.914485,42.560309]]]}},{"type":"Feature","id":"06111","properties":{"fips":"06111","county_name":"Ventura County","state_alpha":"CA"},"geometry":{"type":"MultiPolygon","coordinates":[[[[-119.47794670672401,34.378837558775594],[-119.44599099999999,34.404067],[-119.442269,34.463949],[-119.442353,34.561101],[-119.443691,34.901171],[-119.27643499999999,34.872481],[-119.242534,34.814323],[-118.977926,34.811713999999995],[-118.880405,34.788655],[-118.738618,34.498968999999995],[-118.652285,34.323392],[-118.633461,34.269521999999995],[-118.667742,34.236694],[-118.667944,34.199166],[-118.693834,34.168557],[-118.723374,34.167860999999995],[-118.788889,34.168214],[-118.856473,34.126765],[-118.940965,34.07483],[-118.94447951145901,34.046738953351],[-118.954722,34.048167],[-119.069959,34.090469999999996],[-119.10978399999999,34.094566],[-119.227743,34.161728],[-119.257043,34.213304],[-119.270144,34.252902999999996],[-119.276614251859,34.2563404250143],[-119.313034,34.275689],[-119.37577999999999,34.321118],[-119.46103600000001,34.374064],[-119.47794670672401,34.378837558775594]]],[[[-119.47073665694401,34.053996622104],[-119.442654,34.054156],[-119.364214,34.050793999999996],[-119.363065,34.000548],[-119.391587,33.994636],[-119.48771955738201,33.99651515438929],[-119.47073665694401,34.053996622104]]],[[[-119.578942,33.278628],[-119.510489,33.307269],[-119.427171,33.266023],[-119.429559,33.228167],[-119.464725,33.215432],[-119.545872,33.233405999999995],[-119.578942,33.278628]]]]}},{"type":"Feature","id":"31135","properties":{"fips":"31135","county_name":"Perkins County","state_alpha":"NE"},"geometry":{"type":"Polygon","coordinates":[[[-102.051761,41.003873999999996],[-102.026997,41.003194],[-101.249975,41.003949999999996],[-101.247963,40.697801999999996],[-101.345365,40.698093],[-102.05129415157901,40.69754683238901],[-102.051292,40.749590999999995],[-102.051614,41.002376999999996],[-102.05171752183202,41.0023769676222],[-102.051761,41.003873999999996]]]}},{"type":"Feature","id":"06087","properties":{"fips":"06087","county_name":"Santa Cruz County","state_alpha":"CA"},"geometry":{"type":"Polygon","coordinates":[[[-122.31768199999999,37.186945],[-122.152774,37.215444],[-122.152278,37.286055],[-121.99109,37.14427],[-121.84629,37.09702],[-121.809076,37.069300999999996],[-121.738697,36.989990999999996],[-121.581354,36.899152],[-121.644001,36.893996],[-121.699956,36.919683],[-121.81273242676201,36.8500494437455],[-121.862266,36.931551999999996],[-121.906468,36.96895],[-121.95167000000001,36.97145],[-122.027174,36.95115],[-122.06731672906,36.9535956897314],[-122.105976,36.955951],[-122.20618,37.013949],[-122.260481,37.072548],[-122.284882,37.101746999999996],[-122.29431019191301,37.105141386718],[-122.31768199999999,37.186945]]]}},{"type":"Feature","id":"19047","properties":{"fips":"19047","county_name":"Crawford County","state_alpha":"IA"},"geometry":{"type":"Polygon","coordinates":[[[-95.670822,42.211408],[-95.32349699999999,42.210932],[-95.090851,42.210405],[-95.092861,41.863374],[-95.557277,41.863448999999996],[-95.672771,41.863147],[-95.670822,42.211408]]]}},{"type":"Feature","id":"06075","properties":{"fips":"06075","county_name":"San Francisco County","state_alpha":"CA"},"geometry":{"type":"Polygon","coordinates":[[[-122.511983,37.77113],[-122.465396,37.800878999999995],[-122.398139,37.80563],[-122.385323,37.790724],[-122.376462,37.738558],[-122.356784,37.729504999999996],[-122.361749,37.71501],[-122.389826876588,37.708331],[-122.50067801908301,37.7081325680179],[-122.505601251345,37.7355674652407],[-122.511983,37.77113]]]}},{"type":"Feature","id":"31067","properties":{"fips":"31067","county_name":"Gage County","state_alpha":"NE"},"geometry":{"type":"Polygon","coordinates":[[[-96.916055,40.349727],[-96.913468,40.369364999999995],[-96.91263699999999,40.523624999999996],[-96.46363199999999,40.523013],[-96.463667,40.262173],[-96.4637120767748,40.000958572554495],[-96.469945,40.000966],[-96.805768,40.0013684550954],[-96.873812,40.00145],[-96.91640700546579,40.0014540910439],[-96.916055,40.349727]]]}},{"type":"Feature","id":"31073","properties":{"fips":"31073","county_name":"Gosper County","state_alpha":"NE"},"geometry":{"type":"Polygon","coordinates":[[[-100.095095,40.438656],[-99.98119299999999,40.438291],[-99.981743,40.700002999999995],[-99.699269,40.699968999999996],[-99.643462,40.684911],[-99.642209,40.3512],[-100.094798,40.351245],[-100.095095,40.438656]]]}},{"type":"Feature","id":"10005","properties":{"fips":"10005","county_name":"Sussex County","state_alpha":"DE"},"geometry":{"type":"Polygon","coordinates":[[[-75.72310269333269,38.8298265565277],[-75.555013,38.835649],[-75.48412499999999,38.904447999999995],[-75.410463,38.916418],[-75.38016999999999,38.961892999999996],[-75.3066521095097,38.9476601633284],[-75.30255199999999,38.939001999999995],[-75.30407799999999,38.91316],[-75.232029,38.844254],[-75.159022,38.790192999999995],[-75.113331,38.782998],[-75.089473,38.797198],[-75.071805,38.696497],[-75.053973,38.536273],[-75.04893899999999,38.451263],[-75.18545499999999,38.451012],[-75.3412873203482,38.4524365259555],[-75.479283,38.453697999999996],[-75.693721,38.460128],[-75.70038199999999,38.542743],[-75.701777515245,38.5607669290786],[-75.707551,38.635335],[-75.707555026429,38.6353853550599],[-75.72310269333269,38.8298265565277]]]}},{"type":"Feature","id":"31033","properties":{"fips":"31033","county_name":"Cheyenne County","state_alpha":"NE"},"geometry":{"type":"Polygon","coordinates":[[[-103.375691,41.047623],[-103.37762,41.394633],[-103.369005,41.437765999999996],[-102.636525,41.438809],[-102.609386,41.395115],[-102.610413,41.221613999999995],[-102.610213,41.048207],[-102.621033024452,41.0022232026156],[-102.65346413726901,41.002225324143595],[-103.076536,41.002252999999996],[-103.38249165189,41.001926146621],[-103.375691,41.047623]]]}},{"type":"Feature","id":"06035","properties":{"fips":"06035","county_name":"Lassen County","state_alpha":"CA"},"geometry":{"type":"Polygon","coordinates":[[[-121.331786,41.183886],[-120.501404,41.18394],[-119.999866,41.183974],[-119.999231,40.865899],[-119.997533,40.720991999999995],[-119.996155,40.32125],[-119.997124,40.126363],[-119.997634,39.956505],[-119.99993544808501,39.7224069247242],[-120.015734,39.708721],[-120.147149,39.707657999999995],[-120.110627,39.765778999999995],[-120.108761,39.93951],[-120.201264,40.013473999999995],[-120.209641,40.086008],[-120.341385,40.115243],[-120.445892,40.176854],[-120.510817,40.248945],[-120.652158,40.307656],[-120.764403,40.31601],[-120.928582,40.191931],[-121.061493,40.256417],[-121.061417,40.446535999999995],[-121.327826,40.445367],[-121.319976,40.905885999999995],[-121.331786,41.183886]]]}},{"type":"Feature","id":"19149","properties":{"fips":"19149","county_name":"Plymouth County","state_alpha":"IA"},"geometry":{"type":"Polygon","coordinates":[[[-96.62187499999999,42.779255],[-96.57793699999999,42.827645],[-96.53785099999999,42.878474999999995],[-96.54047232919329,42.908595697956],[-95.859377,42.909096999999996],[-95.859949,42.56062],[-96.48002247898,42.561324776560696],[-96.526766,42.641183999999996],[-96.591602,42.688081],[-96.624704,42.725497],[-96.62187499999999,42.779255]]]}},{"type":"Feature","id":"19157","properties":{"fips":"19157","county_name":"Poweshiek County","state_alpha":"IA"},"geometry":{"type":"Polygon","coordinates":[[[-92.765999,41.862373],[-92.298164,41.862778999999996],[-92.297494,41.509789999999995],[-92.41199499999999,41.509547999999995],[-92.756508,41.508793999999995],[-92.766759,41.601355],[-92.765999,41.862373]]]}},{"type":"Feature","id":"06105","properties":{"fips":"06105","county_name":"Trinity County","state_alpha":"CA"},"geometry":{"type":"Polygon","coordinates":[[[-123.560163,40.950257],[-123.481457,40.914957],[-123.406082,41.013791999999995],[-123.464006,41.076347999999996],[-123.40829099999999,41.179944],[-123.273402,41.122890999999996],[-123.23948,41.075762999999995],[-123.14133799999999,41.079178],[-123.055183,41.046706],[-123.03680800000001,41.004058],[-122.917529,40.99399],[-122.897411,41.028475],[-122.973382,41.112074],[-122.885921,41.205141999999995],[-122.811342,41.202450999999996],[-122.653686,41.289237],[-122.585241,41.359007999999996],[-122.50389,41.342985],[-122.522636,41.213525],[-122.49837600000001,41.182674999999996],[-122.445453,41.15793],[-122.457144,41.096610999999996],[-122.51335399999999,41.088226999999996],[-122.527753,41.014395],[-122.60736299999999,40.957747999999995],[-122.600458,40.899749],[-122.66605799999999,40.825874999999996],[-122.669839,40.773567],[-122.752023,40.689882],[-122.69879,40.569292999999995],[-122.845954,40.505181],[-122.903738,40.445071],[-122.998682,40.418141999999996],[-123.068789,40.332232999999995],[-123.065426,40.286971],[-122.97755,40.241285],[-122.989623,40.145496],[-122.934013,39.978131],[-123.544563,39.977015],[-123.54445799999999,40.001923],[-123.544059,40.739385999999996],[-123.55985,40.829584],[-123.623826,40.929421],[-123.560163,40.950257]]]}},{"type":"Feature","id":"31163","properties":{"fips":"31163","county_name":"Sherman County","state_alpha":"NE"},"geometry":{"type":"Polygon","coordinates":[[[-99.203261,41.39414],[-98.75155799999999,41.394084],[-98.74432999999999,41.394178],[-98.748526,41.04664],[-99.20756399999999,41.047003],[-99.203261,41.39414]]]}},{"type":"Feature","id":"19155","properties":{"fips":"19155","county_name":"Pottawattamie County","state_alpha":"IA"},"geometry":{"type":"Polygon","coordinates":[[[-95.9940203930119,41.5068906409415],[-95.497997,41.506074],[-95.15472199999999,41.505210999999996],[-95.155851,41.159236],[-95.384349,41.160011],[-95.8618980682094,41.1603023482127],[-95.856788,41.187098],[-95.90969,41.184398],[-95.9099128702696,41.1914208374192],[-95.911391,41.237998],[-95.890152,41.278307999999996],[-95.92568999999999,41.322196999999996],[-95.92878999999999,41.370096],[-95.9273362423201,41.3899879374596],[-95.922529,41.455766],[-95.982962,41.469778],[-95.9940203930119,41.5068906409415]]]}},{"type":"Feature","id":"10001","properties":{"fips":"10001","county_name":"Kent County","state_alpha":"DE"},"geometry":{"type":"Polygon","coordinates":[[[-75.7604414164505,39.296789621100096],[-75.714901,39.299366],[-75.65115899999999,39.291593999999996],[-75.619631,39.310058],[-75.58476499999999,39.308644],[-75.5056428576184,39.370394222582796],[-75.469324,39.330819999999996],[-75.40837599999999,39.264697999999996],[-75.39479,39.188354],[-75.407473,39.133706],[-75.396277,39.057884],[-75.34089,39.01996],[-75.3066521095097,38.9476601633284],[-75.38016999999999,38.961892999999996],[-75.410463,38.916418],[-75.48412499999999,38.904447999999995],[-75.555013,38.835649],[-75.72310269333269,38.8298265565277],[-75.7481548142541,39.143131730959695],[-75.7564352155685,39.246687537125304],[-75.7604414164505,39.296789621100096]]]}},{"type":"Feature","id":"31121","properties":{"fips":"31121","county_name":"Merrick County","state_alpha":"NE"},"geometry":{"type":"Polygon","coordinates":[[[-98.28658399999999,41.393898],[-98.275408,41.264340999999995],[-98.101546,41.264041],[-98.05313699999999,41.293123],[-97.705497,41.309134],[-97.70376499999999,41.394876],[-97.598461,41.395067999999995],[-97.598253,41.333118999999996],[-97.60436299999999,41.313851],[-97.658554,41.304862],[-97.828256,41.173438999999995],[-97.874073,41.123148],[-98.010548,41.072761],[-98.282578,40.868677],[-98.282395,41.026596999999995],[-98.287168,41.046363],[-98.28658399999999,41.393898]]]}},{"type":"Feature","id":"06001","properties":{"fips":"06001","county_name":"Alameda County","state_alpha":"CA"},"geometry":{"type":"Polygon","coordinates":[[[-122.333711,37.809796999999996],[-122.303931,37.830087],[-122.32871428740701,37.8938323463208],[-122.27108,37.905823999999996],[-122.140317,37.804701],[-122.045473,37.798125999999996],[-122.005025,37.771147],[-121.997411,37.76336],[-122.010771,37.755127],[-122.011771,37.747428],[-121.988097,37.733149],[-121.971938,37.730323999999996],[-121.96003999999999,37.718531],[-121.873542,37.739317],[-121.577005,37.811527],[-121.556997,37.816488],[-121.556959,37.743051],[-121.556655,37.542732],[-121.471925,37.481783],[-121.47264799999999,37.482169999999996],[-121.855762,37.484536999999996],[-121.925041,37.454186],[-122.059673,37.464087],[-122.081473,37.477838],[-122.11724,37.506721],[-122.12919970222401,37.5213219985908],[-122.111998,37.528850999999996],[-122.144396,37.581866],[-122.152905,37.640771],[-122.162802507492,37.667272981317694],[-122.163049,37.667933],[-122.213774,37.698695],[-122.24981,37.726406],[-122.252452,37.755129],[-122.312974,37.777243999999996],[-122.333711,37.809796999999996]]]}},{"type":"Feature","id":"06061","properties":{"fips":"06061","county_name":"Placer County","state_alpha":"CA"},"geometry":{"type":"Polygon","coordinates":[[[-121.469356,38.925992],[-121.414399,38.926214],[-121.414779,38.996452],[-121.365643,39.031743],[-121.332135,39.042021],[-121.305992,39.052943],[-121.279533,39.034617999999995],[-121.137979,39.037911],[-121.068788,39.005176999999996],[-120.98634799999999,39.102233999999996],[-120.727893,39.288081],[-120.55460000000001,39.315596],[-120.322378,39.316427],[-120.03665699999999,39.316334],[-120.004795512304,39.316475011958495],[-120.005142,39.291258],[-120.003364028833,39.1656267640688],[-120.002614842913,39.112689374095794],[-120.001975250867,39.0674958744683],[-120.143663,39.067285],[-120.184098,39.031014],[-120.435299,39.028163],[-120.470985,38.965506999999995],[-120.563747,38.913705],[-120.642458,38.944404],[-120.746395,39.010352],[-120.812295,39.000133],[-120.858903,38.952256],[-120.940281,38.962339],[-121.037502,38.915689],[-121.040511,38.915538],[-121.057993,38.847846],[-121.141595,38.711939],[-121.30883,38.722789999999996],[-121.381658,38.727796],[-121.484396,38.734598],[-121.469356,38.925992]]]}},{"type":"Feature","id":"19071","properties":{"fips":"19071","county_name":"Fremont County","state_alpha":"IA"},"geometry":{"type":"Polygon","coordinates":[[[-95.888697,40.736292],[-95.834156,40.783015999999996],[-95.8342438167144,40.7837843870431],[-95.841309,40.845604],[-95.81070899999999,40.886680999999996],[-95.8187272785699,40.8979480664065],[-95.78809299999999,40.901627],[-95.384964,40.90155],[-95.370618,40.728241],[-95.3739250533987,40.580332377941495],[-95.533182,40.582249],[-95.76564499999999,40.585208],[-95.748626,40.603355],[-95.781909,40.653272],[-95.84603399999999,40.682604999999995],[-95.888697,40.736292]]]}},{"type":"Feature","id":"31169","properties":{"fips":"31169","county_name":"Thayer County","state_alpha":"NE"},"geometry":{"type":"Polygon","coordinates":[[[-97.820816,40.350545],[-97.36868799999999,40.350392],[-97.369199035315,40.0019393057605],[-97.41583299999999,40.002001],[-97.777155,40.002167],[-97.8215008122752,40.00218688208889],[-97.820816,40.350545]]]}},{"type":"Feature","id":"19017","properties":{"fips":"19017","county_name":"Bremer County","state_alpha":"IA"},"geometry":{"type":"Polygon","coordinates":[[[-92.554211,42.907112],[-92.08156799999999,42.907013],[-92.081661,42.642056],[-92.554492,42.642314],[-92.554211,42.907112]]]}},{"type":"Feature","id":"19075","properties":{"fips":"19075","county_name":"Grundy County","state_alpha":"IA"},"geometry":{"type":"Polygon","coordinates":[[[-93.027,42.55681],[-92.5543,42.555854],[-92.534015,42.469592],[-92.53350999999999,42.297001],[-92.76809,42.296679999999995],[-92.76746299999999,42.210139999999996],[-93.001674,42.209267],[-93.00290199999999,42.470638],[-93.027,42.55681]]]}},{"type":"Feature","id":"31093","properties":{"fips":"31093","county_name":"Howard County","state_alpha":"NE"},"geometry":{"type":"Polygon","coordinates":[[[-98.74432999999999,41.394178],[-98.29141899999999,41.393893999999996],[-98.28658399999999,41.393898],[-98.287168,41.046363],[-98.721975,41.046673999999996],[-98.748526,41.04664],[-98.74432999999999,41.394178]]]}},{"type":"Feature","id":"19019","properties":{"fips":"19019","county_name":"Buchanan County","state_alpha":"IA"},"geometry":{"type":"Polygon","coordinates":[[[-92.081661,42.642056],[-91.60705899999999,42.643972999999995],[-91.596981,42.296408],[-91.83108899999999,42.299063],[-92.06476599999999,42.297259],[-92.06418699999999,42.468221],[-92.081661,42.642056]]]}},{"type":"Feature","id":"06079","properties":{"fips":"06079","county_name":"San Luis Obispo County","state_alpha":"CA"},"geometry":{"type":"Polygon","coordinates":[[[-121.347053956004,35.7951862038146],[-120.75065000000001,35.791131],[-120.213979,35.789276],[-120.194369,35.789363],[-120.19398799999999,35.614388999999996],[-120.08618,35.614397],[-120.086766,35.526432],[-119.913659,35.439262],[-119.880045,35.439133],[-119.880356,35.351124],[-119.80921000000001,35.35094],[-119.809407,35.263692999999996],[-119.666585,35.262634999999996],[-119.667304,35.174982],[-119.553819,35.180123],[-119.561752,35.087831],[-119.47255200000001,35.076668999999995],[-119.472494,34.901378],[-119.535757,34.897576],[-119.672963,34.973375],[-119.745566,34.973676],[-119.92841899999999,35.059794],[-119.980122,35.057573],[-120.082084,35.114678],[-120.167616,35.075297],[-120.188383,35.030378],[-120.334548,35.006315],[-120.301827,34.905571],[-120.435473,34.986759],[-120.496222,34.993155],[-120.65030521184,34.975166302268704],[-120.63356999999999,35.033085],[-120.629583,35.078362],[-120.635787,35.123805],[-120.675074,35.153061],[-120.714185,35.175998],[-120.756086,35.160458999999996],[-120.84667400000001,35.204429],[-120.89679,35.247876999999995],[-120.87957,35.294184],[-120.862133,35.360763],[-120.88475700000001,35.430195999999995],[-120.955863,35.453742999999996],[-121.003359,35.46071],[-121.11424,35.57172],[-121.166712,35.635399],[-121.272322,35.666711],[-121.314632,35.71331],[-121.332449,35.783106],[-121.347053956004,35.7951862038146]]]}},{"type":"Feature","id":"06023","properties":{"fips":"06023","county_name":"Humboldt County","state_alpha":"CA"},"geometry":{"type":"Polygon","coordinates":[[[-124.387023,40.504954],[-124.301355,40.659642999999996],[-124.176715,40.843618],[-124.118147,40.989263],[-124.125448,41.048504],[-124.154513,41.087159],[-124.163988,41.138675],[-124.122677,41.189726],[-124.092284,41.287695],[-124.063076,41.439578999999995],[-124.067473659422,41.464736188490896],[-123.770551,41.464193],[-123.770239,41.380776],[-123.661363,41.38209],[-123.487831,41.376934],[-123.40829099999999,41.179944],[-123.464006,41.076347999999996],[-123.406082,41.013791999999995],[-123.481457,40.914957],[-123.560163,40.950257],[-123.623826,40.929421],[-123.55985,40.829584],[-123.544059,40.739385999999996],[-123.54445799999999,40.001923],[-124.02520517453002,40.001299341669004],[-124.035904,40.013318999999996],[-124.068908,40.021307],[-124.087086,40.078441999999995],[-124.139952,40.11635],[-124.187874,40.130542],[-124.258405,40.184277],[-124.34307,40.243978999999996],[-124.363414,40.260974],[-124.353124,40.331424999999996],[-124.365357,40.374855],[-124.409591,40.438075999999995],[-124.387023,40.504954]]]}},{"type":"Feature","id":"31137","properties":{"fips":"31137","county_name":"Phelps County","state_alpha":"NE"},"geometry":{"type":"Polygon","coordinates":[[[-99.643462,40.684911],[-99.444401,40.677892],[-99.417316,40.670825],[-99.380544,40.66486],[-99.179248,40.660540999999995],[-99.179403,40.350681],[-99.630459,40.35112],[-99.642209,40.3512],[-99.643462,40.684911]]]}},{"type":"Feature","id":"19183","properties":{"fips":"19183","county_name":"Washington County","state_alpha":"IA"},"geometry":{"type":"Polygon","coordinates":[[[-91.94604299999999,41.510749],[-91.829231,41.511457],[-91.51982799999999,41.51101],[-91.483995,41.423848],[-91.485717,41.162405],[-91.716042,41.162808],[-91.945571,41.163578],[-91.94604299999999,41.510749]]]}},{"type":"Feature","id":"06065","properties":{"fips":"06065","county_name":"Riverside County","state_alpha":"CA"},"geometry":{"type":"Polygon","coordinates":[[[-117.673019,33.871038999999996],[-117.65537499999999,33.924343],[-117.610947,33.925114],[-117.558269,34.018906],[-117.375278,34.033875],[-117.371588,34.019399],[-117.22537299999999,34.018715],[-117.121293,34.003916],[-117.104737,34.004014999999995],[-116.929357,34.004914],[-116.929558,34.034113],[-116.300631,34.032544],[-115.31621200000001,34.03411],[-115.316065,34.077843],[-114.43009113852001,34.078931406279494],[-114.435504,34.042615],[-114.454807,34.010968],[-114.509568,33.957263999999995],[-114.534987,33.928498999999995],[-114.508708,33.900639999999996],[-114.505638,33.864276],[-114.520465,33.827777999999995],[-114.504863,33.760464999999996],[-114.496565,33.719155],[-114.504993,33.693022],[-114.525201,33.661583],[-114.529186,33.60665],[-114.524599,33.552231],[-114.597283,33.490653],[-114.629146518189,33.433544999999796],[-114.830833,33.430094],[-115.467506,33.426992],[-116.085165,33.425931999999996],[-116.197591,33.428892999999995],[-116.821826,33.426873],[-117.030861,33.426930999999996],[-117.089024,33.430285999999995],[-117.14157399999999,33.43261],[-117.241271,33.431993],[-117.241668,33.448927999999995],[-117.250495,33.451629],[-117.259308,33.454513],[-117.364272,33.505024999999996],[-117.509722,33.505019],[-117.51021,33.533999],[-117.457937,33.602188999999996],[-117.412987,33.659045],[-117.533999,33.710355],[-117.67505299999999,33.868725],[-117.673019,33.871038999999996]]]}},{"type":"Feature","id":"06097","properties":{"fips":"06097","county_name":"Sonoma County","state_alpha":"CA"},"geometry":{"type":"Polygon","coordinates":[[[-123.54092201163401,38.76765621603929],[-123.368394,38.80664],[-123.136253,38.809135999999995],[-123.080997,38.852438],[-122.821592,38.850139999999996],[-122.77248,38.821529999999996],[-122.627396,38.667505999999996],[-122.631832,38.569367],[-122.602659,38.557496],[-122.543893,38.519966],[-122.349564,38.193971999999995],[-122.406786,38.155632],[-122.39758123062401,38.14200359725329],[-122.48849963925902,38.1090944743082],[-122.505707,38.115525999999996],[-122.56509299999999,38.182217],[-122.7399,38.207018],[-122.91131899999999,38.321208999999996],[-123.003146477056,38.2957052387145],[-123.004122,38.297011999999995],[-123.053504,38.299385],[-123.068437,38.33521],[-123.085572,38.390525],[-123.166428,38.474947],[-123.249797,38.511044999999996],[-123.33189899999999,38.565542],[-123.34961200000001,38.596804999999996],[-123.441774,38.699743999999995],[-123.51478399999999,38.741966],[-123.54092201163401,38.76765621603929]]]}},{"type":"Feature","id":"10003","properties":{"fips":"10003","county_name":"New Castle County","state_alpha":"DE"},"geometry":{"type":"Polygon","coordinates":[[[-75.773786,39.7222],[-75.753228,39.757988999999995],[-75.71705899999999,39.792325],[-75.662846,39.821425],[-75.5943169052201,39.8345949730913],[-75.570433,39.839185],[-75.481207,39.829191],[-75.41506199999999,39.801919],[-75.459439,39.765813],[-75.47764,39.715013],[-75.509742,39.686113],[-75.535144,39.647211999999996],[-75.559446,39.629812],[-75.543965,39.596000000000004],[-75.512732,39.578],[-75.527676,39.535278],[-75.528088,39.498114],[-75.593068,39.479186],[-75.57182999999999,39.438897],[-75.521682,39.387871],[-75.5056428576184,39.370394222582796],[-75.58476499999999,39.308644],[-75.619631,39.310058],[-75.65115899999999,39.291593999999996],[-75.714901,39.299366],[-75.7604414164505,39.296789621100096],[-75.76689499999999,39.377499],[-75.76690460670919,39.3776515935512],[-75.788596,39.722198999999996],[-75.773786,39.7222]]]}},{"type":"Feature","id":"19059","properties":{"fips":"19059","county_name":"Dickinson County","state_alpha":"IA"},"geometry":{"type":"Polygon","coordinates":[[[-95.38778759402189,43.5004787289074],[-95.21493799999999,43.500885],[-94.9146134847136,43.500595872986096],[-94.91372299999999,43.255054],[-95.388078,43.255221],[-95.38778759402189,43.5004787289074]]]}},{"type":"Feature","id":"19085","properties":{"fips":"19085","county_name":"Harrison County","state_alpha":"IA"},"geometry":{"type":"Polygon","coordinates":[[[-96.1268212534654,41.8660952477016],[-95.672771,41.863147],[-95.557277,41.863448999999996],[-95.558143,41.602382999999996],[-95.497793,41.602333],[-95.497997,41.506074],[-95.9940203930119,41.5068906409415],[-96.005079,41.544004],[-96.08049299999999,41.528199],[-96.09182,41.561085999999996],[-96.118105,41.613495],[-96.11148299999999,41.668548],[-96.10793787174649,41.6765089897621],[-96.08760000000001,41.72218],[-96.064537,41.793002],[-96.107911,41.840339],[-96.1268212534654,41.8660952477016]]]}},{"type":"Feature","id":"31105","properties":{"fips":"31105","county_name":"Kimball County","state_alpha":"NE"},"geometry":{"type":"Polygon","coordinates":[[[-104.053142,41.114457],[-104.052453,41.278202],[-104.052287134121,41.3932140001934],[-103.37762,41.394633],[-103.375691,41.047623],[-103.38249165189,41.001926146621],[-103.57377400619501,41.001721799084095],[-103.574522,41.001720999999996],[-104.053249,41.001405999999996],[-104.053142,41.114457]]]}},{"type":"Feature","id":"19031","properties":{"fips":"19031","county_name":"Cedar County","state_alpha":"IA"},"geometry":{"type":"Polygon","coordinates":[[[-91.366221,41.860068999999996],[-91.365877,41.94741],[-90.898484,41.946245],[-90.89837299999999,41.771392],[-90.899853,41.597133],[-91.36644799999999,41.598372999999995],[-91.366221,41.860068999999996]]]}},{"type":"Feature","id":"31041","properties":{"fips":"31041","county_name":"Custer County","state_alpha":"NE"},"geometry":{"type":"Polygon","coordinates":[[[-100.251224,41.739816999999995],[-99.68683399999999,41.740325999999996],[-99.22183,41.740792],[-99.21201599999999,41.740612999999996],[-99.21239399999999,41.408677999999995],[-99.203261,41.39414],[-99.20756399999999,41.047003],[-99.425986,41.046471],[-100.224235,41.046597],[-100.238117,41.06102],[-100.251098,41.393298],[-100.251224,41.739816999999995]]]}},{"type":"Feature","id":"31113","properties":{"fips":"31113","county_name":"Logan County","state_alpha":"NE"},"geometry":{"type":"Polygon","coordinates":[[[-100.711409,41.739759],[-100.265474,41.739855999999996],[-100.251224,41.739816999999995],[-100.251098,41.393298],[-100.713243,41.393511],[-100.711409,41.739759]]]}},{"type":"Feature","id":"06009","properties":{"fips":"06009","county_name":"Calaveras County","state_alpha":"CA"},"geometry":{"type":"Polygon","coordinates":[[[-120.995497,38.225401999999995],[-120.892864,38.221574],[-120.810126,38.28201],[-120.63129,38.340263],[-120.614881,38.389407999999996],[-120.423215,38.473321999999996],[-120.33104,38.465191999999995],[-120.205702,38.501039],[-120.072484,38.509868999999995],[-120.072566,38.447081],[-120.01995099999999,38.433521],[-120.176177,38.374013999999995],[-120.44252900000001,38.058741],[-120.46279799999999,38.011927],[-120.534276,37.989443],[-120.514952,37.95339],[-120.653274,37.831858],[-120.92644899999999,38.077421],[-120.942113,38.096328],[-120.995497,38.225401999999995]]]}},{"type":"Feature","id":"06103","properties":{"fips":"06103","county_name":"Tehama County","state_alpha":"CA"},"geometry":{"type":"Polygon","coordinates":[[[-123.065426,40.286971],[-122.976548,40.315162],[-122.918055,40.306971999999995],[-122.872274,40.348969],[-122.740358,40.365],[-122.651341,40.328288],[-122.525677,40.387612999999995],[-122.310412,40.371064],[-122.010316,40.426558],[-121.940989,40.415330999999995],[-121.806539,40.44495],[-121.73429,40.435680999999995],[-121.497635,40.445591],[-121.470395,40.350213],[-121.342264,40.309751],[-121.36839499999999,40.21223],[-121.436886,40.151905],[-121.586407,40.100522],[-121.64603199999999,39.982527],[-121.70324099999999,39.98423],[-121.804041,39.884344],[-122.044865,39.883770999999996],[-122.046471,39.797647999999995],[-122.937654,39.798156],[-122.950077,39.907717999999996],[-122.909787,39.936385],[-122.934013,39.978131],[-122.989623,40.145496],[-122.97755,40.241285],[-123.065426,40.286971]]]}},{"type":"Feature","id":"19057","properties":{"fips":"19057","county_name":"Des Moines County","state_alpha":"IA"},"geometry":{"type":"Polygon","coordinates":[[[-91.372095,40.812630999999996],[-91.37071,41.074112],[-90.95226541648219,41.072731749670005],[-90.9518941426813,41.0698727358664],[-90.945324,41.019279],[-90.95223299999999,40.954046999999996],[-90.985462,40.912141],[-91.044653,40.868356],[-91.09299299999999,40.821079],[-91.091703,40.779708],[-91.115735,40.725168],[-91.11822293839751,40.6995346508191],[-91.208185,40.71358],[-91.409453,40.812905],[-91.372095,40.812630999999996]]]}},{"type":"Feature","id":"19173","properties":{"fips":"19173","county_name":"Taylor County","state_alpha":"IA"},"geometry":{"type":"Polygon","coordinates":[[[-94.92845899999999,40.900653],[-94.470779,40.899502],[-94.47120772712319,40.570959458357],[-94.533878,40.570738999999996],[-94.6320259176948,40.5717595874],[-94.81997799999999,40.573713999999995],[-94.9148978673616,40.5749211691113],[-94.928529,40.727399],[-94.92845899999999,40.900653]]]}},{"type":"Feature","id":"31021","properties":{"fips":"31021","county_name":"Burt County","state_alpha":"NE"},"geometry":{"type":"Polygon","coordinates":[[[-96.55486599999999,42.015875],[-96.30964499999999,42.015187],[-96.272877,42.047238],[-96.22361099999999,42.022652],[-96.132537,41.974624999999996],[-96.159098,41.910056999999995],[-96.1268212534654,41.8660952477016],[-96.107911,41.840339],[-96.064537,41.793002],[-96.08760000000001,41.72218],[-96.10793787174649,41.6765089897621],[-96.134276,41.68273],[-96.444785,41.683633],[-96.444217,41.741775],[-96.555172,41.742018],[-96.55486599999999,42.015875]]]}},{"type":"Feature","id":"31179","properties":{"fips":"31179","county_name":"Wayne County","state_alpha":"NE"},"geometry":{"type":"Polygon","coordinates":[[[-97.367724,42.351861],[-97.017789,42.351347],[-97.01773,42.264452999999996],[-96.823077,42.264292],[-96.822497,42.264292],[-96.82366999999999,42.090410999999996],[-97.019359,42.090576999999996],[-97.368404,42.090922],[-97.367724,42.351861]]]}},{"type":"Feature","id":"31109","properties":{"fips":"31109","county_name":"Lancaster County","state_alpha":"NE"},"geometry":{"type":"Polygon","coordinates":[[[-96.913493,40.697948],[-96.91104899999999,40.714102],[-96.91094,41.046116],[-96.908507,41.046091],[-96.463869,41.045083],[-96.463861,41.016069],[-96.463764,40.78396],[-96.46363199999999,40.523013],[-96.91263699999999,40.523624999999996],[-96.913493,40.697948]]]}}]}